mfcc_1_mean,mfcc_1_std,mfcc_2_mean,mfcc_2_std,mfcc_3_mean,mfcc_3_std,mfcc_4_mean,mfcc_4_std,mfcc_5_mean,mfcc_5_std,mfcc_6_mean,mfcc_6_std,mfcc_7_mean,mfcc_7_std,mfcc_8_mean,mfcc_8_std,mfcc_9_mean,mfcc_9_std,mfcc_10_mean,mfcc_10_std,mfcc_11_mean,mfcc_11_std,mfcc_12_mean,mfcc_12_std,mfcc_13_mean,mfcc_13_std,mfcc_14_mean,mfcc_14_std,mfcc_15_mean,mfcc_15_std,chroma_1_mean,chroma_2_mean,chroma_3_mean,chroma_4_mean,chroma_5_mean,chroma_6_mean,chroma_7_mean,chroma_8_mean,chroma_9_mean,chroma_10_mean,chroma_11_mean,chroma_12_mean,contrast_1_mean,contrast_2_mean,contrast_3_mean,contrast_4_mean,contrast_5_mean,contrast_6_mean,contrast_7_mean,spec_centroid_mean,spec_bandwidth_mean,spec_rolloff_mean,zcr_mean,rms_mean,tempo,genre
-223.15216,79.31999,117.18154,27.045012,-21.146364,19.67763,67.94427,16.20481,12.048739,18.635641,18.279863,16.058418,10.678172,15.47222,8.832773,10.764483,-2.213066,11.120819,11.23689,7.68891,1.5102987,7.9421663,1.0375717,8.396319,-9.584014,5.5573335,-10.161176,12.629489,-8.307792,5.9260035,0.2269892,0.17129382,0.20032729,0.23861195,0.5146772,0.5913418,0.44096854,0.5749274,0.35666165,0.2245688,0.1270651,0.16167375,24.896650219027396,18.85842716566759,22.40861730766376,24.12709315237055,22.588467191173283,21.71241820600954,32.120949343354624,1521.8102163495073,1662.4235434711234,3215.901066706731,0.0706317608173077,0.09743171,75.99954044117646,blues
-25.189308,31.012838,96.703094,12.8168955,-18.323029,11.884104,62.390507,10.861143,-10.199469,13.568426,21.793299,7.0891743,-18.551641,8.78253,15.1716585,6.5793157,-17.00033,7.4129267,13.20185,6.1791945,-11.213145,5.6139755,13.700947,5.5877566,-10.857587,6.4929886,8.187246,6.1176105,-7.5917773,6.8280215,0.39413625,0.45668676,0.31470597,0.48287922,0.23815264,0.21266644,0.22261399,0.3140935,0.3064675,0.2604489,0.5556327,0.37381732,18.92568282103865,16.21518596266385,20.47323655725056,19.78212700251949,19.767965217583427,19.25372786240765,41.71682602233517,2260.1708050379384,2248.730478750866,4821.946739783654,0.1122032752403846,0.2544885,151.99908088235293,blues
-47.892918,34.02764,98.19998,16.275066,-11.941329,17.148422,37.986893,13.847389,-2.7949202,17.363241,24.617899,10.983387,-23.612572,10.641837,20.348276,7.4780393,-25.503916,10.043208,12.329229,7.90298,-13.739609,9.874925,9.959564,6.8109336,-4.320416,9.063144,6.75672,6.017466,-3.926344,6.565222,0.3066925,0.3127469,0.31696346,0.4327065,0.35817012,0.3297038,0.31626222,0.35508975,0.2692747,0.2738844,0.46417648,0.32105693,16.45143235882338,16.164511619480955,20.451392656544844,19.57013241668576,19.72803854706356,17.949260027706053,43.12994841677404,2290.175470459564,2374.009677832904,5087.21923828125,0.1033841646634615,0.2209066,107.666015625,blues
-115.272835,41.957558,92.08137,26.025236,-9.658441,12.995252,50.049316,11.5196295,-25.6574,14.6798935,28.271654,10.941152,-23.351706,14.621336,17.693205,7.25115,-16.249441,8.060139,7.504315,7.4707856,-17.196192,7.747584,14.200406,9.5766,-11.623686,7.700227,10.011034,7.780948,-2.5537636,8.728448,0.42492437,0.2874182,0.31614432,0.28616884,0.47875765,0.4956577,0.34658372,0.33497947,0.3637494,0.5436078,0.45987004,0.41188982,23.99445127466249,14.132202893605507,19.668590174294103,19.67985754220925,20.541906760652047,20.15763571060049,41.80026174366346,2516.187884260781,2317.19603278645,5200.020094651442,0.1359525240384615,0.11316063,80.74951171875,blues
-115.177864,39.546577,92.41107,19.308256,-4.6322274,19.497187,56.282257,11.805763,-6.4925566,12.559043,41.147297,6.3700066,-6.750739,9.138726,28.732267,7.8904657,-17.766949,7.996783,15.597969,10.906595,-16.544325,7.1077642,13.377572,8.214726,-4.8219557,5.42827,4.900814,6.628793,-17.542522,5.385499,0.24908677,0.27534813,0.41438606,0.5933522,0.3330015,0.2623116,0.30957302,0.3856233,0.49554256,0.47039625,0.4757794,0.31448752,19.70004053430352,13.409662398904436,18.09755747743849,18.10066888149481,18.225859325148885,17.52163842532029,41.33053081051001,2322.961696875796,2458.1692907989463,5312.738131009615,0.0877967247596153,0.1252559,123.046875,blues
-105.116394,29.796122,102.07044,13.490708,-21.851301,13.521721,55.33756,9.616983,-33.798443,10.120263,17.78535,10.31987,-11.418949,9.785564,13.610223,9.1451645,-7.711128,11.380654,15.206874,7.096806,-12.407277,7.6394773,6.982842,6.0385337,-22.425928,6.668634,0.58516216,6.599682,-11.617073,7.414155,0.15338989,0.17811142,0.27785614,0.29650623,0.49418575,0.5852647,0.33356723,0.46998635,0.2590303,0.36367217,0.18991713,0.19553453,22.771039098614374,15.584210797402976,20.667245599788597,21.213809195911264,19.7275578173438,21.484860209614663,38.96190182112065,2162.437692340546,2102.403195749061,4480.811110276442,0.1103703425480769,0.13042304,80.74951171875,blues
-155.75745,40.40192,108.83772,19.179852,-15.360703,14.821718,51.008625,11.595912,-22.638863,10.467898,24.02548,10.043965,-12.967155,9.339425,20.938633,8.047719,-16.75283,6.8280644,5.9624023,7.5268216,-11.651985,9.150287,4.392547,6.965781,-19.56142,7.3399434,5.551908,7.746231,-7.936113,8.0515175,0.61856985,0.45075753,0.42303813,0.3614606,0.29191092,0.46014327,0.3070237,0.26919347,0.33282766,0.36069772,0.368572,0.3370943,24.99923335765448,15.300820025726823,18.16190367606587,20.575805569444444,20.923009409218512,20.899403040532093,38.74389211023856,1955.232567544602,2114.8733904826563,4348.216271033654,0.0915715144230769,0.08823659,112.34714673913044,blues
-56.423813,30.094692,127.45756,15.207988,-41.259712,12.215863,65.95664,6.618904,-0.36426815,8.709305,10.072998,10.647101,-20.76659,6.8752265,16.32565,7.5033016,-8.836575,5.7895503,14.7054405,6.4689484,-9.842105,5.0766535,11.368076,5.9702787,-19.902126,6.102119,1.8699632,5.657152,-5.577312,6.6601996,0.26653403,0.3237924,0.42633328,0.57479346,0.52304506,0.403479,0.3275408,0.45568368,0.54892313,0.33096418,0.31124485,0.35793656,22.701671864610084,14.56162131358967,17.25016695833746,17.550586778369826,17.73646372318659,18.71341979855404,39.476932398813005,1784.2269980192957,1784.0781808805823,3461.876502403846,0.0964205228365384,0.2030058,99.38401442307692,blues
-186.91434,45.85582,144.29074,29.898127,10.760314,21.269245,37.494537,15.919073,7.338914,17.124334,18.565977,17.896004,-9.757067,13.221208,17.032053,11.451223,-14.322533,10.8682375,3.7791328,11.730723,-7.4309196,11.501227,-1.1037737,9.029222,3.298301,9.120212,-6.428388,8.175172,-1.6228652,9.17516,0.45565838,0.4016596,0.36569834,0.2416356,0.26209584,0.2300006,0.33990613,0.5365852,0.21732341,0.20863543,0.26678044,0.34744596,20.227248123767787,17.00409827262957,22.60871668774515,21.63473575781069,20.639609958376138,20.87421148615713,36.53393112643924,1225.9419622731923,1664.2699774631035,2349.106820913461,0.0458984375,0.1367165,143.5546875,blues
-218.5735,40.145756,129.13322,24.766247,13.930351,24.165085,53.589535,10.592057,10.774731,7.721595,18.441128,11.983469,-6.047057,6.5320406,6.66532,7.3715463,-22.25383,8.562496,13.215237,13.553619,-7.631711,10.1167755,-2.0032692,6.7487226,-4.907373,6.191095,7.908918,6.393773,-3.3249888,4.6145444,0.12387061,0.12571144,0.12918843,0.08439895,0.10539432,0.20094223,0.1304272,0.13769345,0.21736857,0.37697855,0.8534298,0.45619464,16.611284801305388,20.4140998350274,21.480029498681688,18.071365264407216,19.09186402645064,18.9908307151967,34.52575474830992,1210.6941821651117,1779.2588691383653,2357.8857421875,0.042364032451923,0.12607548,215.33203125,blues
7.5396643,22.528435,105.74306,13.731087,-44.23292,8.495279,47.246574,8.439666,-24.077742,7.074098,25.471252,6.676769,-21.71531,8.108301,18.940683,7.993357,-13.293556,6.847091,14.485224,7.512619,-16.907755,7.323441,19.008696,6.937873,-13.852014,6.4872556,8.078018,8.136762,-12.612006,6.95533,0.6016919,0.39398223,0.7196472,0.27764988,0.3535393,0.3685666,0.32603255,0.33860165,0.220424,0.3318155,0.285353,0.46266663,21.611219711695536,13.19224819232218,17.672361508364176,19.06033434966372,20.69117655671529,19.76012078211592,43.85569227140673,2257.09112593994,2050.515915892792,4503.917893629808,0.1432053786057692,0.27826664,99.38401442307692,blues
-198.95267,42.53415,178.63107,15.575116,-32.549927,11.265047,39.757748,11.029718,24.343576,12.148456,4.480587,6.9966035,-18.406275,7.915268,0.28906402,6.177372,-10.912278,8.045477,-10.720607,6.7837963,-5.3579755,6.615073,-9.205475,6.3160257,-3.441863,6.7254586,-7.0116825,6.117241,-14.006795,6.232541,0.18743011,0.24440709,0.5051746,0.23179865,0.12844713,0.25794867,0.12294767,0.050660104,0.095069066,0.31114215,0.8413106,0.5207716,20.60702565409729,20.384778674160938,22.0587328466955,20.91557850060901,23.018026048905718,20.020192548933363,31.3234653499751,904.233310896772,1126.029044403604,1926.2278395432693,0.0424278846153846,0.14856075,95.703125,blues
-147.9667,46.141647,81.30354,15.803426,-4.7043147,25.643415,50.364334,12.688618,-29.878267,8.136467,19.144037,7.094403,-24.392723,8.882306,14.388343,5.6628704,-9.908966,11.653426,13.504134,6.682877,-18.42502,6.826407,7.817845,5.3133273,-18.974352,7.938744,4.9180794,5.2142,-13.246433,4.3840714,0.51509255,0.47016764,0.46099874,0.42473438,0.3158079,0.35643345,0.35051715,0.34248164,0.3061231,0.35211083,0.28859305,0.2597612,24.64201243009613,16.402890031233362,18.93733008230517,19.624043507778698,18.34124914666008,18.997506509315293,40.809147131218616,2597.567484719868,2439.0491985056483,5502.81005859375,0.1320462740384615,0.078029275,92.28515625,blues
-137.9604,61.842205,121.456276,32.6606,-7.004294,14.338701,52.800587,13.235344,5.809819,13.363613,19.623217,13.902983,-8.784039,12.163354,20.398647,9.644277,-16.672657,9.333619,11.880747,9.400683,-12.395801,8.352519,6.292985,11.53099,-3.278228,10.215178,0.049053866,7.827036,-9.067122,7.6976953,0.51012677,0.40658203,0.25731334,0.16375181,0.19560581,0.24836332,0.3404286,0.3746318,0.3804839,0.41092056,0.435027,0.44523805,23.264028730025345,16.245901476246065,17.818915899783825,16.41538414092121,18.275269345468548,19.608012633429137,38.536472915203575,1614.2249609789262,1949.266573795627,3477.3638446514424,0.0561072716346153,0.17025663,117.45383522727272,blues
-380.12192,42.03068,172.09027,22.655651,35.60465,8.360117,29.640783,10.988602,25.139297,9.334225,18.387033,6.493051,10.94378,5.9278903,10.7357855,6.9162436,5.1226044,5.0704994,6.4381137,5.4456472,-2.0133948,7.2771926,2.0102336,5.1022286,-2.7020524,4.8764663,-4.8371186,4.0809193,1.995906,4.816005,0.3026517,0.20095961,0.47354513,0.4799442,0.45251077,0.38228124,0.26962397,0.26596907,0.33231866,0.5257572,0.4316688,0.47907054,23.41307336424394,18.29572884056257,22.13937275883744,21.36413131175654,19.33834815147154,17.296421150872344,26.31706817783598,570.3165813465388,1112.2952449239374,878.9687875600962,0.0209322415865384,0.057311203,61.5234375,blues
-305.17044,49.779205,156.10538,23.446573,-2.9620728,14.500657,32.233036,19.751032,17.013912,17.229044,6.91164,14.898242,12.000905,10.303964,5.005242,10.565273,-13.028241,9.348988,8.973311,8.225904,-3.0684097,14.80776,-4.326846,7.013698,6.022378,6.938807,-1.4246848,11.101395,-6.0478234,6.478603,0.5375584,0.19003084,0.173665,0.17132491,0.17018867,0.20659478,0.25617355,0.27888915,0.26118702,0.3152117,0.4441859,0.69400376,24.07978809947499,19.03450450729796,20.60849676715486,17.533558313868685,18.50992904758228,21.808253144927544,29.08536905997062,909.207142581002,1391.90662250117,1827.09228515625,0.0282902644230769,0.061060525,99.38401442307692,blues
-189.48254,75.63092,150.51746,20.604294,-44.23918,30.732637,37.136192,13.084593,12.403664,9.812728,14.289928,10.79449,-2.564651,14.017118,9.214677,9.684354,-14.2683935,8.268911,0.10279101,11.974627,-0.65789056,8.534567,-3.939285,9.05553,-2.488649,6.4201293,-2.0823343,5.797802,-1.9907161,6.694451,0.16429678,0.124787085,0.22064564,0.35114488,0.4245903,0.24919756,0.10230437,0.1839999,0.22774266,0.26301965,0.43905234,0.31031555,15.84890052373106,20.887301200688515,24.04310659576858,23.326439644679795,22.701126226219788,21.399106268224106,32.15251962881185,1252.726064742936,1252.847510286563,2208.478440504808,0.0734074519230769,0.17623223,215.33203125,blues
-216.69421,42.948734,164.64366,21.957493,-5.755311,11.590801,39.205776,7.9169326,20.858631,9.396887,19.932327,9.537685,1.2432197,8.817931,13.449292,5.450434,-13.741098,6.693852,-0.815085,9.408577,-7.721668,6.0721416,2.9496067,6.0590158,-0.63135767,6.8212333,1.7907177,5.370216,-7.845715,6.15585,0.4124074,0.36895627,0.49346948,0.33749813,0.24272786,0.30780953,0.40726385,0.3990245,0.33542493,0.3490528,0.31762767,0.360973,22.676819497869545,16.781001745686957,17.234337091615732,18.13458727183483,18.908453041895005,18.245907162237582,32.140163059450856,857.5744927336385,1360.1840327032332,1730.7726111778843,0.0275315504807692,0.13386765,172.265625,blues
-47.89,31.74476,74.76214,16.680902,-17.820951,17.561592,57.703423,10.17278,-4.498849,10.696152,29.41362,9.7556305,-23.17379,11.125926,22.890617,8.18054,-10.442749,6.63789,29.327765,6.529612,-6.7944093,8.309405,8.978401,6.79877,-11.706897,7.4010158,6.203993,7.8997912,-13.947944,8.315013,0.35106233,0.2523023,0.29585347,0.30240914,0.3984841,0.728579,0.36912912,0.28746122,0.19871117,0.3687428,0.23770358,0.22113307,20.562210929267707,16.173549972099405,22.029305950593592,20.52282757128037,21.252310130259342,18.5553107727707,43.9537470882,2650.469731586712,2444.36984246522,5692.881986177885,0.1182804987980769,0.22792026,117.45383522727272,blues
-222.43983,41.713627,115.5463,14.255387,18.52026,10.614141,33.303112,11.210126,-1.5155902,11.175959,23.445477,9.367548,-17.91089,6.2868514,15.791303,7.666025,-26.935074,10.101521,-4.907136,8.673558,-19.043797,7.075088,-13.659674,5.8462477,-17.964216,7.551243,-2.1677327,6.553691,-7.532417,8.273691,0.091872185,0.3896247,0.71063995,0.4839315,0.13014753,0.054839257,0.11791868,0.19563095,0.20429644,0.46398842,0.22094536,0.06581093,36.895381323959946,23.54972508663953,27.076444455319304,24.627584157219392,23.093233130027805,21.901931787988243,39.45731679139029,1094.8685108830632,1811.579257893222,1934.3442007211536,0.0338341346153846,0.15013392,117.45383522727272,blues
-59.93881,50.027462,116.610054,17.82357,-37.419865,16.419243,66.81795,11.249086,1.6274205,8.367198,25.65106,6.7587423,-19.627773,14.051883,19.960058,6.7288556,-7.1866026,6.1405306,20.668638,6.531387,-5.621998,6.4377546,11.864481,5.9165416,-12.464276,5.4513974,3.6936228,7.9797325,-5.901279,5.1844764,0.30994338,0.41071332,0.45331186,0.46921968,0.5961081,0.47819296,0.37025023,0.42640603,0.49780098,0.5767746,0.4535143,0.32981914,21.411560807635087,13.92513318884915,17.06198813361506,16.864009348748507,17.305700833436006,17.58899122619808,40.16710117332156,1895.942037922693,1930.695693458392,3868.274301382211,0.0900540865384615,0.20612875,92.28515625,blues
-224.21233,65.49385,135.56018,32.17514,-14.859412,26.362211,62.809937,22.321491,7.4330792,17.205364,9.824938,9.876257,1.4940321,12.692745,0.9010056,9.2933445,-27.193747,9.868644,8.418102,9.58289,10.235194,12.8803215,-3.750267,8.617128,3.5686488,10.989686,8.272851,8.24208,-1.0940013,8.575379,0.3715564,0.18305637,0.10716477,0.1270565,0.26373628,0.23273695,0.19801554,0.22794087,0.37197578,0.6873149,0.41372415,0.2766476,16.306663881223805,19.922394561313094,24.109835379481467,21.39802181701456,20.464478438697483,22.21112226853075,32.349133787187064,1304.3129179388852,1512.3843558880774,2601.625037560096,0.057354266826923,0.096221544,129.19921875,blues
-322.71182,97.43647,100.83299,27.506628,12.335083,29.137794,27.645512,13.565218,-1.8471689,20.111546,19.151459,13.195548,-9.204803,15.582645,11.380875,8.91854,-17.508787,12.939543,-0.7354247,9.612661,-11.848908,7.8042774,-6.6661243,8.58335,-7.3080435,6.8342113,-5.1288743,11.864546,-9.098843,10.969043,0.24223442,0.11510931,0.07560849,0.18120384,0.38696367,0.7612037,0.37266952,0.0889602,0.09950577,0.114569746,0.05335653,0.09365318,32.56221301052681,22.68330998921196,24.29139148791877,24.055993469352103,26.05617459930768,22.977980019120604,34.54190661172725,1327.138437200275,1730.144499156459,2747.471078725961,0.0537109375,0.06727917,75.99954044117646,blues
-226.43224,63.794426,129.2669,26.303097,-4.3913546,17.684513,64.69545,11.111561,16.559315,12.8686075,22.136696,15.771748,12.844125,11.406972,13.561679,10.365098,-3.6156268,9.69058,11.12152,7.5771775,0.89595824,8.608258,1.9057596,8.799584,-10.386676,5.6336217,-6.8388815,7.468527,-1.1223915,5.271202,0.38494653,0.3163006,0.31045818,0.2627186,0.33001646,0.41706654,0.508084,0.6328903,0.44136095,0.2958719,0.26256907,0.30601618,25.79593598127206,17.24603210268722,18.422433835217426,19.23251590818813,18.58495817014089,18.90379343557452,32.47004880237601,1156.2182414226036,1641.3303339226982,2671.0282076322114,0.0349872295673076,0.1144269,80.74951171875,blues
-270.37778,91.37714,139.04823,35.68054,13.2579155,37.25184,50.248764,15.72192,14.936064,14.782617,23.621887,10.863247,4.756987,8.91836,6.4127254,10.048386,-20.27414,11.240906,14.931372,8.93258,4.921816,8.282963,3.1623096,7.765284,1.4563949,7.6675124,9.023806,7.165492,-0.5127763,7.3906183,0.16253817,0.22307798,0.2243727,0.2956641,0.40560016,0.6402817,0.6594699,0.52164465,0.4689335,0.45955387,0.2254487,0.116758205,20.314489860125168,17.376588241849575,22.1789696296387,20.05094488808267,20.14761528032098,19.877360117259943,31.66504945466518,1039.1124921469918,1485.0642165258107,1650.1059194711538,0.0464393028846153,0.101979986,99.38401442307692,blues
-236.03676,72.23755,135.49281,23.327742,-26.81888,35.696896,67.63983,13.5272875,4.914593,11.954861,16.297394,9.224621,-6.4840617,14.636757,3.0110781,9.820313,-11.947101,10.726792,0.33677784,11.131403,-1.5172367,9.429571,-4.5107603,9.76601,-4.6419277,7.9579635,13.166803,8.917147,2.8581605,6.9468894,0.32665095,0.2772738,0.23907194,0.16127583,0.15879041,0.13479726,0.17050329,0.18970239,0.34505907,0.7529583,0.38533416,0.23803118,15.933394876687071,19.056483699991087,24.17905585031157,20.61080107233029,20.280080649952858,19.896696948896555,30.1201197667883,1341.1522907109647,1595.413162681955,2889.838679387019,0.0533804086538461,0.085714474,198.76802884615384,blues
-184.29659,84.02693,128.30226,24.26371,-40.93246,16.544611,26.279747,21.104668,-16.931051,13.277224,10.392052,10.732094,-12.839739,13.801742,12.901834,9.463812,-4.992169,9.169057,1.954486,6.845434,-8.096183,8.597784,3.2998364,6.832114,-4.296392,8.870879,-1.3779118,7.8310556,-2.6749818,6.998596,0.5091471,0.115288064,0.1483987,0.34141523,0.23310952,0.29509932,0.2344176,0.3674121,0.16929272,0.099831834,0.28889373,0.3723688,14.34592990644707,15.00904070644211,21.86289954493414,24.82821090361812,20.656605856805967,17.286496774065366,35.44738876407546,1569.4900966757457,1542.5540467991298,2885.780498798077,0.0827749399038461,0.12604284,161.4990234375,blues
-69.95658,37.36098,90.04427,18.581123,-19.629671,15.349357,55.717354,10.373816,-23.895685,8.485329,37.058056,7.287807,-8.513148,7.7155867,27.016039,6.0710316,-15.367973,6.455802,19.246532,7.105211,-15.082239,5.2587557,10.115746,5.181969,-14.768326,8.424153,4.2767544,5.157172,-9.197344,4.4563193,0.5038209,0.34750542,0.4752828,0.3746109,0.3772666,0.42549044,0.4827765,0.8227641,0.5533271,0.4488483,0.45419523,0.38256058,20.37503247400277,13.433303267033631,15.756172840359577,17.71123661939953,18.2030348826789,17.74546369544491,42.866173549407,2537.338255885992,2333.3889285151245,5275.966045673077,0.1358022836538461,0.13827823,86.1328125,blues
-207.50642,69.702324,137.17389,32.068832,22.902313,23.690226,57.706707,14.927094,9.469128,14.492609,25.853577,10.522255,-2.2605727,12.886792,19.073185,12.541769,-12.467905,11.61668,5.141272,9.597702,-3.014314,10.340719,1.7693564,12.549307,-2.4697042,8.527196,0.8962414,9.923712,-6.338367,7.8824596,0.4055538,0.31414342,0.33659056,0.43226182,0.6754338,0.6085718,0.43986234,0.32774863,0.37189204,0.32937124,0.37987784,0.4810667,21.86993812158113,16.78701259221965,22.01299946673383,20.1911459348084,21.38968327705168,21.05107436845449,36.53914990602689,1108.640318942878,1654.284778703112,2333.536658653846,0.0327899639423076,0.14113045,143.5546875,blues
-192.55556,56.800327,124.9925,29.481087,9.242584,21.294806,48.698624,17.625046,10.478197,14.443091,14.41897,17.295374,-7.239756,15.268006,13.398768,9.642558,-6.4827223,10.654969,10.985057,10.064331,-9.432331,10.538674,-0.12094891,7.806224,4.8891945,9.153724,-7.5386543,10.305778,-5.1243863,9.160819,0.30994952,0.26705313,0.17019898,0.21676628,0.26142347,0.2564108,0.33120883,0.43770617,0.63396215,0.5757407,0.36155805,0.3055633,24.419238894620666,18.483282887866224,21.03878697733077,20.29220823258248,20.443014681911382,21.53512744495572,36.2786131837711,1375.1971411458787,1823.6915324045287,2910.460862379808,0.0434457632211538,0.14848873,184.5703125,blues
-215.05998,63.670265,99.98012,26.15457,3.6724734,20.182371,27.995815,11.334611,-1.6359161,15.527299,31.204481,11.071161,-14.632749,11.417122,12.906612,8.928123,-31.700365,11.13061,-0.51418495,11.278853,-24.939093,11.680252,-8.7456,7.2868395,-8.439306,8.754172,2.4856942,8.468132,-4.781718,8.895694,0.2270697,0.40816873,0.6294592,0.4628323,0.27344707,0.19646466,0.15707067,0.15590738,0.22034419,0.38319543,0.17678618,0.115518056,33.0968291945181,18.326240011750016,25.002302963750964,21.94147471978571,21.99569391407643,21.06726928636935,40.35668626180795,1786.9589706520492,2214.5409508488124,4218.934232271635,0.064501953125,0.10375488,184.5703125,blues
-206.16324,40.851166,122.91314,28.410236,-0.28956106,27.356628,49.050518,10.807166,0.6488968,8.914955,18.950592,13.524624,2.489306,8.876203,7.3687143,10.422616,-26.42682,10.258534,10.254067,9.411111,-11.228924,8.328985,-4.6996045,6.881138,-7.2424293,7.7003317,7.436565,8.762925,2.7508802,9.564696,0.07645764,0.046985723,0.12957421,0.18642305,0.1777252,0.21098568,0.128256,0.16908887,0.43383905,0.4331125,0.65513235,0.3498726,17.451635728465618,16.829005197892936,22.748964262968684,20.32629281098548,20.76503748345269,20.64853329915069,34.36822568840492,1420.565242452374,1780.35132669227,2910.378042367789,0.0657752403846153,0.1142275,215.33203125,blues
-144.65463,39.464878,86.978096,27.3969,-22.051558,22.4819,50.39761,16.774302,-36.37241,17.511703,35.043358,11.736299,-16.388823,15.737633,15.24808,9.936178,-8.380926,8.060259,5.1200795,10.010946,-9.125798,7.1245584,6.777357,11.645596,-26.786207,8.712713,-2.1790314,8.555216,-9.177538,8.286943,0.41397515,0.30213788,0.18691185,0.20232615,0.22828415,0.4067419,0.3022552,0.37490222,0.46273893,0.28998825,0.21919475,0.20945607,23.958085709574767,15.23091427269376,20.26734886868182,22.394399971679245,22.531263312646388,22.521347713634707,39.24101838147905,2499.4738704467118,2126.896362052153,4903.524451622596,0.1435434194711538,0.114111856,112.34714673913044,blues
-320.81522,52.337532,123.330605,32.643166,39.911915,18.449873,52.250267,17.870777,3.0447946,7.7182946,38.322807,7.381478,-5.4546113,6.446691,17.377424,6.3529396,-15.234844,7.8532233,7.2159657,8.089209,-12.283425,8.211019,2.0185456,6.6517143,-6.145534,5.948412,-0.47410265,9.657785,-8.467777,7.512403,0.43313676,0.2722165,0.24849592,0.40983588,0.25995383,0.09770678,0.06558291,0.11186607,0.23854998,0.34155402,0.49767557,0.3870485,27.845572650128137,19.735769349756254,22.78199685882232,20.41438660766015,18.333219998981328,18.45783013484201,34.09785696113714,1106.4184691739192,1825.4594984662365,2260.986328125,0.0253267728365384,0.061245315,60.09265988372093,blues
-393.83725,93.291664,103.9056,25.910955,24.392632,30.007645,23.251245,13.1528015,7.5252028,18.184774,17.629902,17.650938,0.07541063,9.804415,11.599989,16.659504,-2.1676688,10.336,-1.8632296,8.167214,-9.860247,9.96531,-9.627465,9.34874,-6.391684,10.016295,-5.5124493,10.384602,-6.2854176,9.447168,0.23694995,0.11046066,0.07432685,0.17293349,0.31423223,0.65115476,0.34811038,0.17148739,0.16149947,0.16745253,0.23606047,0.17050304,31.983009206462995,20.74196714881485,24.661353453351808,22.32511264483989,22.99788863135143,20.074911221930808,29.429527185080048,1037.522117668912,1556.7872614317764,1908.255896935096,0.039532001201923,0.046796184,129.19921875,blues
-252.84679,59.83549,153.725,16.103565,5.7737284,26.603481,51.776096,14.282453,9.145837,12.695189,7.1325083,8.002532,1.0750967,5.157525,-1.0154326,11.432809,-18.611961,7.820929,5.892258,7.0382795,-5.1621094,14.371047,0.8113709,6.153024,-1.6067353,6.7371836,1.5829831,7.060998,2.798043,8.246622,0.17312919,0.115957595,0.06403452,0.14647269,0.2707752,0.13788398,0.13718453,0.25770867,0.47756633,0.7148991,0.3367738,0.1994579,16.139124501457076,19.669472987055578,23.136606774133256,17.973621838572218,18.665497670316277,20.96835699852092,30.788054956577703,955.236636682844,1397.292931053715,1775.4954176682693,0.0400841346153846,0.10156027,129.19921875,blues
-112.995865,38.900463,89.85688,15.467128,-7.1445518,13.350967,50.16775,12.494002,-34.8522,10.347609,17.673803,8.056099,-19.650291,7.9778013,14.661759,6.604189,-11.842851,7.719314,16.058998,8.565147,-13.617081,8.043577,11.454991,5.702345,-20.6295,4.831965,1.6592124,8.275554,-11.054509,7.547724,0.43811527,0.28185847,0.16659158,0.18903928,0.26282376,0.8093754,0.42028317,0.2386139,0.23875903,0.40756363,0.25146532,0.20012718,21.663462175727727,14.578092680821458,19.386372223011165,18.88395303368925,18.932509971337936,20.169232499466062,40.33460254866127,2524.155215261727,2383.372348385128,5318.866811899038,0.1327561598557692,0.09830451,161.4990234375,blues
-91.548256,55.16559,120.50536,20.390358,-48.6574,17.223782,60.224133,14.070912,-3.3666258,10.756858,17.89582,10.828605,-5.479296,9.213058,9.543955,12.477562,-19.755941,10.481715,16.518581,8.14316,-0.63580674,8.392143,7.9301934,8.284412,-9.860802,8.666632,-0.12650457,7.7330604,-8.88276,7.7627935,0.31536478,0.4526792,0.47727016,0.39716405,0.20722346,0.3601935,0.6507961,0.3502041,0.36547348,0.3530517,0.34480548,0.2849259,21.308321099789108,16.980574976819796,19.654882256498677,19.93900132345953,18.853832171108134,22.593252480090605,38.07428238181857,1899.840832703887,1754.4248676661748,3658.7396709735576,0.1153921274038461,0.1733943,103.359375,blues
-151.97142,50.520554,103.45464,33.296535,-2.9311152,19.529007,55.465195,20.248968,-3.856957,20.790274,29.85885,10.240323,-10.200293,15.973541,22.425098,9.078561,-16.1532,13.743487,3.5935934,10.092142,-10.302079,9.815466,1.0793753,10.265231,-6.5765147,8.2808695,8.387982,9.539707,0.093221545,8.551066,0.22980487,0.315387,0.25133926,0.2935561,0.39041016,0.41879618,0.47795528,0.38149425,0.4482044,0.35545787,0.29616606,0.23347414,22.03948278015815,18.447081414005936,22.257078817022965,21.03923120397315,20.474849329827368,19.67015817874876,40.09151721770656,1885.7394860398276,2109.096688243796,4153.506422776442,0.0721567007211538,0.13638127,71.77734375,blues
-169.51671,64.40159,158.03683,27.059341,-37.095795,17.090628,32.760975,11.064172,-29.073145,11.608733,10.011556,10.068071,-28.640137,7.618887,4.816227,6.6019483,-14.151528,7.9199147,0.003209745,7.715941,-16.50257,5.476807,2.033993,6.047092,-14.338004,9.969211,-6.0791373,4.878325,-4.4942675,4.700508,0.2270406,0.2958485,0.7939268,0.30171773,0.100701965,0.32224885,0.31457222,0.36115128,0.16462566,0.25436947,0.23925082,0.39426005,17.271640403432944,18.056362291344787,20.94268669353528,20.925562628739847,21.15902175390996,20.009883936268498,35.74420012865124,1362.4931955585175,1494.28215527039,2594.7509765625,0.064824969951923,0.09845079,172.265625,blues
-380.20312,64.92533,105.18274,27.287163,8.29454,16.562338,38.3206,10.821431,8.502986,11.0419855,30.455433,8.619386,-14.728195,6.992424,14.524668,5.7464356,-12.4484415,7.783701,2.5752418,9.978174,-13.636891,8.669733,-5.332718,8.007195,-18.842064,8.810688,-6.54238,6.7744575,-10.6288805,5.722701,0.68527573,0.35264432,0.14956498,0.07706726,0.07440643,0.13234015,0.31241432,0.72668266,0.35097134,0.115585774,0.1810711,0.37487155,36.55074714567121,26.510696199902025,21.27522719460715,20.641751664294176,21.72091284664504,19.477478147789668,31.39541444141744,1404.2610729522958,1972.6521634714877,3229.566368689904,0.0367638221153846,0.03623933,95.703125,blues
-199.70757,65.018,104.36773,32.761494,-5.9539504,17.604494,55.386467,27.648188,-30.471786,20.706213,24.705038,12.860834,-19.377666,15.241072,11.402056,8.376847,-16.022612,9.9463625,2.8945153,10.215656,-14.72619,9.584083,2.4627788,8.772122,3.397241,7.9511304,-1.4976959,12.313269,6.8613935,10.374868,0.29534963,0.23970783,0.37901622,0.13093132,0.110668235,0.2141882,0.29211396,0.3933491,0.2889385,0.30279148,0.36643115,0.3856623,15.70251683184934,18.76707597575762,21.977467019455126,19.184319682126176,17.907815166452718,18.07290668178433,38.89429140533521,2118.805495165176,2108.07502352629,4555.597581129808,0.0965970552884615,0.083841376,151.99908088235293,blues
-199.82759,40.590073,125.18415,21.925291,22.413153,9.223876,24.522734,12.615452,-1.2498597,10.181344,22.020708,7.016097,-28.635412,15.823743,7.9051147,11.351482,-28.061657,6.9644003,-4.968555,11.633042,-27.423738,10.935207,-18.25589,8.115692,-14.174954,7.1040545,0.44813433,7.874521,-8.654395,6.318972,0.09565919,0.06035691,0.1715165,0.103175394,0.06662131,0.061377276,0.25289494,0.6232171,0.45535764,0.65492904,0.38085002,0.36827388,32.97464434604448,24.30451060330392,27.461573075338443,22.110072687313497,22.86428782895405,21.216236478376413,40.3222345488534,1194.4537269233715,1879.1685969320893,2462.735877403846,0.0398475060096153,0.17740716,89.10290948275862,blues
-115.28125,48.129353,124.935455,27.801043,-8.934308,14.863438,54.836876,11.087607,7.9387846,11.013992,22.135735,12.276129,-10.454896,11.486727,20.474386,9.742882,-12.990788,7.5748105,15.3835335,9.884245,-11.0029125,7.0818415,10.214444,8.807151,-2.5593846,7.1483617,1.7488232,6.8888226,-5.6774106,6.953042,0.52840835,0.48891467,0.45817062,0.32105199,0.27411285,0.28376764,0.34031218,0.34173566,0.3091989,0.30563328,0.31964427,0.4612654,24.03525316465478,15.675248439703136,18.26460239840875,16.50838511160207,18.535128715033206,19.63697835975305,38.61853194293791,1526.7580199975914,1928.841553089616,3313.214580829327,0.0505972055288461,0.20273739,117.45383522727272,blues
-245.21338,53.52274,116.5539,21.288599,8.408179,13.135779,24.566793,11.957502,-3.4436982,10.445992,23.39609,9.48843,-8.642055,11.171023,13.406363,7.170685,-22.309849,8.311108,2.8361008,11.486928,-21.428234,11.721659,1.3893286,6.994105,-3.8225248,6.282735,-4.1806183,7.830471,-11.359751,8.159343,0.2165382,0.42356578,0.5638545,0.5170855,0.29785326,0.20740774,0.16395704,0.17689194,0.1889395,0.27837458,0.14810604,0.08123746,34.11641281441506,22.836496785552303,24.87340186845778,22.943812993412024,22.39451858443289,21.37485141949741,38.0023737838783,1291.897251908702,1907.9964014126851,2755.090519831731,0.0404259314903846,0.10538857,184.5703125,blues
-238.35983,58.768066,126.89916,23.708529,-26.951145,34.964527,82.42475,18.401146,1.5703838,11.372603,17.73394,11.3476305,-7.7844768,11.880933,5.586504,9.457144,-10.386453,7.2996054,-5.9724116,6.3274236,-8.884086,7.0983706,-3.2597318,5.9359,-3.5473256,7.186714,1.1863277,5.4331975,-2.98798,9.774616,0.5364531,0.14396241,0.1680773,0.1008358,0.3024228,0.21218354,0.16357768,0.20917235,0.18145797,0.17762539,0.37349796,0.8031002,19.50620729674613,18.955214230789224,24.249444585694192,20.79704007370167,22.628747194673263,22.67253922121046,30.927014272501303,1474.936197639876,1491.4943800524532,2673.512807992789,0.0857196514423077,0.10225611,198.76802884615384,blues
-345.31287,93.01508,126.33205,31.716888,32.53237,34.473118,51.922977,15.484098,30.315525,14.023817,30.799736,13.679559,5.872615,14.225597,9.654278,9.159251,-2.6702077,10.620275,7.4893217,11.215078,0.3836576,7.3809605,-0.24310806,7.3988447,2.4881504,7.758728,-0.5626797,6.228289,3.0470858,7.4066763,0.583394,0.37724322,0.36073902,0.4077715,0.5713555,0.58555204,0.49392566,0.38213858,0.35227856,0.42799953,0.5342788,0.6233265,21.286872691542243,15.67723873980782,19.638073551875607,16.699303135558758,16.769491367404836,17.53103751030149,29.830781847201383,945.092822491596,1524.7098571392282,1646.4618389423076,0.0288423978365384,0.06171888,287.109375,blues
-58.86952,35.318977,101.92307,12.950431,-41.388367,12.4121895,69.79257,8.296552,-2.9836872,8.7336235,24.700117,9.876033,-9.316689,6.9756455,15.7843485,8.642851,-18.899252,5.536695,20.21031,5.2889757,-9.175765,5.369301,9.972541,5.6211615,-16.813236,5.14513,1.1631889,6.485097,-6.718661,4.98361,0.41446805,0.4063972,0.3825983,0.364431,0.570586,0.44518778,0.5192059,0.44570285,0.3888493,0.5284498,0.39829507,0.3743474,19.1294685524037,14.269351677627,16.321474145531862,18.07550589157542,19.49370455976369,19.869431363535725,41.14988339068413,2201.075134142464,1984.9647097206328,4207.5050706129805,0.1369140625,0.17547384,151.99908088235293,blues
-122.55218,38.23698,95.557434,12.121649,4.730833,17.85025,50.672665,8.456938,-8.917778,6.635157,46.556915,7.9834642,-11.7092705,9.47303,32.239563,6.0687776,-15.949467,4.3096566,11.725372,9.281851,-26.502693,5.684765,3.9717345,5.7883325,-9.638003,4.513243,4.610084,5.5473957,-14.883026,5.4704237,0.52112937,0.2986685,0.2703651,0.33303702,0.30305415,0.32037374,0.57735926,0.5175138,0.51035213,0.50104994,0.42894176,0.6054772,19.18722129486439,13.992769172568035,16.887053078869645,15.702562170023496,16.730567580862452,15.364246515792496,42.19856305841482,2248.7068512834558,2543.1960787385983,5609.896334134615,0.0796875,0.11915452,129.19921875,blues
-25.625214,31.093397,98.36409,13.652608,-23.472916,13.935985,48.304207,8.1110735,-16.951448,7.9667706,29.364676,7.72679,-19.85874,6.898768,25.679354,6.8661165,-13.194345,8.611905,13.560464,6.653766,-10.022003,6.6371226,11.409096,5.8736095,-11.514909,7.821325,7.416105,6.817078,-8.762614,8.070071,0.63634735,0.32391354,0.36355013,0.3130662,0.3510902,0.5701189,0.35653353,0.34791547,0.3837437,0.43789014,0.38376927,0.3932786,21.8592691759344,11.893641200467837,15.725303869941172,18.082726156567748,19.44329007010433,16.35909816097955,42.95529602094109,2314.794953755333,2268.623664180898,5044.566932091346,0.1160043569711538,0.24564017,172.265625,blues
-478.96844,30.04694,160.17184,12.65706,-11.805858,9.823802,35.174362,7.221075,-5.6976824,6.0613327,11.910999,5.4658427,-4.73193,7.586666,17.260597,9.565107,-8.011138,6.9109883,-2.689848,7.5874395,-22.87672,10.484291,-0.37288395,7.827778,0.59485847,6.1012473,4.323026,7.2511454,-0.39164275,5.2212787,0.30481067,0.2970612,0.87489927,0.31057316,0.018371424,0.008165343,0.049296398,0.13257642,0.070273444,0.15903682,0.09726973,0.22386083,18.03009677942841,24.13353031835421,23.216781954332347,24.28557719343241,21.95245745471023,20.84287366129873,23.838551644728696,1052.141762011358,1455.381317485407,1996.459209735577,0.04384765625,0.007871062,99.38401442307692,classical
-324.25668,46.199318,142.18939,14.997947,-32.77743,20.035303,13.745741,9.635437,-14.048404,8.44773,23.508017,9.253063,-4.0438633,10.456515,10.431676,8.799689,-15.314782,6.5095935,3.2623205,11.389942,-6.907503,8.403616,5.1894436,7.1155744,1.287992,13.995782,8.996365,8.543052,3.2532573,13.283699,0.11899116,0.27194595,0.5280432,0.18198183,0.2476816,0.12501153,0.32582718,0.18629424,0.092953816,0.23189187,0.13601084,0.40683824,15.657001860102524,15.96789729582401,22.19254068177376,25.232272156169596,24.00084891191797,22.56001614812365,30.876017147901543,1411.7544259320052,1514.6750857010502,2390.185546875,0.09267578125,0.02348981,92.28515625,classical
-270.13016,49.011787,138.9387,9.818159,-25.875818,11.400079,50.643272,8.577989,-10.528367,6.6061163,15.7423115,5.9084244,-18.342058,7.0946693,10.133946,4.7445445,-18.037954,5.525062,2.894496,6.742974,-13.383407,6.116075,10.348635,9.413013,4.2814584,6.5788865,12.958622,6.83923,3.1525307,10.189831,0.79582566,0.19967985,0.2645954,0.266446,0.12264083,0.223868,0.20260975,0.37486175,0.17129947,0.10165954,0.12780757,0.28877786,17.942610578886583,18.874352193703,25.74837907661808,22.80850271433405,24.56551237921327,24.457754014764586,33.55619086749642,1459.3837330422757,1665.8101537072748,2963.631310096154,0.0784743088942307,0.034851555,63.02400914634146,classical
-78.69599,44.6709,116.78812,22.947691,-50.246193,21.045992,23.600647,14.736874,11.467064,11.086244,-11.087433,8.116914,-12.620243,9.789582,4.6478744,10.600763,-29.13724,8.355324,1.5526489,7.104971,7.5582666,5.0660834,-1.6805068,8.501582,-15.074123,4.9920664,-2.7079852,4.904264,-0.21696402,5.782645,0.13295855,0.29508075,0.82430226,0.47171223,0.24328928,0.3459768,0.51448226,0.6475905,0.35753655,0.3309739,0.18872741,0.24870855,14.48995275648494,15.423828003682958,18.70889710795038,18.69413003719376,17.770462035135004,20.699920034819797,19.22943778328484,2020.5377688991623,1816.9088702972656,3501.5472881610576,0.1324631911057692,0.14137644,99.38401442307692,classical
-123.632996,54.54686,141.03772,30.115435,-55.3675,10.73999,17.742031,5.146048,-15.259573,12.196359,2.2170513,5.602778,-14.252943,7.181037,-6.333819,5.520041,-12.087305,6.733364,0.50006783,6.31006,-4.4426026,9.584332,1.143311,9.706551,-3.383368,5.9293547,-4.730147,6.0856,-4.323364,8.717261,0.2008123,0.2247728,0.58398545,0.14557457,0.34896067,0.3942604,0.18635856,0.27166337,0.16176711,0.40834367,0.36577368,0.16138467,14.183396148946056,17.69124353071582,21.264669416922228,21.904640407397192,23.24570956450318,22.20215056873006,20.365332339903272,1591.6330219512752,1521.3262432559832,2848.3458533653848,0.0996056189903846,0.12755704,107.666015625,classical
-538.68243,14.003036,194.6119,8.0676565,30.619665,5.427363,23.766008,8.183786,3.6343708,4.2806497,3.746793,5.143776,-4.4231167,4.33365,-8.228419,3.4946728,1.227022,6.346647,3.7420082,7.0190754,3.4367583,6.1368384,4.484522,3.564346,8.953928,3.9203248,9.712602,3.950442,4.154168,3.4600213,0.14492117,0.27533013,0.39484558,0.4570519,0.62827533,0.22609244,0.38518032,0.273315,0.06764394,0.1334838,0.7570447,0.5146049,16.678561968745704,18.79100938812832,25.44151776531944,20.38763213772064,17.59142677223648,14.88588906873049,13.682996781471294,625.2401385957734,1181.1100367528588,760.8674504206731,0.030547626201923,0.0063949795,151.99908088235293,classical
-283.71484,57.591473,127.5975,21.585684,-54.585743,12.647742,29.099415,12.576218,-13.791784,12.846042,-15.741993,5.568407,-37.845734,9.769389,-14.863066,6.15245,-16.250698,6.8100266,-5.3578196,4.6982617,-16.807951,8.530075,-2.9093664,13.245474,5.665261,17.544258,4.9319158,10.383302,9.39846,7.2617064,0.5477241,0.26976457,0.4636239,0.15174814,0.36885905,0.36542857,0.2337449,0.4201052,0.16272615,0.27078792,0.22999068,0.31669137,15.978299427820422,24.278164725361272,26.28031061461144,27.144158159977646,26.06281037948605,24.04006515669789,31.021176702437312,1451.1749630860484,1413.0573486429575,2654.464205228365,0.0865985576923076,0.040856257,258.3984375,classical
-223.50543,24.43766,116.92225,13.885868,-23.588682,6.290164,57.505493,7.219152,-0.8255865,6.4366627,12.494991,5.651098,-10.669296,4.3059,5.888439,4.898584,-17.562008,5.22911,15.365238,7.852634,10.73012,6.0109205,20.407566,8.33509,-11.002481,7.315466,-16.550137,5.1065025,-13.932355,5.414032,0.20260614,0.0666238,0.06654329,0.346029,0.7134394,0.32033092,0.4152126,0.16229565,0.04233479,0.021589873,0.17051987,0.5668904,17.530714673323697,20.44355162709516,23.65118475320904,24.9117608092126,26.208353907038216,25.721218221821957,35.77005197009294,1645.6541646592989,1746.7861675696397,3289.362417367789,0.0863318810096153,0.065775216,75.99954044117646,classical
-304.18835,48.36913,105.776535,15.506477,-65.31164,13.914528,33.933556,5.358719,-25.026672,5.957778,2.7004619,4.856486,-28.461823,7.5038667,2.1588855,5.6487193,-17.485312,6.4972067,5.5264635,4.8253736,-14.091371,7.122289,10.707255,11.607826,13.657263,9.103733,17.11396,4.8514996,-1.2604438,6.150151,0.6322028,0.1292616,0.16638626,0.12922974,0.4386306,0.22812414,0.17079163,0.33337367,0.22624198,0.14108086,0.42358217,0.46703193,17.060264949584067,20.37231388092728,25.44411883281217,27.279538777211155,27.358492719246115,26.771669288474065,33.211992925567586,1923.921814205888,1627.5054589134056,3414.834735576923,0.1345365084134615,0.024538891,172.265625,classical
-266.1952,13.547721,150.12277,8.682745,-27.278015,11.050322,41.23939,7.14979,-21.53415,6.705817,9.6666355,4.371208,-18.822115,6.7307267,6.360528,6.3724685,-16.709988,5.7377586,8.052694,6.8900986,-11.4575205,4.472268,4.8314624,4.0246634,-6.008539,5.034983,-3.0723038,6.7815123,-11.3776245,7.859893,0.57101476,0.18157326,0.119050615,0.24981408,0.30715638,0.3302123,0.2481857,0.3854142,0.1479669,0.30139706,0.5028189,0.34066936,20.11186571830444,20.90636571763262,22.9261464088502,25.127838198619617,23.737374626725803,23.666461941266963,32.43002894600648,1288.3177000301057,1568.2610070126425,2684.610689603365,0.058184344951923,0.039130066,107.666015625,classical
-295.92435,45.06494,139.33894,26.919394,-19.800112,21.035559,31.571537,9.494909,-5.4780912,4.8276796,-0.6853256,7.9002204,-9.278858,6.470571,-8.348754,5.255096,-8.4186,7.3141613,-6.0900593,8.1010275,-4.7512145,6.7629633,-1.1060224,7.534461,2.4486513,6.3581448,-3.9078603,6.465001,-0.8969018,6.777767,0.3676216,0.23590012,0.46020296,0.14571917,0.18944329,0.4870629,0.18326187,0.117420934,0.18589142,0.43543297,0.27399477,0.21486038,26.287863686170365,16.45885936660517,19.74614759805309,22.883515945812334,23.079883186458165,22.77700775467948,19.316177639400323,1522.0044455563932,1698.3539338004205,2870.3759765625,0.0887620192307692,0.024784982,78.30255681818181,classical
-222.83723,33.284485,177.60933,13.191196,-38.64725,6.2012854,32.35833,6.3310328,-15.146412,7.8204026,6.1649084,5.331423,-16.590782,5.7694726,6.0014534,6.0780044,-17.376114,5.331787,1.4569741,5.831894,-13.036897,5.965122,6.343414,5.147048,-0.92048514,5.9071174,5.6115994,4.1242433,-4.198081,6.941782,0.43594646,0.45131272,0.5051171,0.33843073,0.11946074,0.09863242,0.13272147,0.16468136,0.16524841,0.19124281,0.34325826,0.40188557,22.09492354853177,17.23358664065521,19.104206552326385,21.34080455179312,20.72320561710297,22.440653337675087,32.12444572402051,1155.7741148667535,1314.9346211340342,2138.909630408654,0.0637920673076923,0.05931033,151.99908088235293,classical
-230.01445,29.763054,179.25171,19.098185,-36.90102,8.1792555,25.27841,5.561454,-8.240145,6.088147,0.7640679,8.594836,-12.050456,4.746828,-2.233953,7.1610384,-14.631421,7.3596888,-3.3624349,5.687022,-10.233941,4.7873588,0.50147563,7.76865,-4.3831778,6.5877953,-0.18421337,6.566535,-1.7591622,4.814123,0.18039855,0.1675521,0.366836,0.12850653,0.05671084,0.05875129,0.21940088,0.45840544,0.27311394,0.56116647,0.23759669,0.10289271,21.240609652616875,17.26994422618496,22.042981645914537,21.27305975776039,20.306316609401488,21.3351291817848,30.41498465967697,1088.9051307082054,1219.350848214712,1963.414024939904,0.0572791466346153,0.07143785,135.99917763157896,classical
-98.393715,51.653954,142.24026,32.263443,-30.677795,10.697478,26.025818,7.2609143,3.5013058,7.778503,10.48797,3.7642963,-1.1247392,4.154674,2.388499,4.7358418,-1.2092322,5.658159,6.0825667,4.0727773,-2.1313047,4.9879236,3.8539584,3.7531106,-3.7074819,3.6314259,-3.4370399,4.010142,-1.3629308,4.0930567,0.54654056,0.42814812,0.57000685,0.46597183,0.52154446,0.45535278,0.55111694,0.5335312,0.39191964,0.4042403,0.50840986,0.71271473,17.819366301140118,12.904148116658932,15.201703822934062,15.445895623797714,17.497721966492715,18.675871690063097,17.78144641963228,1556.3524020050693,1765.9992239164287,3093.327448918269,0.0782189002403846,0.12110394,135.99917763157896,classical
-267.1116,36.058395,156.32419,12.676421,-27.29242,8.368076,49.255394,9.4866085,-14.120075,7.988468,10.942075,5.329597,-11.115608,6.023229,7.141032,4.884009,-7.7954082,9.82536,4.288745,4.722305,-11.441787,8.239311,0.8896251,5.891356,-3.8992264,7.8420496,1.453928,7.2714067,1.9708182,5.3502774,0.18347567,0.12417506,0.21676698,0.14809255,0.1273576,0.3872916,0.15514655,0.11477654,0.21317801,0.38727042,0.9158397,0.25736585,18.63772902095387,19.455407621821134,22.77235805635255,24.058406626590987,21.72638835223793,22.499810723227043,30.941110480718784,1213.5782259466932,1453.1064082266992,2450.478515625,0.0610201322115384,0.041708488,107.666015625,classical
-267.88498,20.196217,119.136795,10.605772,-38.440784,11.14162,33.37712,7.202562,-20.20371,5.808104,9.992987,5.479595,-17.630451,6.816,12.152817,10.922745,-2.0773013,10.396217,14.621045,8.1814,-29.256641,7.4331617,-13.114167,11.856885,-9.15029,7.4256406,9.221066,10.413464,-5.0930953,6.8280616,0.2148611,0.112027355,0.22009723,0.0981488,0.20902611,0.07300599,0.09089373,0.25816098,0.11061544,0.37101394,0.6888935,0.21169686,14.522585333548616,17.06521634716071,22.521222988592907,28.450198883339198,27.58367826863616,26.536010488125186,34.68943093445196,1718.6875601366653,1640.404127686527,3257.7251727764424,0.109326171875,0.039405406,161.4990234375,classical
-521.2387,28.533766,154.2828,22.29519,74.09501,8.8282585,20.95553,16.115482,0.5092083,9.515837,0.97848815,5.9011197,-0.7237573,6.7822356,-1.6512146,4.892509,-1.5880414,3.9159272,-2.0175805,6.0788364,-1.0250913,8.094111,-0.59552586,5.6625795,-3.6327636,4.2511835,-7.8014836,5.781187,-8.20972,6.566415,0.27565542,0.20503302,0.31638792,0.2247798,0.2620603,0.5372967,0.22583164,0.19407871,0.27430317,0.31965345,0.6703104,0.3993161,17.484819778344704,19.125171983349613,24.12200500405998,23.04314618123364,16.732302270613772,13.261906804728254,13.414705134740124,869.917275431357,1856.9238295691127,800.3725961538462,0.0299692007211538,0.0076583945,89.10290948275862,classical
-247.14294,24.063236,123.28278,19.789686,-55.57473,15.406054,36.218594,10.715036,-12.087875,8.477762,2.637045,7.2046347,-21.494719,7.932488,3.9555242,8.013487,-11.497164,7.765939,10.040263,8.8481045,-8.186454,8.714126,7.497498,10.825182,-5.3142977,11.172219,-11.387102,7.3809695,-11.803786,9.543299,0.13778676,0.49470055,0.16879267,0.2936443,0.54042226,0.21932837,0.32383773,0.19778682,0.5572932,0.24257542,0.17792068,0.18802552,16.917815368263668,16.47157000587264,19.79541945629327,23.04384390983632,26.51534414106056,27.054727348323254,34.61395092624568,1818.513919256918,1566.1515145386377,3214.244666466346,0.1343186598557692,0.04032742,151.99908088235293,classical
-406.36185,10.638191,198.59209,9.491937,-11.941504,6.8117623,33.321205,4.4943366,2.2215338,6.621914,9.294823,5.6905937,-10.374386,4.1802487,3.7910368,5.0942445,-10.160843,5.688088,2.7410483,5.29443,-12.92584,4.191993,1.3380916,3.7902718,-6.2196093,5.1384354,-2.3720403,5.1452446,0.52000564,4.6869593,0.5519174,0.24191941,0.042211335,0.0555425,0.20567648,0.20674372,0.1366717,0.28337675,0.32368156,0.74845433,0.2584969,0.21473591,20.314905856119424,19.94499323432612,25.271157904109465,23.546085931361525,21.834492545417007,19.0385388384044,22.85684667468383,742.7289900397784,1064.771754662284,1209.834735576923,0.0363318810096153,0.017765727,80.74951171875,classical
-569.79016,4.968485,176.03452,4.1482353,34.181316,4.1053004,35.150772,4.612936,4.9109764,6.4146023,-0.006719736,7.1604156,-5.438762,4.6728945,-10.266061,3.5134096,-0.88736266,4.6266966,3.321644,5.301621,4.5065074,3.8867593,2.5998642,3.441562,3.381342,2.839839,5.457696,2.7359955,4.796908,2.9530907,0.17764936,0.21212795,0.19229908,0.22022514,0.40206105,0.24001428,0.48504856,0.42886263,0.13882037,0.1509149,0.7337595,0.54001313,14.183873497108106,17.84781101815248,24.82147617820973,18.66405198672182,15.63110368366014,15.450877927840088,13.763380414580867,717.3117389229695,1393.6063416461618,797.4738957331731,0.0317495492788461,0.003622136,112.34714673913044,classical
-259.51297,84.07242,142.45183,12.957677,-23.268837,7.9964375,41.331554,12.398101,-4.036437,12.421127,10.032546,8.168531,-14.3983755,11.338308,8.1555805,11.035545,-9.355521,5.835412,11.299826,10.006774,-5.594258,5.654197,-1.2680116,7.538984,-8.4194355,7.062117,1.6915404,4.970456,7.3734584,7.3265696,0.37409052,0.090344265,0.16719912,0.31967834,0.20241359,0.289878,0.20104021,0.3902734,0.5999797,0.16314836,0.07189223,0.24782072,20.05455515140876,21.708529754095924,26.152513064288023,23.820091001544625,24.152507954118324,23.665923501784977,33.23031804381777,1321.285366389437,1553.9258864319816,2641.213003305289,0.0658954326923076,0.053940475,103.359375,classical
-114.1811,50.618958,102.55664,29.237595,-31.39045,8.243206,11.767249,7.6995373,-3.9499314,5.6944637,-1.247576,4.760691,-6.4198327,5.800123,-3.7225788,5.002779,-2.2821271,6.2122226,-5.142771,5.274215,-8.750537,4.508895,-6.98547,5.24007,-4.1297083,4.191396,-1.2392544,4.644368,-1.2925713,4.6716075,0.393032,0.23403223,0.24584052,0.18835837,0.19844718,0.1741298,0.34990573,0.27328265,0.19167815,0.46810898,0.28544,0.6679306,29.379013544475114,15.50890674402788,19.679031277621856,20.311026284136187,22.48173783749828,21.80459353843003,18.81132350416907,2160.187514168533,2136.034741120259,4058.594689002404,0.1267202524038461,0.08810394,215.33203125,classical
-277.4953,52.74164,161.30199,41.548767,-30.870392,6.102726,41.11701,8.400468,-6.7789,5.349758,10.347846,7.516394,-13.239947,6.8966527,-4.893256,4.5389247,-18.34351,4.868143,6.258546,6.256894,-3.5258498,11.90234,9.855847,20.942621,-3.1190238,13.171067,-9.2578335,7.873006,-5.0188913,6.4516397,0.41603902,0.1293028,0.084426925,0.037441257,0.30259615,0.9210138,0.19376363,0.048129123,0.027442742,0.040838823,0.021808818,0.11529362,20.60670099330805,20.616315454996418,25.762978913975275,28.24689158738175,24.5876829565261,23.952771930501363,30.51314233952934,1207.7482061096323,1267.4501403428535,2058.242938701923,0.0769118088942307,0.06691683,234.90767045454547,classical
-308.94116,50.31394,195.86893,23.690006,-5.482937,15.704922,25.698238,13.977846,7.0349355,12.455229,3.4888391,8.395659,-6.3142576,9.264548,-3.655895,6.0143237,-4.2643056,6.8740377,-6.5872226,8.16615,-14.642235,6.658536,-9.240753,7.1808815,-6.432217,8.395309,-9.949541,8.082081,-4.1982856,7.7416086,0.32895175,0.16071337,0.13090678,0.19318585,0.4495318,0.33837467,0.28894785,0.4077577,0.39174998,0.57910323,0.2534986,0.21537305,18.61631158889752,15.70556351362054,20.51851074358935,20.750851464798465,21.42218405406649,20.1600341612096,25.993163091581827,755.470529044056,987.0150322500974,1308.3077298677886,0.0374661959134615,0.060384993,151.99908088235293,classical
-264.34058,14.363223,113.0521,13.209083,-34.10725,10.104653,35.280773,9.537005,-21.580387,8.010989,8.932081,6.418614,-15.57568,9.548234,12.616499,9.457967,-7.8703003,7.7983212,2.5298526,10.024802,-27.66629,8.866131,2.104926,11.078403,-7.5760384,9.703552,7.853204,6.0803776,-1.693254,7.4347873,0.5220531,0.25367942,0.43601358,0.14537896,0.24983723,0.1175563,0.058590814,0.100749604,0.096374586,0.33681843,0.13202861,0.39218307,16.43716732005315,21.26783246639965,22.973714713279996,27.90570857502236,28.010322468082016,26.362348418271782,35.45605314352899,1740.1405721718156,1740.2546546329825,3378.5595703125,0.1071138822115384,0.039701074,161.4990234375,classical
-389.2175,32.92256,136.1822,16.621897,-8.46178,10.493523,48.412033,7.243341,-15.150355,5.694654,11.967081,6.5514107,-19.01688,5.59524,-0.13341299,8.271756,-18.208683,6.078379,6.761575,5.628644,-9.345571,5.9027724,9.189511,6.2712684,-0.5322681,6.710353,4.0939813,8.159515,-8.710505,10.221345,0.4050446,0.14602213,0.42482024,0.36417705,0.15722378,0.37248877,0.1676749,0.21111521,0.27405548,0.25066653,0.2765869,0.16865313,17.996697114261476,18.321491083328024,26.10970362467508,24.566818979619235,24.537683378580176,24.21534708050084,29.824692255792986,1339.179279845531,1665.9059210310102,2811.822228064904,0.0680588942307692,0.012625872,60.09265988372093,classical
-78.95049,26.542604,139.28726,16.088167,-54.84293,10.674571,40.828094,7.681659,16.902681,14.188738,-2.107341,6.41751,-20.503828,9.918385,18.12711,10.954528,-6.3139954,6.03183,-3.906948,7.2848673,-0.20400766,7.5959873,12.729363,8.679514,-8.330367,6.293929,7.3343873,7.8870373,4.773569,5.8379602,0.6261501,0.8122803,0.44255796,0.25763065,0.2022995,0.16175754,0.20969449,0.27825114,0.25974193,0.23332138,0.24585772,0.32139337,18.685759303821094,15.944417051404196,19.455802162739264,18.50513733816704,19.54101528240464,17.137544962132893,33.563315584003846,1681.6405390951395,1505.359294006531,2669.8687274639424,0.1211538461538461,0.18563543,129.19921875,classical
-484.804,31.68785,169.38052,19.770134,53.706673,12.60103,2.990139,11.384372,0.7004151,6.0082927,-1.450192,7.449743,-13.474959,7.659004,-14.047192,7.395034,-9.960906,8.5595255,-9.996956,8.256596,-6.6457744,8.030244,-0.7568918,8.240128,-0.42747098,7.7393613,-4.5666656,9.124966,-7.7768755,11.86217,0.18629634,0.36806077,0.20237158,0.2147816,0.16325718,0.43095165,0.31386775,0.09500445,0.09334614,0.054170124,0.13802983,0.08218654,16.146940757503174,18.50246724709904,22.04128444237548,22.31167989390821,20.689151396982208,13.49997328900058,13.351568777444252,803.6712572501121,1534.4214619181598,829.6080603966346,0.0360464242788461,0.0157079,80.74951171875,classical
-366.8141,22.736109,138.24364,10.334059,-16.157198,5.5819135,45.317154,7.446809,-8.893096,8.30031,25.426548,6.0951343,-17.535479,6.2247896,12.538443,5.804416,-20.864006,8.987943,14.759158,4.4061303,6.2467284,4.934293,21.714657,6.372379,0.13255325,4.6366186,8.709208,8.5293455,-6.341617,3.9907184,0.18020245,0.2404685,0.09624761,0.39534736,0.38846993,0.20525645,0.6261466,0.2024515,0.17472892,0.28581718,0.30589592,0.6434576,16.541620860970344,18.148856196441898,22.93038121655661,23.71160572437955,22.788491691739324,22.53512951357837,31.107176900117253,1396.0709574760378,1775.5082544260003,2938.702486478365,0.0730618990384615,0.012612685,43.06640625,classical
-309.187,81.32291,133.57227,25.72162,-18.761196,15.706981,24.061089,9.939183,-1.9515004,7.612716,-2.1983786,5.153306,0.8851719,5.0165405,4.028861,6.6184573,4.0058184,9.310348,3.7350643,8.046449,-2.1718845,6.129052,-1.8943721,6.0112605,2.0058308,8.0901785,4.049572,5.999292,5.029915,7.590591,0.43528715,0.16957435,0.10809734,0.4500826,0.24335648,0.13103108,0.082384944,0.2028679,0.05603739,0.15270197,0.20485203,0.11918232,17.74305903644127,19.785470629458967,24.758424411470223,25.84540267619515,24.79333457940783,23.70322389647037,18.132804815985388,1435.969149749696,1630.3381773419032,2666.88720703125,0.07568359375,0.03786822,143.5546875,classical
-329.9592,26.750765,114.72027,22.852661,-12.467397,8.973667,28.368822,6.7370462,6.5383434,6.5757737,-4.1948223,6.514606,-10.877242,4.8913,-5.806503,5.6214304,-4.61951,5.2196393,-4.5555882,7.148364,-8.998019,6.3462353,-4.988546,4.58076,-3.965238,5.6918397,-4.269347,4.84373,-8.299426,6.213357,0.070344664,0.16405083,0.3356328,0.26236248,0.57638526,0.25464842,0.28513175,0.25195906,0.099357545,0.0783057,0.056836173,0.1309894,19.25977797357656,21.157805969874914,23.977641857866896,25.11014294406864,24.71608764719568,21.592049277444968,16.5970170307143,1569.3165920093088,1917.292356852792,2920.316443810096,0.0635103665865384,0.022545172,129.19921875,classical
-337.56107,77.65481,90.48345,14.059047,-37.64498,17.866362,38.81178,6.7272034,-3.7309697,12.077329,16.448372,9.991933,-14.125378,12.185969,3.56952,6.0785284,-4.9173255,9.252611,15.573778,6.2214365,-11.563019,9.86237,-10.72818,8.612364,-3.626255,9.612696,2.997547,8.069324,4.8805614,13.867576,0.086637,0.24002868,0.26687223,0.12107088,0.3788933,0.07012294,0.037519008,0.078007534,0.17015862,0.73775905,0.19312145,0.14360832,14.539913407823336,22.02890940257417,25.44662592424128,27.35226972952976,29.540061778220053,29.427801883783435,35.18316390919372,2056.4316561647693,1782.448574062152,3851.047738882211,0.1471867487980769,0.02947789,172.265625,classical
-217.37878,29.380074,122.14293,13.018729,-45.068996,12.946767,18.616867,7.744258,-9.014402,7.000797,-2.9776933,7.050404,-3.752846,7.246905,-3.803151,7.4426003,-1.7651731,6.899057,0.020790804,7.471562,-12.730579,5.8897266,-8.155076,6.551511,-1.159832,8.335843,5.944247,9.689082,14.541545,8.847511,0.60986674,0.15975587,0.07477819,0.06289249,0.26867396,0.2894413,0.14884482,0.47306278,0.1527915,0.3114988,0.19958821,0.19152212,18.033707085749988,20.658442115567063,25.85412961167408,26.78160574785389,24.146171773147483,23.961126928452344,19.015746778307296,1650.431231427673,1657.2678309473274,2964.8736102764424,0.0985051081730769,0.060959764,161.4990234375,classical
-329.97638,69.95193,166.52002,28.60911,-36.68783,13.055451,24.108635,12.904568,-3.5330408,8.884084,-0.064231165,7.792441,-11.392999,7.498209,-5.2659516,6.3088284,-9.550035,6.4803257,1.9964095,6.2415795,-6.6527915,7.740824,4.3874807,8.268181,-0.03488793,8.3468,-2.046613,8.419201,0.54666173,8.383901,0.38937855,0.2228567,0.22862583,0.12923849,0.22769077,0.7425633,0.20283712,0.06477094,0.059502028,0.1704305,0.12010793,0.111523345,17.923389631240603,21.06435931502428,21.93816532737725,22.48151382085984,22.10207647186478,20.788817201198924,26.496874114906795,1192.189050673957,1275.4708994831196,2173.942495492789,0.0678748497596153,0.034441926,258.3984375,classical
-64.53987,13.632437,134.6458,8.143456,-42.398163,6.5101733,39.562546,4.783683,9.2795725,5.888555,-0.40692148,5.937769,3.0830886,5.9145145,3.698393,4.170795,-15.406722,4.699658,5.1971045,5.0091214,13.577911,5.5122333,7.6475325,6.0724597,-12.518963,4.361143,2.3375351,4.500227,-5.3396883,4.3463244,0.10124744,0.30932936,0.95325375,0.3621171,0.24293776,0.13917278,0.22094992,0.24556161,0.20551966,0.57980347,0.18354392,0.12788737,24.01526830262166,22.29646756767929,24.086603198760784,23.189386073959017,22.79312369242275,23.368702378148097,20.365028251043785,1528.958585943237,1643.191680767956,2896.7127403846152,0.0787522536057692,0.23492692,129.19921875,classical
-492.50403,19.92695,191.49306,6.7687774,7.1488276,6.608436,33.848152,5.228132,-7.7196937,5.614986,7.6195483,6.275234,-15.217242,8.143773,-1.6837307,6.791704,-12.367935,5.448606,-1.3066866,6.2990465,-10.321018,7.437506,-6.297284,5.2000313,-12.029374,3.9909813,-7.6539545,3.260433,-6.4116797,5.0130334,0.35832903,0.6681151,0.26123336,0.31259,0.30045113,0.2967473,0.34924117,0.2261542,0.43081987,0.23895484,0.16651869,0.10764933,23.82999129286971,17.500348394357374,20.62118160058797,23.20072783644637,20.841160105800007,17.589998902481828,20.46655658088875,742.7071865351579,1138.7614397908153,1074.3411959134614,0.035186298076923,0.007914215,135.99917763157896,classical
-255.90234,19.211151,135.69748,10.952929,-31.38092,8.5774765,25.025337,10.552526,-17.801022,6.0420327,24.748129,7.574986,-10.011729,7.361274,9.970506,6.475447,-20.745722,5.896485,3.0039957,8.554584,-12.917345,6.633364,11.562624,6.224382,1.5324378,9.745347,9.070598,11.068522,1.1111088,12.073079,0.1449291,0.3260496,0.5555156,0.19355719,0.28124344,0.11598831,0.23413661,0.19741061,0.174519,0.16511096,0.15456887,0.5058819,17.17094179342301,15.437005176124751,20.57702592595905,24.88093154679968,23.48942816367986,22.06420757033249,34.794770336403936,1537.4460839434232,1633.920116906951,2782.835223858173,0.0955829326923076,0.03642232,99.38401442307692,classical
-375.6963,16.369167,118.18223,6.4263015,-24.935194,5.7205687,43.38855,5.853502,-19.745535,5.0693607,28.22821,5.6867805,-16.944895,3.9963517,23.47485,5.0878844,-9.925299,5.7943997,21.863077,8.179251,-2.9205856,5.879608,20.141548,9.038375,-14.305576,6.1605964,9.887048,6.816264,2.607288,11.220968,0.5161224,0.17956303,0.22044784,0.34935847,0.46060798,0.1844715,0.5091491,0.54695994,0.17605694,0.3186369,0.107593216,0.18341546,16.26775178148997,18.38856178409244,23.48878477597229,23.08438853664188,23.857869721520785,23.41743020282357,31.77442821135008,1720.3853802437527,1958.135903715753,3752.906024639423,0.0946514423076923,0.009079711,86.1328125,classical
-535.76794,32.96886,203.59412,11.749683,16.505062,11.869618,17.668026,8.220337,-2.2999203,7.7121387,-7.753293,7.7651734,-4.814784,6.53738,-9.87065,7.32537,-2.4630785,10.511533,-7.5456915,4.6584167,-7.7958717,12.2304125,-6.75602,16.380608,-8.278832,8.478287,-5.72125,6.0116343,-5.200249,7.5690293,0.21370316,0.10062505,0.24610418,0.35174456,0.0845038,0.080966994,0.10861853,0.3482157,0.5976464,0.21097665,0.23904943,0.1090597,17.876904951360995,18.677119269588086,24.82196184855215,26.55099586820496,23.85886907520161,18.96748946673147,14.62803528948332,668.1153055524505,894.9320900174234,918.8880333533654,0.0462064302884615,0.00851097,54.978390957446805,classical
-190.93756,27.318657,121.82037,22.171741,-49.55895,9.246429,24.217402,6.219256,-27.504902,5.463849,7.058426,8.67915,-23.593239,11.301086,9.129673,9.623328,-21.589626,5.8820076,0.27342296,13.710297,-25.162947,10.856712,5.64059,9.751696,1.6397986,16.29438,11.033741,11.05856,-1.4743205,8.273995,0.3191518,0.4127905,0.6702694,0.1241581,0.071327925,0.049426667,0.1779156,0.18655421,0.15885954,0.42037666,0.22230427,0.26625308,19.324336551336483,18.81897951410805,24.279905955469854,24.54537422839142,24.214447370324223,23.45734876648008,37.34181859169017,1827.848956187545,1726.6200773972153,3390.734112079327,0.1043532151442307,0.06996304,151.99908088235293,classical
-321.93625,128.85359,156.43945,23.990704,-7.814905,28.652233,30.717516,13.603742,-1.8736267,15.836383,9.288005,8.911611,-12.04486,11.059007,5.4883003,7.8365097,-5.9044256,8.7815895,6.5242534,5.2934265,-14.786824,8.430672,-8.867713,6.0129867,-8.752914,7.4930468,0.69815636,4.9655657,-0.4765841,4.979044,0.061517335,0.13385932,0.35340825,0.09771951,0.12171392,0.36328447,0.13627179,0.15081054,0.18070674,0.35568255,0.92308456,0.218415,18.377036476742347,17.992098738429245,23.602872677041574,24.574057174469427,23.746058641306664,21.651719879596836,29.16292343315713,1108.221637039546,1395.418756214297,2084.082782451923,0.0565091646634615,0.04487326,143.5546875,classical
-47.87904,29.043718,102.14384,12.12939,-22.472677,4.6189976,26.022108,5.0966763,-6.1379223,6.014551,3.942566,4.154377,-11.979938,5.572788,-3.8910406,4.7684674,-6.323644,5.3003607,0.6530786,4.0630255,-6.715235,5.730946,-2.9456832,4.6965036,-3.1801262,5.012001,-0.4759094,5.66501,-4.403461,4.145812,0.899219,0.31032938,0.14222834,0.2961981,0.16481985,0.13545042,0.34124574,0.55731636,0.25831482,0.36165798,0.21232164,0.2510939,20.10427459058734,14.546716211366128,18.979411796920992,20.646183858124985,21.139237443885715,20.6338277568965,18.38912726540651,2097.3119854759093,2148.315798514749,4158.806903545673,0.1181978665865384,0.1657073,95.703125,classical
-408.6035,27.732492,168.88062,8.55799,-8.086619,8.170413,37.941715,6.5142045,-2.0111,4.173296,9.0904875,3.5631332,-13.592956,6.2198,-0.3958036,4.9801273,-12.477449,5.1049485,4.1878,4.948338,-10.845207,4.6857524,3.659614,4.015073,-3.213168,3.860827,1.5179709,5.2562895,6.833452,6.814996,0.12504986,0.23656756,0.36318448,0.16949475,0.13040552,0.18081464,0.06287608,0.01739437,0.14660275,0.6496008,0.59902894,0.20120879,18.869371505102027,19.75209698574811,26.202485861233622,24.201501026046543,20.834019118121446,19.995225268190435,26.07504190181912,976.619569417568,1351.4275957257996,1722.4906099759614,0.0454815204326923,0.0133849075,198.76802884615384,classical
-247.80017,62.2254,141.65526,12.889738,-31.745,9.889837,20.035378,7.048621,-1.2093451,8.3189,-3.7019958,5.202679,-3.2734337,7.361458,-4.6006384,5.797979,1.3635575,5.7975492,3.0838788,8.801099,-1.9899491,11.656465,-4.8714542,7.2377963,-8.784155,9.842651,-6.772455,14.155387,0.5899907,14.107349,0.24472255,0.07782926,0.045220193,0.03084179,0.19896714,0.61064345,0.1551568,0.13886201,0.09156305,0.36938572,0.22156529,0.10918395,17.529728630784675,18.78381931032137,25.12530044714037,24.88023597471783,24.42227453293164,24.11776406087555,19.440485011844668,1374.8585151817856,1500.1529452418176,2450.478515625,0.0772010216346153,0.07328742,287.109375,classical
-354.43756,50.114506,152.93588,17.19826,-40.033783,12.858179,36.197926,8.946615,2.6370666,9.152298,2.7975585,6.522323,-13.24278,5.3647957,-1.6184825,6.4310718,-2.8711562,8.278356,-1.7970321,7.2283907,-10.709073,9.350917,-2.1322782,13.969974,0.49306992,11.6086445,-1.9391698,8.844789,2.2599745,9.448123,0.2616314,0.41447333,0.19602919,0.173933,0.14252198,0.24070124,0.19576532,0.19544831,0.5588529,0.20632683,0.10869153,0.32173145,14.984188046402208,14.982305574239044,20.594592309827934,20.728806330300003,25.225035942854937,24.994331517504733,27.634793386977204,1348.4826168382303,1385.0304810309683,2543.2369290865386,0.0879018930288461,0.019049484,99.38401442307692,classical
-391.0592,29.437077,153.40442,10.170465,-26.206932,23.244064,38.466194,5.5713654,-9.862036,8.007353,11.08561,10.579349,-14.291628,6.620715,9.892137,6.517062,-6.055878,5.751688,6.252509,6.1092453,-14.518237,8.497229,1.2783334,6.6062536,-1.1318263,5.041031,4.0489116,5.7750726,4.7477303,6.247123,0.3073535,0.1273481,0.12111346,0.30073184,0.40916157,0.47430816,0.17034514,0.20568922,0.13952902,0.34429762,0.4044723,0.22386351,16.83363135773981,18.470236939478347,23.63127157605898,23.028804433066725,21.26495494765353,21.09915813149585,27.528093239557503,1193.0840726142355,1464.4677614463008,2261.2347881610576,0.0605018028846153,0.012523636,95.703125,classical
-371.28845,71.06129,153.73615,43.438972,-19.480698,14.054247,31.1076,7.2924914,3.4239674,9.272569,-7.936789,6.8944273,-6.748134,4.527131,-5.6048455,9.060964,-4.6638207,8.935432,-2.30404,6.4065986,2.7111154,14.25014,12.494222,21.123264,10.347516,15.10522,0.36714724,7.233386,-2.3399596,10.621317,0.26661855,0.17357796,0.5448433,0.15374339,0.101187184,0.43566284,0.10816194,0.012189489,0.03479597,0.21720693,0.4822441,0.18758889,17.323703124727036,18.87427624032553,26.30133139140729,26.382579091252893,25.59445151017741,23.355731410535544,16.922616801336126,1187.406390514626,1362.109544204774,2038.2004957932693,0.069287109375,0.029809082,129.19921875,classical
-231.01302,24.24844,166.1228,16.771965,-49.639996,9.999149,23.688732,6.4847546,-12.590708,5.5820966,4.1710052,7.302696,-17.129305,4.7706265,0.5656518,6.956211,-16.334663,7.131823,5.4478474,9.179853,-9.092072,12.70092,3.3359907,10.840334,-6.8887315,7.2120233,-1.5718476,7.208427,-0.47275004,7.292328,0.2730728,0.1338945,0.29704556,0.2554979,0.2620484,0.42617252,0.24162616,0.38079605,0.21265024,0.37893876,0.33163387,0.16283135,21.53976120016612,16.463819665846863,19.805729301570004,21.091244779394906,20.927645638235223,21.517331978938483,31.37865327464805,1289.205496483769,1326.6470669583578,2282.2710712139424,0.0756760817307692,0.05532016,89.10290948275862,classical
-389.05002,61.51731,150.29156,18.175503,-19.661207,10.744806,31.994919,7.241445,6.962845,7.2662997,-3.1770856,5.1907954,-1.4284278,6.992175,4.7638454,4.9865093,3.1450446,5.7683444,0.23361798,5.5590672,7.246655,5.5917096,12.651463,5.4078474,7.5462093,4.74538,-4.0420575,7.322236,-6.2087865,6.314273,0.32787958,0.25435367,0.60718316,0.31156078,0.28157127,0.6579387,0.23414436,0.18361156,0.2028133,0.36319208,0.220734,0.113030784,17.177129787679775,17.58175967339631,20.71335509896218,20.665580476859464,23.991815479999328,21.96856123007805,15.880345322102851,1235.03875060017,1611.297020649231,2414.534630408654,0.0638596754807692,0.013302992,123.046875,classical
-330.95856,19.62416,170.23132,8.74442,-10.7889805,10.449231,15.271522,5.132348,2.325576,6.3813505,2.6223638,4.589734,7.0108643,5.5342607,-19.409744,4.578147,-12.605368,8.377952,0.80998397,10.727575,-2.8819444,5.0451074,-0.92003524,4.797225,-1.9612786,4.946348,-7.607787,3.6811993,-9.839673,3.7013164,0.5328402,0.26590866,0.5269717,0.097388804,0.17878315,0.76494527,0.37838763,0.3770819,0.18193933,0.24839249,0.05252869,0.112504214,28.804943133895595,17.994761093557603,24.59633032138643,26.57069274026413,28.060655233325388,24.939282052079683,13.878834782533092,1039.7727591602743,1388.1490556853455,1628.3242563100962,0.0656099759615384,0.028924286,143.5546875,classical
-156.27647,56.24972,87.18642,29.462652,30.105247,13.157967,31.009064,8.61264,25.286158,10.480225,9.249568,5.451643,12.220794,4.84073,7.814159,6.1301,7.453242,4.2246118,3.5812366,4.055583,-0.62167823,3.668589,4.6409574,4.7195854,-1.7018961,4.14556,-1.0771567,4.4124703,-1.4060429,3.2946057,0.3276507,0.27773538,0.3320224,0.40512595,0.60638136,0.51473707,0.28759712,0.29288435,0.39622205,0.607046,0.44741827,0.3726573,22.13079501173494,17.589562527670044,17.393672239736247,16.982232671058963,16.71153377655127,16.152253797589573,14.897493315971612,2430.9107615475705,2986.7390880034027,5841.709547776442,0.0605994591346153,0.10216283,129.19921875,country
-19.356878,22.402094,58.585125,10.750241,6.453568,7.3391027,35.387005,9.038606,2.662329,8.282196,4.7282434,9.784401,1.4338799,8.591407,6.0114737,8.978006,0.53706527,5.4451623,8.817263,6.1695113,3.5272934,6.2020063,11.330056,5.979628,-0.97380215,4.7852097,5.2419696,5.774623,-4.0970106,5.9086156,0.3256174,0.23197357,0.261748,0.41459274,0.4823954,0.45239556,0.46480107,0.32350454,0.40798202,0.41261083,0.46968362,0.58641464,21.305839204029823,16.087255027487593,19.12347003947889,17.750738783979696,17.39432526421659,16.997186584899765,16.92215750644121,3041.9297674432146,2868.34709520796,6474.702899639423,0.1245154747596153,0.21058801,117.45383522727272,country
-185.8503,49.36611,131.7639,26.400509,-21.976124,23.110046,62.585255,16.259277,-14.424084,14.550074,-4.387688,12.904474,-18.395582,11.127999,-6.0145354,8.662726,-13.520212,10.030844,-12.406713,8.4604845,-1.1027348,11.468365,-11.150319,8.030512,-3.3117743,7.2693944,-3.0329344,8.362884,-13.672324,7.276046,0.64477164,0.39061666,0.22788744,0.10482809,0.20370165,0.45911893,0.33526358,0.35564387,0.34249836,0.37213865,0.25884253,0.28031588,24.072244365357367,16.67940818320759,21.88349845173,19.336200076208485,17.120486059266106,19.354898631219232,17.261803815106934,1593.808240498672,1729.5613305495435,3307.0030799278848,0.0681189903846153,0.08655435,107.666015625,country
-8.579477,18.659616,73.12605,8.82218,-1.6499445,13.173258,26.956144,9.497614,18.366081,10.165976,2.4081285,9.1362915,5.8685136,11.209754,7.0385857,7.536151,2.8931215,9.479295,5.722398,5.287285,-2.8394785,6.9960246,4.949342,6.132578,0.2272645,6.334104,4.9550657,9.086358,0.69185084,9.195022,0.25427932,0.5831136,0.30740574,0.36348647,0.21972784,0.3857824,0.7473738,0.4107917,0.47242588,0.36242703,0.48669082,0.32577848,21.785252204461283,16.296251210469446,19.852731547384405,20.79391252768014,20.483615510016904,19.364437970833883,17.150852908146938,2779.067108064501,2845.97107225902,6235.104604867788,0.1264498197115384,0.23849884,161.4990234375,country
-159.22894,47.38545,127.0831,20.53942,-18.152514,13.649589,53.13479,9.417444,9.964839,10.701546,24.481798,11.45422,-3.656778,8.1390505,10.495761,8.128539,-4.3689327,7.599395,6.427197,6.23851,-4.7463164,7.3940163,6.611951,4.03421,-3.4581876,5.5837035,-2.1729474,6.04456,-5.0947704,5.78485,0.16742137,0.26808903,0.6214303,0.6226385,0.4495545,0.3374204,0.27860108,0.4052025,0.22541203,0.33102512,0.58934444,0.29138407,27.00658140406514,17.83548777405747,22.01915219250645,22.195467125933614,22.564233717555165,20.692452049852346,36.70226538861523,1345.3290103784543,1730.7735570925013,2984.9988731971152,0.043731219951923,0.13759352,89.10290948275862,country
-117.66179,36.164627,84.6933,28.598013,2.4267447,18.087164,34.87032,16.382875,19.349995,15.715761,-9.383425,12.55717,3.247028,7.2420416,2.9619606,6.935049,-19.04268,9.777936,5.896692,7.7442045,-9.2817335,8.262738,-9.599104,6.2493906,0.7478924,8.297162,-6.768356,7.39267,-9.399979,7.818727,0.3459971,0.21840115,0.2170647,0.27818412,0.5043844,0.711617,0.42926976,0.3365074,0.3779841,0.44363877,0.31929967,0.29697764,24.540440795917245,17.951582618194983,19.840401000644015,20.164084123676822,18.187706109695444,22.00227558581256,17.32637164208252,2490.083362180797,2594.11576955974,4846.1301832932695,0.117315204326923,0.10211421,99.38401442307692,country
-36.794094,32.66668,134.98083,14.541928,-48.78717,15.662355,42.539146,6.458727,0.24172087,9.45635,16.603119,8.218425,-16.222015,8.215528,17.358187,5.8942194,-10.308247,6.7027683,20.171694,12.310724,-12.976357,5.8055615,10.9440975,5.521184,-10.392096,6.188156,5.001642,7.3367734,2.5301466,8.472231,0.26403907,0.29336852,0.7793869,0.33106327,0.25474447,0.17479122,0.37669444,0.49461436,0.25337994,0.48871392,0.26254478,0.470434,22.913428835521152,15.753156789888264,20.866936062443187,21.068314499307515,23.154513038231013,20.43253139916432,40.35346714519183,1740.0780139468532,1708.6690493669146,3240.9955303485576,0.1108586237980769,0.2533649,112.34714673913044,country
-190.83754,43.17635,50.579227,39.215523,5.43816,27.459566,18.67247,12.638079,12.127122,11.522683,1.202908,14.809161,10.339517,9.993116,10.981083,8.014646,2.3680043,7.475165,12.489779,8.919239,-7.6735206,9.668409,3.7671506,6.796408,0.52156514,6.6464725,-4.439686,5.4814625,2.735737,6.702195,0.22018312,0.24992171,0.48141128,0.2918547,0.20629045,0.31061324,0.4837266,0.29866722,0.24470562,0.4181453,0.3638545,0.44476098,22.98085194244697,18.951189853307188,22.64029611414493,23.12766106344924,22.578921106922166,20.09773427980353,16.3389604649831,3172.495614607098,2878.6973429398254,6694.921311598558,0.1275841346153846,0.065159746,112.34714673913044,country
-107.95029,49.434124,104.94286,20.139126,-13.390842,10.945589,59.004597,9.343142,-13.146929,11.375141,26.42055,6.084692,-20.06479,9.374479,18.278088,6.3360744,-14.860575,9.237685,9.265212,6.3058867,-17.105446,6.9983225,8.814001,6.0301085,-14.778469,7.993071,4.8639946,5.0925984,-9.332018,6.9530153,0.24371032,0.32452226,0.39418128,0.44201228,0.6899647,0.4048599,0.3377888,0.40004718,0.46841758,0.7246033,0.39460802,0.2933214,20.69199370868517,15.218764527717118,17.88636487386076,17.922590056712473,17.45950535297505,16.506225882511306,40.34064446060916,2141.8730383719662,2242.135097439173,4754.199969951923,0.0919471153846153,0.114496,89.10290948275862,country
-106.57446,40.92209,83.641975,16.903309,11.870256,12.643809,34.36098,12.057447,19.602371,11.13755,6.537604,7.8116198,-1.5951208,7.6008267,-2.4908626,9.2877865,-0.24719837,6.5816746,-1.3323262,7.317788,-10.026966,5.900348,4.146772,8.574104,2.68901,7.0035753,-10.226235,5.17766,-4.763697,6.8488593,0.47409257,0.52950835,0.47719222,0.35640433,0.33897159,0.2863459,0.2143528,0.27522692,0.40112278,0.6466769,0.58892953,0.4100027,28.05229524962365,16.99876193669783,20.271651752384297,17.764907292889838,18.133239554102687,17.73889987488879,15.29773268534812,2406.6232684734987,2775.670316707542,5453.118051382212,0.0805213341346153,0.114689976,103.359375,country
-116.418465,48.45124,84.73786,20.830364,-0.6161506,22.402796,34.553185,16.329094,15.771279,9.714004,13.580475,7.575914,8.352659,8.842679,8.118594,5.1836925,3.226162,7.6717973,8.933327,6.8091474,-5.2882514,7.2973676,-1.3843312,6.459178,-7.6529727,8.665655,1.1765041,6.6970778,-1.7376796,5.975655,0.31005567,0.4300673,0.31999242,0.27756116,0.34532124,0.24822807,0.29608923,0.3023684,0.44043702,0.5454947,0.33886254,0.29220945,18.079241670371157,18.161768458057963,19.96688259292746,19.74217810045623,19.660395674762235,18.967727621152505,16.525733825106315,2262.4633772902343,2524.6784725963576,4900.95703125,0.0760103665865384,0.1394482,161.4990234375,country
-262.4548,34.34903,113.22001,29.271427,42.274395,14.554339,40.612453,7.4345536,6.32384,10.273227,12.522892,6.7335024,-3.2391756,6.260698,-10.434487,7.5895863,-14.617578,5.548123,-7.936818,5.089956,-7.749327,4.5041003,-2.3714027,4.8613424,-7.189916,4.423522,-12.106604,5.0853553,-7.4116206,4.7830615,0.034739792,0.19506504,0.67883646,0.336324,0.12009469,0.16283229,0.43918893,0.27424863,0.26064965,0.8032195,0.31321618,0.048719767,23.15628965725533,18.11370846020329,24.515013554364348,22.53283157670661,21.29213599220034,20.34267414966244,17.141615535669796,1556.295762834048,2302.715647292061,3622.878605769231,0.0488619290865384,0.050558727,161.4990234375,country
-169.19408,45.679447,130.23354,26.29539,-23.028448,21.81075,52.45656,12.523261,9.62055,13.818504,16.004759,10.166209,-14.035507,11.858742,17.694025,10.132285,-20.41295,12.362421,18.417908,7.112541,-16.291939,8.700521,6.492656,10.572042,-1.0021996,6.5356965,4.720234,8.460837,-1.8384922,6.851413,0.28629035,0.23611738,0.26311833,0.24010807,0.29924816,0.17848957,0.18373619,0.50860864,0.39450932,0.46729648,0.28622642,0.27287632,28.281666881236543,21.82759865074075,24.907076754414103,22.349456374129936,21.51810559391861,23.40983189585111,37.40648387863583,1470.153704238743,1756.2331072366626,2991.376014122596,0.0557241586538461,0.13807397,161.4990234375,country
-235.63744,56.443558,91.516594,16.157007,14.952738,14.805659,46.098137,14.037308,5.4253993,10.3231325,18.809032,7.0773363,15.038444,8.391117,11.689566,10.630779,6.8504696,8.146054,9.742994,7.1276193,1.6059377,6.214649,4.1091228,5.765438,8.485943,7.473771,-0.5918739,6.4791245,-1.1526386,4.8304777,0.6209844,0.36717892,0.25987098,0.50637126,0.23283494,0.11749808,0.26865625,0.1682416,0.16732495,0.29054007,0.65449125,0.7396292,28.241088984539378,20.764160622472136,24.680852491217,22.79472765526207,24.691346277398104,23.83902716752956,20.102748397824374,1719.292244409466,2325.166016487009,4033.997145432693,0.049639423076923,0.065539844,99.38401442307692,country
-237.19582,49.49634,170.14766,26.397743,-26.093935,16.3861,37.11452,17.231459,-5.7352533,14.394231,15.709742,11.152905,4.422494,12.047497,16.635036,8.770578,2.1010916,8.399028,6.860947,8.502943,-4.722761,7.332742,6.6418695,6.095025,-4.1268077,6.991091,-3.843042,6.866904,-4.451218,8.024638,0.33203095,0.46496668,0.4734241,0.4184001,0.41602442,0.30613714,0.393942,0.2619248,0.32571203,0.6892126,0.43770608,0.3248403,26.811579653163047,18.404704356034497,20.61191926492883,21.207406582096414,19.315726839376087,19.765763055420223,30.285146810990312,1056.868817364104,1364.3454667719948,2082.5092022235576,0.0461989182692307,0.07420511,172.265625,country
12.008315,14.886116,53.005333,11.388325,1.6447873,8.265404,25.24055,9.707742,12.9345255,10.625695,2.6746578,11.649315,2.2721822,9.445579,10.503681,7.101392,-1.2675264,7.8793726,12.109894,7.1042547,-1.6705719,7.7730393,1.2579557,6.9693127,1.5711641,6.176873,2.81196,6.9955697,1.4093251,7.0074897,0.33860093,0.38141727,0.545023,0.31231955,0.44253474,0.5918733,0.619947,0.8188783,0.4661783,0.45662713,0.38285652,0.3480114,19.573858431056017,14.24597791584334,17.87005045934224,18.68716732872172,18.49723202398378,18.088110598823945,17.261181177095843,3343.5828920673944,3016.5970508685805,7245.757211538462,0.1669471153846153,0.22836062,95.703125,country
-120.37266,29.626226,131.53973,31.665272,-8.1898775,16.839897,23.08528,17.257252,-1.6658044,16.098167,2.729963,6.9041867,-9.524189,10.656595,2.3538716,11.396361,-8.650687,7.611931,-7.32457,7.8913517,-2.6256702,10.482049,-1.2906418,8.428215,-4.5742474,7.0506425,-5.3806067,7.1262116,-4.6230106,7.7942767,0.29265383,0.15961175,0.21306415,0.18126094,0.3573371,0.6105211,0.3594051,0.41081226,0.21420972,0.11284374,0.090710916,0.18076001,23.68656878861827,17.05500711244143,20.43739908799003,21.08903527894655,19.56429259273193,18.35303825663618,17.05933850579588,1534.8518501583849,1913.3336408622013,2981.354792668269,0.0635667067307692,0.15802889,172.265625,country
-256.03497,69.56576,199.13371,33.977947,16.52219,23.9959,28.151974,12.385249,8.723542,20.691887,7.0521326,15.454383,-10.457867,9.979263,6.920307,8.977582,-13.888106,6.76636,-1.0727041,9.035254,-6.9708834,12.416725,3.645857,9.134421,-10.169191,7.3073235,-9.750475,7.9105396,-10.359677,5.910858,0.31479782,0.16366571,0.14560369,0.22788145,0.69567263,0.50160235,0.25190845,0.4969273,0.2692867,0.2566696,0.11349376,0.11065179,24.72735633336397,17.784387962774304,23.69133233458357,22.90858419787632,24.13599310935476,18.72981855048085,29.786393242864666,776.305639945479,1098.2792680813586,1413.323505108173,0.0371281550480769,0.114115655,80.74951171875,country
-71.93962,33.238796,100.35615,27.333841,-20.185228,20.070028,46.650963,21.20833,-14.710107,14.975416,19.2946,12.420506,-20.269062,14.233072,18.740536,10.255748,-18.668268,11.795949,17.375612,9.114877,-15.243429,9.331198,12.343967,8.503858,-14.112908,8.077392,6.2915545,7.7814255,-9.263199,6.2066245,0.2726214,0.30724388,0.43531042,0.26506612,0.23170361,0.25485954,0.44295114,0.6981667,0.4102389,0.34838948,0.26488975,0.2811545,23.798803207894736,16.054917213549107,19.774434234246502,17.56766130133735,18.061129098668868,16.87732614657794,41.18958972251088,2256.6254234010407,2216.7900005938145,4658.294396033654,0.1046461838942307,0.17422745,117.45383522727272,country
-109.68677,53.721367,89.40087,21.717245,-0.717757,17.707651,29.804026,13.535747,2.0284326,10.162194,2.6456895,7.8388677,10.219616,9.582801,7.5464005,9.709831,-2.402418,7.0396037,1.0932732,6.3417935,-5.1595035,5.8801317,-4.757341,5.5682106,-2.785676,6.9967756,-5.7472124,5.699107,-1.0513309,4.9525476,0.27418453,0.36825755,0.52980965,0.38002273,0.34613836,0.2105942,0.30325195,0.3223211,0.29078782,0.530404,0.44204852,0.5149354,26.543143671216345,15.64962046916763,18.49201189414861,19.645219508186266,17.37930767037269,18.84492297110596,15.22669122931423,2331.5420953792827,2539.4363526989746,4862.445725661058,0.0970064603365384,0.10869877,143.5546875,country
-119.476265,39.756126,112.18536,36.326385,-20.102129,16.869982,62.08971,13.263819,-2.1449797,10.598345,25.053972,12.075522,-12.750605,8.542902,22.48116,10.24764,-16.915941,10.390155,12.909929,10.980653,-13.561112,7.7478085,2.0466387,9.059289,-9.96407,12.078364,2.6693716,9.416671,-2.225807,9.201539,0.41744155,0.27228752,0.23976678,0.21270302,0.28962368,0.35839668,0.4030467,0.82213897,0.6094341,0.40374884,0.23904894,0.26497123,26.795841572462376,17.320306125529434,21.223757217818736,20.005047680901225,20.114559628624026,19.427824840514884,40.00333013866913,1849.9857053044796,1966.317877382629,3876.059382512019,0.0736703725961538,0.167091,112.34714673913044,country
-52.385696,28.939907,117.55487,24.980494,-22.630331,16.247736,47.082756,11.924986,-11.879464,12.690576,20.045193,10.425185,-8.371123,11.820222,14.561031,6.6204805,-19.83006,10.620209,23.705803,7.196589,-13.470612,6.8633685,14.174418,5.244201,-12.09933,7.5573335,8.195466,7.4444795,-9.2982235,7.2999187,0.3023862,0.29701474,0.28679886,0.4326549,0.47708386,0.38794908,0.67223495,0.44314912,0.51695555,0.29678652,0.28773007,0.49346748,25.10912295554513,15.368545307944396,18.546856133990364,19.23018687598049,19.18657157708568,19.52577991225431,40.18169092156496,2030.5157314471069,2117.0486737786787,4223.406512920673,0.0961313100961538,0.18236093,135.99917763157896,country
-87.089676,29.298689,103.2704,17.299376,-14.612642,9.610398,47.16731,14.275677,-22.439487,10.045417,21.397228,7.034541,-20.501423,9.018898,17.450104,9.052339,-21.346882,8.230821,16.528238,10.210418,-17.307335,9.708019,12.553155,7.399083,-12.878811,6.2676144,3.9245057,6.920333,-11.889046,6.5612454,0.30315018,0.40809554,0.6174607,0.3583162,0.31911683,0.27914274,0.37666112,0.3681269,0.36515287,0.5515067,0.30375478,0.25134966,20.143403256939983,14.286293068400177,18.560638490913814,18.29539611809085,18.078886315900554,17.713760861496198,41.75811187973263,2257.862453675484,2307.506804984174,4958.185659555288,0.1078087439903846,0.12982751,89.10290948275862,country
-171.01761,86.04783,116.307434,24.81602,28.641075,18.765348,58.015816,16.011713,-10.09915,20.318636,23.896423,15.890384,-13.519627,18.13872,25.152742,11.45597,-16.959724,11.65768,14.460147,10.747956,-2.907803,7.466647,2.706773,11.856545,-5.1170373,10.460645,1.8891138,9.914936,-12.960414,7.9229674,0.09860715,0.105002575,0.19367814,0.32136834,0.2789066,0.40767118,0.28789812,0.4093398,0.17386782,0.20962237,0.38213846,0.15527456,25.74724949184965,19.418249033829817,25.11068165575319,23.81776974841005,22.88905323477386,21.44457102036783,39.94152927914323,1659.051816838685,2126.4732896433297,3892.623384915865,0.067901141826923,0.14971754,89.10290948275862,country
-84.72294,42.268307,112.71039,20.41751,-17.015017,12.755374,51.202057,12.242581,-3.3575754,11.984512,22.704218,9.377877,-16.815369,9.176324,20.926815,7.626587,-14.30969,9.425856,14.304911,6.145032,-17.47959,5.4808936,9.52165,6.294729,-10.629044,8.511903,7.028348,4.5285516,-5.820459,5.797684,0.3679995,0.41453934,0.33768764,0.41560134,0.62961006,0.38232145,0.22779606,0.27372032,0.44198802,0.7148095,0.44425923,0.4032178,24.46242946782244,16.134895122316873,19.06290686320881,18.02030999554135,17.49039255328573,17.467243773571674,40.77827171193301,1957.5486036325544,2153.801996194392,4234.090294471154,0.0818584735576923,0.15049142,89.10290948275862,country
-151.8375,58.52044,114.3637,23.785536,5.0207753,12.482721,47.290768,15.962239,-2.092477,7.3622937,21.701397,11.227291,-13.516848,13.099849,23.662449,8.12406,-12.577561,14.511702,14.213836,15.348813,-6.2138224,6.371474,14.401401,7.335158,-4.5330577,8.739123,5.546088,7.965913,-9.919909,7.8983574,0.1946196,0.33989614,0.28005522,0.27260536,0.458963,0.41451702,0.5912698,0.33295137,0.20763561,0.20019382,0.24609183,0.22379905,20.616620866378916,19.190044180857907,22.207000019373574,22.519474633693104,22.428699078999717,19.223369719151407,39.551260502589855,1750.4256204619403,2151.9328445496326,4000.537860576923,0.0633338341346153,0.1419453,86.1328125,country
-213.5229,50.103714,110.62994,38.658504,-5.744066,9.244433,32.470657,22.957357,5.621076,7.3380466,-2.7696881,12.151516,-5.0649433,4.8805065,-1.9116566,6.630343,-5.5421658,11.61803,-9.013024,11.257496,-12.693365,5.7380238,-7.214215,4.429869,-12.257061,9.79816,-6.3363094,4.338735,-3.8186443,6.131841,0.18495862,0.12905094,0.20713757,0.34325403,0.67879426,0.36241263,0.25602388,0.5502111,0.37454343,0.27693903,0.21960329,0.27416942,20.71294131541904,20.376902423504013,22.72845461059796,21.221616567818167,21.51603976854923,18.57922055735961,16.03912509508078,1709.0429648212498,2054.092758472546,3239.918870192308,0.0601787860576923,0.068652056,135.99917763157896,country
13.496018,12.373526,58.135826,7.9539976,10.81069,9.343936,20.979012,7.383849,6.8002934,6.9898643,4.470592,6.840374,3.427109,8.66972,7.7291327,5.9563828,-3.6940782,5.863321,10.719712,7.6863,-3.8436987,5.608077,2.473041,5.1449842,2.7101295,5.2828665,4.175232,4.787566,-0.6420842,5.365588,0.29887927,0.33948365,0.4533689,0.2656382,0.43523583,0.41662633,0.33842656,0.5876448,0.48503625,0.54524785,0.55702543,0.4289937,20.128151106884907,14.728095612255796,18.905023878667887,19.01535211751906,18.263195224583697,17.93061699999532,17.442410716747695,3356.2860381005507,3099.4631398918964,7429.534818209135,0.1647235576923077,0.2342657,198.76802884615384,country
-85.65589,35.347725,101.012344,17.054068,-17.098679,11.5462265,57.830624,11.3689995,-16.89076,10.057594,22.630293,7.387408,-19.712383,9.333652,15.86041,6.2913513,-20.092691,8.299964,14.127171,8.337003,-17.29209,7.21635,11.135364,5.9605646,-12.4152355,7.717251,6.3570724,4.6877704,-9.684301,6.3919234,0.31609473,0.3011249,0.3416914,0.36417106,0.58257914,0.33373466,0.3603346,0.48098648,0.4606433,0.5794268,0.33183816,0.31532767,20.618312792496543,14.194979945414184,18.81941486033141,17.02673497402757,17.771990983231877,17.34319373644966,40.95025482638368,2272.1437604623725,2274.0891432192857,4868.325946514423,0.1107872596153846,0.12681654,89.10290948275862,country
-232.83243,63.409462,181.53705,39.845787,8.963867,18.068785,19.321152,15.288758,-0.72787285,17.70621,4.953514,11.660177,-9.379273,8.859611,6.9123416,13.441649,-16.79092,8.306169,-5.9008546,12.097595,-14.365521,9.785359,4.1163874,11.801711,-12.172096,9.214257,-7.194603,8.261737,-3.839638,8.321586,0.62786925,0.32763368,0.33593538,0.25572503,0.44237906,0.26211727,0.18249916,0.43408108,0.26188812,0.34244314,0.20351058,0.30226335,22.97439439144289,18.24664841609537,21.463025736081438,21.65144237762202,22.49036978720208,20.13534813875744,32.15070633883504,974.0951519324911,1307.652224969393,1825.187424879808,0.045361328125,0.104189046,135.99917763157896,country
-94.093994,38.549946,118.345856,19.983843,-29.512478,14.438538,48.99322,17.605217,-7.393028,14.890271,15.279705,10.374822,-16.269833,9.705895,12.843525,9.865135,-16.036335,9.91402,13.280818,10.958623,-8.311282,11.86317,9.94867,8.671863,-11.094316,6.617593,4.998395,10.70024,-5.73879,7.8017163,0.29188865,0.27865222,0.46181142,0.3049118,0.38832256,0.2935486,0.2339145,0.5201222,0.27999708,0.15134798,0.10996478,0.21827255,26.744989302486417,19.220220229156613,23.078729728979575,19.711424798582023,19.800138351628668,19.10237307126244,39.09818398070603,1777.2723402135182,1924.108830581833,3648.304349459135,0.0745042067307692,0.1742483,172.265625,country
-144.0097,45.215286,101.41262,24.255814,4.562137,17.627047,19.562744,16.32534,15.045211,9.149632,6.9294114,10.564704,4.719924,10.219438,6.2970824,6.895611,-1.934167,7.826651,-0.42196938,9.27418,-11.1986475,5.634764,-0.86204785,6.9049797,-10.527448,7.3423038,-1.7670742,6.4185433,-2.1844494,6.886173,0.3305084,0.23037617,0.23771267,0.26354858,0.41269398,0.7346069,0.36631435,0.18774666,0.26159868,0.42292967,0.42335007,0.32204396,22.506769181122436,17.257179198865785,17.165709228686207,17.864625730842103,19.17787990555665,19.17278057690636,16.9906937113977,2168.6046639928973,2558.1203219453027,4613.737229567308,0.081103515625,0.08864354,172.265625,country
-211.64432,51.24481,159.93494,22.99343,5.60257,10.678943,27.297375,8.778099,13.80576,7.4543786,4.4169993,6.7407966,-4.2428946,6.393657,-7.013029,7.0014687,-10.765377,7.4810457,-5.6943502,5.6185336,-8.06151,5.132081,-1.4384141,5.261591,-5.984414,4.696772,-4.3966045,4.906596,-6.201032,5.049964,0.25910532,0.24386278,0.2867925,0.2961198,0.663034,0.29994175,0.20522562,0.3718045,0.2572535,0.33853137,0.14858961,0.20310384,20.89375004977258,15.568433654663288,20.63624094875516,19.47402096952462,19.79810599757493,17.998834546156242,14.581780893266966,1056.03414322449,1623.807918507698,1871.2353515625,0.040996844951923,0.08804697,89.10290948275862,country
-58.592045,27.36178,108.519905,16.030642,-21.664217,8.504976,38.936943,9.715292,-12.450361,6.721724,34.619015,4.8802958,-12.39705,7.1075554,13.851697,6.116085,-13.650615,7.872986,16.648205,5.525762,-3.987869,5.125243,15.941339,6.513765,-13.815484,7.521238,-1.2304624,4.6773624,-14.602996,7.960319,0.13089374,0.23050801,0.24230905,0.4785276,0.6445274,0.25668332,0.4405466,0.5597317,0.39213514,0.5230278,0.3036134,0.18614085,26.93578912923754,14.87479758742971,18.09548987915519,21.605186899497955,20.53172140908464,19.77872241956739,42.28660268352169,2090.780468135064,2175.345421019714,4549.800180288462,0.1065880408653846,0.17896044,95.703125,country
-136.34105,33.588272,163.11343,19.268946,-31.963518,13.6245985,26.707958,15.608852,16.143955,12.782757,-10.60407,9.871437,-8.166626,7.0272746,4.4667835,9.498002,-10.41452,7.9246564,-1.9247488,8.261232,2.3469007,7.707142,-2.8010337,7.0970087,-7.2814474,7.2708993,7.2305336,6.9144053,-6.760683,6.721417,0.20542811,0.23122168,0.24682799,0.35956866,0.32118183,0.45305076,0.28613535,0.26472893,0.39511377,0.3107505,0.3918022,0.17179199,21.292383851965432,16.97206076654848,21.724983756106,19.38762291150932,19.487778233177277,22.01810173050395,16.885965609129716,1246.8192969992483,1461.1864351337008,2250.551006610577,0.0639272836538461,0.1497438,172.265625,country
-216.95427,75.71552,197.27669,41.195454,-1.0159255,12.895405,20.685497,19.814106,-10.538262,15.793449,8.158926,13.309867,-9.558032,9.97943,-2.5420609,13.739723,-8.820104,8.826612,-5.7823467,9.067372,-10.511012,7.706326,1.6752898,6.411337,-3.194921,5.436703,-1.7225916,7.2399387,-6.4245763,5.7582126,0.13671358,0.15997405,0.31601432,0.16750158,0.29103452,0.24456547,0.25035316,0.1486349,0.23340769,0.48269355,0.24510312,0.27621773,28.077648902970047,15.71090676350167,22.080399548892327,20.7034810121043,20.737378882382327,16.73752041633714,29.326337992955253,875.1888457365797,1106.955067232352,1652.4248798076924,0.0441781850961538,0.13175647,143.5546875,country
-81.44271,38.418995,64.30207,17.838854,-0.9118746,20.765774,9.790269,11.973454,6.6875763,10.863825,10.172094,8.2332,11.499283,9.706403,-0.97219545,8.105127,7.9212513,6.987741,5.0172343,8.276673,-6.0882654,6.485673,-4.8587213,8.161414,-6.3363295,7.346682,0.63068765,6.756279,-4.91163,6.7989945,0.2281935,0.4299797,0.43554363,0.3738548,0.49723846,0.3053084,0.26007605,0.21134531,0.3936417,0.7281766,0.3812289,0.25804985,22.49283113879296,16.46993114889257,18.5157578563951,19.21040400705556,20.450475604737004,18.140749938320265,14.833052888849496,3207.466061872674,3007.312404796109,6733.101337139423,0.15849609375,0.10255659,135.99917763157896,country
-179.53267,71.36394,133.78905,27.801718,-19.035597,23.537048,35.742176,13.274987,8.55783,11.269483,17.65989,15.664899,-15.26904,11.736892,16.907001,11.759067,-8.339402,9.903135,13.159757,9.218644,-12.143144,9.704586,15.303693,11.990447,-7.143211,8.053252,10.544757,8.140883,-4.9121027,7.853309,0.43540463,0.5234411,0.33157495,0.14680426,0.1460442,0.21760122,0.27971268,0.1824794,0.24539658,0.30771983,0.33309904,0.44955426,24.39737013182547,20.61587293836328,23.02021148788026,20.55559707938154,21.977729645735245,20.59605220053273,36.62359869566081,1475.0476028956516,1788.9700247840942,2914.601862980769,0.0588153545673076,0.12414572,135.99917763157896,country
-117.79775,29.311325,124.57799,17.01609,-0.24350327,19.293512,35.14219,10.436212,-15.805393,9.12994,4.1004434,7.4220095,-14.8947525,8.921958,6.418028,7.7283497,-9.757409,7.860839,-1.321633,6.318607,-10.3106785,5.8099246,-5.2405186,6.5037627,-0.47353032,5.3267775,-2.0933974,5.937935,-7.885743,7.3402376,0.30800104,0.23121731,0.37986186,0.82170916,0.30453056,0.15937163,0.18995523,0.24734491,0.30653358,0.29249182,0.4515489,0.2808262,24.796784562939653,14.167329201851498,17.2150651940104,18.020056316580973,17.157193485968207,18.104406128939385,19.327313544481395,1684.668812098918,2057.8627173115574,3799.368051382211,0.0704852764423076,0.10969,99.38401442307692,country
-127.63695,40.609055,122.06889,17.016323,-11.378874,21.686314,53.174305,11.769413,-3.6783059,12.872177,19.614,13.103117,-11.678746,9.894726,16.31734,7.8002415,-14.243422,12.601985,17.368805,9.3310175,-9.90363,10.445881,9.938647,8.72871,-11.440567,6.897712,5.7995224,6.667685,-10.697555,7.6713033,0.23940441,0.16515425,0.19848777,0.5004865,0.46681046,0.28879946,0.31397188,0.3060069,0.56525224,0.25283608,0.2467629,0.33959675,24.27498903293129,19.454408704459908,22.696327939742787,21.086081978419013,20.84627671923657,20.93699606563802,38.95622428297885,1615.8454299367177,1974.718426484231,3510.1605694110576,0.0654033954326923,0.14382271,103.359375,country
-235.57246,31.234152,144.70189,25.841911,5.582625,13.429318,33.27277,15.727875,-13.953891,18.770712,21.456713,11.582601,-5.4737625,7.574247,15.844854,9.448712,-14.553848,12.896782,18.548983,8.122588,-11.302037,10.876691,0.48524827,10.355103,-5.0474157,9.012327,-4.071447,9.053327,-11.211808,8.98113,0.5547774,0.4318647,0.28620526,0.21646081,0.25638717,0.37160447,0.2692168,0.281286,0.24530591,0.2765178,0.17993893,0.20558912,22.4135780917292,21.037236732939327,22.94342766966904,22.452817490297928,21.76640848753859,20.76801791903702,34.17460703681509,1261.6805513601669,1789.2216208972031,2631.688701923077,0.0415114182692307,0.07697148,75.99954044117646,country
-64.374756,34.369038,112.85833,13.954787,-20.274704,18.19391,41.88291,9.165677,-20.614738,9.616809,25.271965,6.812775,-11.245377,7.667683,20.002924,8.29452,-17.28173,6.94039,22.402893,8.90139,-19.091772,5.532647,6.019969,6.5354652,-17.83648,6.6640453,2.055456,7.2879024,-12.062607,7.7445183,0.2045998,0.5576023,0.35476634,0.29828984,0.28481707,0.41322738,0.5768032,0.35323575,0.34748477,0.2744646,0.5682147,0.21233779,27.51018120669566,14.33337137177629,19.62306783999992,22.03447580531496,21.12715508252357,20.450851209204732,41.57571427956469,2116.294276881619,2181.3136416460184,4490.004131610577,0.1136005108173077,0.17076825,67.99958881578948,country
-1.9464341,21.0339,69.71997,13.922597,-2.355011,9.900791,29.319998,8.896236,10.948789,9.347522,12.282169,7.513062,5.233104,10.937361,8.028188,9.126254,4.355484,6.077625,11.927614,7.471751,-1.1942505,6.8817196,-0.335262,6.071643,-4.9674187,5.1847014,3.2573988,6.6442347,3.0229297,5.2200813,0.200837,0.44461137,0.28692594,0.21938436,0.24003628,0.4057866,0.752789,0.55036163,0.64262015,0.29590032,0.33080238,0.27880782,21.541874984211024,17.057149477288476,20.56460879393901,20.54153426579391,20.11103313950601,19.16052332626444,17.778880900844914,2819.001766236791,2759.6128598348773,6003.3742112379805,0.1311448317307692,0.23668332,83.35433467741936,country
-106.56886,38.38578,89.185684,23.795338,-19.88591,13.892114,34.052082,9.4450245,4.9325285,9.5936985,1.1113763,8.746917,4.4280457,9.008829,-7.5281787,12.592967,-4.760171,8.813008,-1.6288636,8.162716,-5.832695,7.1183853,6.25059,9.268718,3.130787,7.371145,0.31152442,7.7750955,-1.5436882,6.0095353,0.7672844,0.30284235,0.21832749,0.18265612,0.35861775,0.3956517,0.28627148,0.492218,0.25306243,0.39473465,0.29730555,0.35850197,19.481012655963696,18.43715372395756,24.67904438608231,22.25371780847214,21.433117312086686,24.26269322804216,18.092361709531325,2307.7480003647333,2326.4087187832374,4404.451059194712,0.1159405048076923,0.10737409,112.34714673913044,country
-100.82003,46.951927,145.41217,28.114023,-22.352966,26.502728,59.28058,12.107604,5.727673,12.913752,16.146875,15.75125,-17.014723,10.79186,19.32323,7.0012383,-12.402887,7.017872,11.435483,7.604721,-12.426471,9.382309,0.5892461,5.929195,-7.4746733,6.214797,3.612263,8.619686,0.3419136,6.0895867,0.42988032,0.34655967,0.49529582,0.3630825,0.26989123,0.36065564,0.3968358,0.5576206,0.41407564,0.44013423,0.3529855,0.41031772,24.084485465395375,16.273648440171577,20.35289376267339,19.5342525570328,19.93551169719055,18.91445218844203,38.5045275637462,1387.4769848575224,1664.97353401404,2918.3287635216348,0.060723407451923,0.21333456,112.34714673913044,country
-48.12084,28.178198,104.11317,24.141499,-23.72281,18.755936,50.93797,14.221012,-11.614047,13.823147,18.914412,11.444143,-21.639307,9.357115,13.457859,8.574915,-19.540049,9.988252,17.388466,9.829925,-23.216127,10.663181,10.289235,8.020278,-14.351206,5.5928197,5.321039,7.9771075,-6.7049055,5.0963783,0.30739707,0.44161806,0.5848163,0.3529553,0.32420385,0.3604369,0.40297958,0.3633644,0.36560604,0.47717634,0.39149803,0.4387841,23.618097314431843,14.466628329950268,17.704004461546067,17.20859296122296,19.03803063160377,17.916463537754723,41.84837379636826,2286.89668675869,2215.561189453336,4700.035682091346,0.1105806790865384,0.18150151,117.45383522727272,country
-142.41356,55.61413,115.69674,24.497375,5.7116175,12.455836,46.453354,23.081697,-13.014329,13.184968,13.805206,11.479507,-15.162579,11.549078,25.66819,10.101623,-16.072687,12.340398,12.227708,14.357238,-8.410284,6.1230903,5.448444,9.837435,-8.914161,8.598479,3.2208865,7.913674,-3.490181,10.413751,0.27219966,0.35669804,0.40020248,0.32615077,0.62386954,0.38500518,0.19117033,0.090945,0.09934916,0.16254556,0.17538227,0.30610418,19.886743774296512,18.51788120677628,21.922949524306947,22.0649742860626,22.37538766556448,19.847706932959927,40.23717489285027,1770.6577713309366,2119.7547152722764,3987.4522986778848,0.0681377704326923,0.14985795,83.35433467741936,country
-85.70948,43.98407,138.61526,22.402107,-34.946087,18.56268,49.07374,10.735853,-16.760458,9.668959,20.379612,9.116656,-10.887747,9.814141,21.375286,9.242048,-16.570137,5.910838,14.299629,9.976011,-0.0017181396,10.67128,4.4817467,7.886396,-14.217524,6.819621,6.4328184,7.441228,-3.2989013,6.754813,0.27244276,0.24790016,0.37717685,0.68958753,0.39466023,0.536083,0.3013227,0.31556916,0.20497105,0.34047374,0.7224978,0.29373598,26.14150572569416,15.563048968214831,18.443729058939606,21.237270236268053,19.74375801451021,18.91497064745819,38.31844861086079,1689.2983026048623,1834.5195723447205,3588.756760817308,0.0900015024038461,0.1540223,112.34714673913044,country
-106.14458,47.44542,92.46555,17.544859,-3.1339064,14.558793,28.500406,14.324833,2.2848654,11.744952,-2.3962567,9.669346,8.288907,9.646362,1.926658,7.5006127,-6.001662,10.351123,-3.2577834,8.352224,-5.135808,7.4860997,-1.6817106,6.4725733,-5.0773625,7.4743695,-5.068055,7.3076253,-5.479997,5.8081946,0.47738972,0.44248885,0.4234935,0.27362552,0.34599116,0.24619193,0.23766576,0.52217454,0.4260373,0.29869086,0.31574184,0.36650676,25.21513845300982,16.735774835039617,19.216705876620857,19.61775582447596,17.938034166427713,19.3122818607713,15.862969140315892,2249.119846134059,2510.1180778916773,4628.56201171875,0.089873798076923,0.10975157,143.5546875,country
-98.960144,32.275345,42.85994,22.467194,11.981883,19.581743,35.977936,12.987568,9.714023,11.934584,3.9568017,8.776396,1.5296386,7.9984975,4.3559437,7.331865,-0.6905024,6.440624,-1.136223,5.3793073,3.048976,6.9045205,4.4065037,5.652146,-3.660544,6.2035036,-3.1262562,7.294205,3.5355327,5.8450913,0.5744033,0.6872582,0.38102672,0.46684256,0.57532746,0.3699568,0.34033433,0.26775354,0.31412584,0.31917426,0.29619837,0.4096286,23.377485441561543,15.097311933117982,21.529240555909468,19.767599171151826,19.31458850701904,16.773115341004114,15.290412373423916,3661.157786080166,3035.7711255456843,7273.750375600962,0.1996844951923077,0.08804995,123.046875,country
-72.536125,59.541912,88.1745,25.539566,-22.678152,19.761234,27.112692,14.99816,5.9314775,10.889147,14.087374,9.023342,1.04238,10.249301,5.9498067,8.396424,4.2533045,8.165727,7.082164,7.029239,1.6207497,6.3155837,1.4364727,5.766797,-1.9259653,6.7521462,-1.1171556,5.3212066,-0.94170743,5.6771283,0.43690822,0.38584438,0.47387806,0.31455445,0.3678628,0.6041006,0.51823235,0.59371746,0.35985932,0.2993858,0.28899676,0.2860178,27.01886323012729,14.372393130640694,18.09517819263262,17.724422926339027,16.75518840695065,16.89247587672101,16.300943875764688,2430.6328818886964,2382.8048715391506,4944.354717548077,0.1193058894230769,0.14713,135.99917763157896,disco
-254.46841,37.12452,105.53643,26.946712,-10.918681,24.601778,10.880803,18.264177,-5.278838,9.80482,1.5990973,9.678717,-15.559144,10.4946575,18.697327,11.28273,-27.900465,11.611737,18.854576,10.834779,-21.168793,9.257102,11.739683,11.680455,-15.279805,7.5567727,4.6760135,7.3458753,-7.734841,7.9198275,0.3084304,0.17535777,0.11453928,0.17191438,0.35412052,0.41358513,0.1901445,0.1347536,0.15556787,0.24806243,0.28813922,0.26142484,20.94773265833861,21.373669703512057,22.519527218289383,19.58492103501416,18.60585751969788,18.442045216810797,37.21053218684273,2370.009733396544,2449.527362728297,5302.302809495192,0.1008826622596153,0.04575571,143.5546875,disco
-103.03576,36.145527,77.348816,20.9942,-7.439436,16.269955,52.80302,14.849212,-9.072402,8.423315,23.411484,12.595069,-18.900038,9.659069,23.199177,5.8997316,-15.2142725,8.503498,14.897256,6.7314887,-11.35226,7.1488547,14.000511,9.429314,-20.429092,7.505457,7.0733314,5.9763765,-14.615342,4.5720267,0.3509363,0.5475956,0.2923997,0.30726346,0.47147632,0.63064396,0.8039557,0.501047,0.50852567,0.457528,0.42408633,0.27406102,23.388024570868296,16.69643468500641,17.459609110976892,17.542159596735956,18.292297081204083,16.95565776711264,41.63964819630039,2891.76236894692,2534.6072987182074,5923.7013596754805,0.158721454326923,0.100425676,107.666015625,disco
-35.70691,36.642178,55.38547,23.042564,-12.877172,17.7262,21.241682,19.031448,-3.288084,12.993992,17.4098,10.072134,7.1602893,9.458921,-3.5594544,9.46088,-1.9592454,7.1694016,3.2308984,7.3736033,0.40941933,7.735072,-0.16615319,7.675838,0.16051953,6.135367,-2.7583222,8.051658,-5.8691864,9.406448,0.32177857,0.57921016,0.42837295,0.3792154,0.2797662,0.35464263,0.44318286,0.3798293,0.5535494,0.38359797,0.243171,0.27380282,24.762923135737186,16.244546356506945,20.365940634730528,21.7778417674979,18.30229312569489,18.752005740510064,16.561601691217184,3106.892439229433,2687.284646255075,6032.278395432692,0.1570650540865384,0.17665009,129.19921875,disco
-207.56075,54.84317,94.85865,23.874828,8.822013,19.541584,46.868576,14.5915575,-10.088071,12.404301,17.828697,15.069871,-17.876886,10.028719,20.123451,6.699555,-21.045261,9.815807,11.142277,9.566886,-18.315271,7.0508037,4.1606975,9.471214,-15.216747,10.631906,0.3124834,6.942596,-10.182768,7.9922147,0.39758143,0.5140976,0.3233458,0.31114355,0.35137668,0.47042638,0.3752769,0.29640532,0.41545668,0.31674933,0.41587928,0.36765206,21.887572842667296,16.423193431602634,18.39512218531701,18.22399595476919,17.625097872108327,19.14660594062574,38.66194581879614,2221.232236854756,2450.865200001682,5161.674429086538,0.0848820612980769,0.059116364,198.76802884615384,disco
-21.443476,38.074867,105.952705,19.470325,-42.12986,20.663963,35.959877,9.48845,-19.605215,10.985762,29.020693,10.017637,-6.997185,12.681445,11.686746,7.343286,-15.775205,7.932518,20.189291,6.930104,-14.775971,7.452093,7.448046,4.719734,-13.3629465,5.109131,9.419854,6.6292877,-6.6462693,4.9642525,0.34157246,0.5378171,0.45649174,0.30702445,0.36570165,0.46570122,0.4746456,0.32762992,0.56826544,0.5371705,0.42709047,0.35266036,22.20513996728116,15.925192072674648,16.921620440050887,17.720969942031893,19.471995157387884,19.12814535105537,40.96484091806512,2262.0489641115646,2086.5832050742188,4577.213604266827,0.1255784254807692,0.21608114,117.45383522727272,disco
-2.1307735,19.085514,75.21008,7.317058,-29.168596,10.370931,18.270283,6.7354107,-1.2004722,4.8684344,-3.4734426,4.842949,-4.750557,5.1516066,7.7738633,5.056021,-5.451537,5.5932484,0.58906263,4.4229865,3.6218855,5.514126,0.5201427,3.5949476,9.41072,4.035267,10.098926,4.115021,2.2112744,4.0466743,0.7181589,0.4358478,0.87836057,0.56077003,0.5440777,0.22503798,0.2676158,0.5363855,0.32838747,0.3739233,0.30142203,0.40409434,23.83396049215986,13.766499793252503,18.455091470088224,17.727139228620253,19.34729778607362,17.98399978795458,15.387317590388962,2741.2885178177144,2465.3500586878977,5324.332932692308,0.1667518028846153,0.1777544,107.666015625,disco
-56.765068,68.2377,56.590942,23.30135,-16.684097,23.526491,26.715202,14.000667,7.984409,13.09658,7.0273004,7.626481,-4.4738436,7.4838243,9.337145,5.8262424,-2.3508725,8.409799,-2.8435647,7.828032,-6.6136823,6.829413,-3.3614047,7.2277904,0.15264381,5.8673043,-4.123627,6.2348495,-4.7408605,5.888469,0.66306716,0.5259979,0.58090633,0.46117303,0.5301903,0.5862583,0.35561615,0.469187,0.32707298,0.36842075,0.4377726,0.5247922,30.691292276348022,14.162862880738086,17.261170097665058,16.637673780619586,18.529861952946884,17.262337281230227,16.195404613516306,3235.42391370766,2656.836823895278,6192.8663987379805,0.1998497596153846,0.12686048,129.19921875,disco
-87.1233,56.914173,88.97045,24.368622,-13.809355,15.494052,28.82064,16.785015,-2.7046518,10.674952,18.004946,7.6777143,1.686096,8.163147,2.6563532,8.414259,1.982822,6.313141,7.0346375,5.7023454,3.507358,5.8411283,0.57576,7.811765,0.56432205,5.980932,-0.8103647,5.597684,-1.9937679,6.755817,0.34421042,0.35573274,0.55433327,0.41385803,0.48785013,0.7078031,0.57330203,0.7715178,0.39495808,0.3630287,0.35096255,0.29883692,26.009024630770845,15.25038001286168,16.039575842077493,16.29625748214668,16.26440877465069,16.000697622129533,16.973520797676542,2408.2012892188395,2420.654126654063,4991.976224459135,0.1069298377403846,0.13042468,135.99917763157896,disco
-98.96046,49.79762,101.97952,25.82689,0.78603834,14.126061,44.432278,11.135,-17.27362,9.920423,25.84067,8.996856,-22.089783,6.904983,11.59842,6.9317017,-20.163927,6.953231,15.758958,7.1186476,-13.4655485,8.804263,14.966156,6.6757016,-14.595549,7.7569957,6.862643,7.342704,-11.530553,7.221114,0.4178126,0.50020826,0.45823178,0.38688707,0.3895089,0.5499583,0.78050977,0.42910215,0.2958032,0.30809245,0.38491935,0.586614,24.24675505668715,13.10725042118045,16.408726268922404,16.528659653852888,16.420354554010956,17.324244516091348,41.732508019031584,2325.838225795842,2404.6014469564293,5188.839393028846,0.1036245492788461,0.12622343,123.046875,disco
-77.2914,58.743504,64.97919,24.489906,20.206915,19.861675,26.462553,24.172945,13.00745,10.951129,10.219473,11.089071,2.3596485,11.130581,3.867202,7.991127,1.3382149,8.221862,4.4505625,5.9367905,-3.4452271,6.8348327,1.9021856,7.6268945,0.3706564,7.8920217,-0.10360354,6.7252946,0.67371345,4.713643,0.3182516,0.38685817,0.6474445,0.58349764,0.425002,0.48549944,0.4544922,0.50690365,0.38803723,0.38104048,0.3517754,0.2715537,27.779651401326998,15.168096318045476,16.830428331351847,16.376222956000298,17.895794104928225,17.046960978704163,15.966613436591937,3079.818539932664,3031.835660671867,6748.919959435096,0.1229905348557692,0.14453448,117.45383522727272,disco
-81.79768,60.885857,97.13182,19.390814,-13.631292,18.818247,29.652033,14.36255,-18.833397,10.379933,17.099167,15.241766,-10.006563,9.217237,18.838964,12.07931,-12.665632,7.8945155,17.26807,7.5565577,-19.508064,9.763806,14.628337,10.167872,-2.424792,11.324477,15.04519,11.691789,-7.9992676,9.826381,0.30899182,0.44431147,0.2975602,0.31740284,0.23333856,0.16614506,0.13947636,0.17286938,0.3743678,0.48810244,0.21744664,0.15311365,16.82544998233538,12.943881642078631,19.24296828494708,22.76103194576972,20.818798040515063,20.438828750653023,42.41548547822382,2318.6579033794383,2332.821111952569,4989.657264122596,0.1043231670673077,0.1951818,129.19921875,disco
-89.366806,41.557316,89.527176,16.958237,-26.065182,12.943749,42.468136,9.232507,-20.100248,7.499682,33.64441,7.468241,-17.96386,6.8510833,22.752016,6.449375,-17.162287,7.3846116,15.626474,7.1242642,-15.857018,6.285061,16.342083,5.458674,-10.353241,5.113608,12.874613,5.571256,-7.0723815,7.024804,0.56038374,0.3455274,0.4035854,0.7381473,0.46918803,0.35334003,0.3362673,0.56358945,0.372744,0.3157962,0.5832315,0.4731362,18.52919408375507,14.464600820150713,17.793767639706758,17.54506761241347,17.888865371357475,16.69714886981147,41.53211990182504,2686.079053419175,2389.213168492296,5572.047588641827,0.1544170673076923,0.09593225,107.666015625,disco
-82.63926,27.445127,106.02024,19.624256,-36.940887,13.954512,37.282406,12.494799,-15.397145,8.158833,36.891632,9.938248,-11.977601,8.959192,22.85311,6.539848,-22.910112,7.3524146,17.851412,7.5526576,-14.681478,5.5140758,10.71798,5.7534223,-12.924264,5.832771,5.8010116,6.5688853,-10.377687,5.903428,0.538339,0.36996248,0.3412435,0.48137167,0.41356376,0.58787453,0.38856646,0.38622186,0.5448392,0.31386444,0.27940738,0.34889525,25.561059915460035,13.785024935205678,18.10311018246996,18.009608904253597,17.51590393171742,16.96910648340452,41.09114837738326,2260.2689288194274,2169.3513046099542,4697.965181790865,0.1183330829326923,0.11824641,107.666015625,disco
-159.99141,45.264698,96.22518,16.057999,-21.24411,15.732994,40.224144,11.573333,-18.888102,8.879436,25.300207,9.207498,-13.619172,6.469302,21.455357,6.789823,-14.628369,5.321602,17.62548,5.6528006,-10.116637,6.9410725,13.934049,6.078283,-11.02814,6.790073,8.277411,5.0911207,-7.6442747,6.3167386,0.5601356,0.27676186,0.3008108,0.4600813,0.5102425,0.8460547,0.45600754,0.38711345,0.2405754,0.26350105,0.25130236,0.26350272,19.41019671313217,15.489994263915088,19.81399123918182,18.687630659705995,17.900381390536836,16.340819643718273,38.27501329091031,2391.5798690948545,2364.795857930349,5234.473219651442,0.1090745192307692,0.06737917,129.19921875,disco
-169.61903,71.13668,124.381546,32.3741,43.85,21.019487,24.029425,22.65057,20.003849,11.806138,5.2369375,8.23863,2.2063618,11.441984,1.305691,6.3310494,-3.806242,10.513161,-6.0105853,7.9387884,1.7612405,9.729868,-1.5942777,8.448437,-2.470647,3.7602823,-5.4192014,6.806677,-1.3404691,5.088858,0.19574365,0.46321848,0.67207,0.41590172,0.44603476,0.42856774,0.36560977,0.4117292,0.27886012,0.27977628,0.2066494,0.21246745,31.15613459033064,19.075923099324147,22.663436034442974,19.74253460856644,19.581129268186917,16.67675212346951,15.234602403954057,1596.1944462996385,2393.276416863242,3234.204289362981,0.0454176682692307,0.15266392,161.4990234375,disco
-2.7942722,32.560013,60.9062,20.666147,-17.770302,16.538393,29.186047,9.474086,9.135934,10.005322,15.4784975,8.5814705,-0.616064,10.787893,12.628072,9.531805,-0.46279952,7.5883613,8.535478,7.9713864,3.9104233,6.5720687,9.460042,6.446068,0.67184174,6.405816,0.5782377,6.9841485,-0.727081,5.7786436,0.49749133,0.5565371,0.41787544,0.5133465,0.47706363,0.5793612,0.43646482,0.35348225,0.38157654,0.37840834,0.38678935,0.39445338,15.85142341204849,14.699821831543051,18.14369249419052,16.373108910768874,18.466949972154136,17.777513634626224,18.599207666596826,2865.3762400901555,2579.1661398650685,5807.090782752404,0.1536057692307692,0.24229476,107.666015625,disco
-104.12015,59.68715,121.13768,34.902946,-27.323484,34.855827,50.778877,13.596554,-8.647403,14.353011,35.184036,11.91646,-3.0973537,10.407999,17.570168,10.917214,-8.961383,9.235861,10.194855,9.885662,-18.171741,6.0360384,4.4088492,7.2990036,-8.2103405,6.4450674,6.2473416,7.7694826,-5.5168934,7.6362653,0.3019497,0.32685763,0.6091869,0.61099,0.43189538,0.32139865,0.32160178,0.43153346,0.35745743,0.36600018,0.32857203,0.35905886,23.12661223436269,16.237866964986278,19.0793632980703,19.749774919644917,18.77495642008072,17.331804339429556,38.1323332630669,1883.7316127449844,1894.2600007914805,3823.965594951923,0.0878042367788461,0.15906546,123.046875,disco
-84.1602,34.743027,77.26801,18.22535,-18.658583,16.485523,42.327763,14.403895,-16.5657,9.529243,27.141615,10.674176,-15.422253,10.1260195,16.771856,8.346244,-17.960716,6.103423,16.935392,6.6629705,-18.942902,6.5375357,17.152338,6.165116,-17.304274,6.112257,9.196448,5.581861,-14.984204,6.057187,0.5169032,0.48299462,0.3678519,0.46470472,0.42753664,0.42536557,0.64589983,0.3792995,0.32503662,0.25645816,0.38502097,0.613274,22.758999779456133,14.775006189920688,18.332884588800766,18.27247327233722,17.31763706983578,17.27571493782334,42.56300990858914,2953.8797237271438,2502.667019160669,5899.1038161057695,0.1697115384615384,0.1053747,107.666015625,disco
-37.49274,36.619778,58.610043,26.460764,-1.6756353,26.314667,29.794127,13.253797,4.7242866,13.900117,13.620309,8.606843,12.521019,9.08792,-2.7380915,8.567453,-0.458914,6.4336214,11.12718,7.1439066,5.016235,10.73729,0.77115214,8.361302,2.6022937,9.155854,-4.7866716,5.0312877,-3.5484493,7.2158027,0.31262204,0.19599392,0.23367445,0.39850083,0.6660315,0.36371315,0.32085884,0.35407802,0.5484493,0.64839476,0.5042143,0.43807483,25.13238180776213,16.74384788906665,18.065648642417337,18.059530900145347,19.648563981419976,19.43448271666797,16.500433692249135,3200.6984315983723,2809.816065223993,6317.92461688702,0.1663123497596154,0.17897874,129.19921875,disco
-32.125916,44.53942,49.422478,23.426407,-5.0057673,17.968588,43.309837,12.565125,16.944052,6.798334,21.964247,14.588067,7.0858617,8.053739,15.328793,6.2768426,0.73619586,6.26642,12.111743,5.9523673,-0.6068676,7.165888,10.513951,4.800245,0.97201425,4.86669,7.796265,5.2428083,-0.41518816,5.913243,0.6870862,0.45604643,0.36146364,0.4517738,0.43406218,0.43689218,0.34807768,0.46838307,0.46351302,0.55988485,0.68528175,0.5983566,16.12721996724021,15.3540023802369,17.6629926908463,18.332804192767554,17.75426690348373,17.23165101589494,18.575896204916816,3067.271735657994,2719.864764453518,6281.31817157452,0.1478290264423077,0.20326206,129.19921875,disco
-94.60446,46.779915,91.02128,16.328533,-22.40427,23.28554,33.954285,20.887236,-17.276638,11.554459,24.711874,16.157099,-15.820068,8.286823,22.31211,7.798875,-13.852456,8.350951,21.7699,9.1318445,-18.348667,7.24895,14.730194,8.661623,-17.04739,8.10366,7.0132036,7.908689,-2.3588169,12.984449,0.38623953,0.3562192,0.38771886,0.27747098,0.366316,0.38149995,0.34165484,0.55096215,0.35170218,0.39887813,0.3293589,0.2915465,19.78953449078909,13.471855913096666,18.59483108958897,18.512088830520167,20.378370663563626,20.130024774254714,42.735989207820055,2583.794622374977,2368.4846600929463,5431.667668269231,0.1405911959134615,0.13201739,117.45383522727272,disco
-43.81174,40.990623,67.74643,27.538042,-23.948881,20.012262,34.94774,16.89166,8.588934,14.855811,9.162658,11.686074,-6.6891947,10.837215,12.757472,10.00218,0.8087761,7.378609,2.97624,9.927951,-0.23193084,8.332392,0.14420809,8.197429,-4.426681,7.003743,1.2462064,6.0253053,-4.2053566,6.5454235,0.35140157,0.43329704,0.39824587,0.53346276,0.528353,0.43127263,0.58770424,0.44418624,0.55782986,0.5065344,0.4683411,0.343519,17.44567796664735,14.993212713261112,17.751161094129944,17.538157934693825,18.14779056908919,17.292255569416493,18.076370825214376,2764.9828908645627,2380.419367799685,5304.124849759615,0.1625525841346153,0.18090734,123.046875,disco
-70.72362,37.493073,61.34955,19.242977,-11.34609,20.395912,12.707078,16.117596,5.929258,15.270127,5.298162,14.378409,6.1457953,11.864132,4.1304774,9.649016,-7.89186,8.415555,-2.7425816,7.2202454,-0.792972,8.142263,-0.07610867,9.632527,0.33364722,7.0646806,-3.8371902,7.3288984,-2.2300296,6.294526,0.48473668,0.44470298,0.36086702,0.3090179,0.5092402,0.4655733,0.4308846,0.4135413,0.34318143,0.36689663,0.2792312,0.34249595,26.303489757075493,14.502103228300085,18.11771703743403,18.298937514309603,17.475059487520703,16.140357647082308,15.311783479218596,3090.9343222187995,2876.4962438840525,6617.401780348558,0.1503117487980769,0.111580975,123.046875,disco
-46.435555,55.75446,97.708176,21.809992,-27.9617,18.652094,35.375816,14.646944,-22.243055,14.873006,29.529736,6.554793,-11.216837,10.977722,25.521147,7.1715255,-15.532916,8.930028,22.700542,7.841686,-12.27909,7.7571173,12.556722,8.488742,-13.199864,6.1717663,8.477196,8.087098,-10.966932,6.207437,0.50002134,0.44573283,0.4123269,0.4069092,0.5572643,0.420551,0.45758384,0.51164675,0.407087,0.45072392,0.33273602,0.43745488,20.157489333355493,14.474964643568516,16.8674173874646,17.552419646302834,19.52830135639663,19.726921231846475,43.676068897022375,2504.9940528078937,2285.832821600113,5165.566969651442,0.1424429086538461,0.17967647,135.99917763157896,disco
-105.89976,44.171448,89.80431,25.838287,-1.6043941,21.119596,34.89106,13.383559,-6.671408,12.1123705,-2.2812903,10.471337,7.9464507,8.96468,2.899655,9.79156,6.532667,7.496936,3.474761,7.888993,2.872243,10.387383,-0.0059785107,6.791059,-6.4932947,6.4075203,-0.27088696,5.808004,8.497801,7.486989,0.230529,0.2193629,0.47507688,0.41817772,0.4249421,0.39226726,0.43013746,0.63526285,0.2321088,0.16368885,0.20712723,0.52326006,25.093344302617968,15.98993554921602,20.760003202231296,20.32144749435633,19.47979775201337,19.746506841566653,16.250731088898394,2410.683023175729,2532.70144552889,5075.955716646635,0.0977013221153846,0.11549312,112.34714673913044,disco
-76.682755,65.167465,92.746346,22.456436,-42.504635,27.35788,41.810036,10.27295,2.2430174,9.469604,33.712486,9.992323,0.60733265,10.049311,15.466216,8.781991,-15.15736,5.4240847,16.377619,9.987982,-10.656215,9.219085,16.095133,8.984721,-3.2306786,6.9796567,5.3245807,6.8459535,-11.395574,8.150615,0.48662955,0.48952365,0.64442915,0.5325606,0.25788698,0.31112483,0.39457768,0.5104309,0.19088502,0.22372192,0.44434074,0.3215886,19.832999826597504,15.559843723859338,18.29655284226503,20.27975941924224,20.532612248116017,21.63130505665373,40.0553572781849,2219.092726925476,2031.571425729513,4288.834322415865,0.1182241586538461,0.19336878,99.38401442307692,disco
-134.90843,41.977516,109.588356,22.153076,-7.9015045,22.914707,33.97358,20.488874,-6.3171563,12.276191,28.571203,7.4697294,-16.998474,10.478832,22.268608,6.476322,-19.38593,10.184076,15.4489975,8.296066,-14.246074,8.449078,11.345612,5.8490014,-17.914494,6.982562,5.696814,6.143441,-7.858664,6.279721,0.35780704,0.2556381,0.35486123,0.6210871,0.85581404,0.6266881,0.5038995,0.4155934,0.46391138,0.3924542,0.39154065,0.5052937,18.595460345702183,14.637543074722617,16.71496085603699,16.866600651387373,17.65887607269114,16.32899150556493,39.73854693019266,2127.589970832189,2354.350891739753,4900.294471153846,0.0983248197115384,0.0958649,117.45383522727272,disco
-136.27177,60.7,86.63898,21.47522,-41.154606,27.386309,63.178844,14.753353,0.042200074,11.014299,21.471401,15.510335,-16.334251,9.040642,30.774693,9.8633,-11.11813,7.7737117,12.694896,6.700925,-4.9224377,6.7644286,9.020861,8.09207,-7.793423,6.4911327,6.9559493,5.7918534,-8.480587,6.4238153,0.35176012,0.35338253,0.5491849,0.62633556,0.7018204,0.6006476,0.35498363,0.25133255,0.26835203,0.27563348,0.2830325,0.47092807,21.74532816859608,15.06780870015218,17.3952500880939,15.813772787006595,18.76707427091462,18.7420794643567,39.04707458147959,2427.482369975401,2045.8127062545043,4529.840557391827,0.1395432692307692,0.10215113,135.99917763157896,disco
-132.42603,76.09771,88.275764,31.234922,-20.533459,24.429552,14.630209,15.035656,7.9807796,12.009481,10.640884,10.303333,2.7982464,11.662345,-2.530528,9.72317,-0.2133707,10.363328,1.5898954,9.458904,1.0187078,8.490963,1.6536676,7.3518524,-2.021942,7.1307926,-3.7878296,6.914375,-0.84959084,6.7272058,0.395949,0.27768058,0.45575494,0.34467092,0.39109185,0.5660088,0.3899941,0.46588534,0.38576216,0.48316604,0.20971708,0.31408575,25.633959743823848,15.323812531330471,18.91327864206886,19.655042692651573,20.283132874942904,19.55437102750154,16.190988454552375,2389.714382277507,2433.471784843603,4799.585336538462,0.1192608173076923,0.10610024,107.666015625,disco
-154.17796,73.899506,93.40609,26.086843,-14.860959,24.301897,43.392544,17.088034,-6.883984,14.931393,33.362877,12.30102,-2.9413443,12.6188135,24.55764,9.529067,-3.9177973,9.929247,13.136065,8.21715,-3.4889903,8.477741,6.9240093,7.0923715,-3.0054138,8.724355,5.8750477,6.753049,-1.1572348,6.910835,0.52117455,0.3758435,0.36698437,0.38194352,0.41030625,0.53627986,0.39485857,0.43527788,0.36710042,0.4919426,0.49906194,0.43056238,16.50141464387707,16.615171278356566,17.82433494934323,17.808747407892543,18.383276633689725,17.75063780887415,38.17059714476239,2075.2187285003856,2180.0938611162283,4589.222506009615,0.0944185697115384,0.12908778,107.666015625,disco
-27.356003,49.252644,55.406364,28.83183,-7.565957,20.761993,12.838714,19.873026,0.2904155,17.561445,-2.0848699,14.532691,-4.533579,13.817655,2.535213,12.756533,-4.075594,8.512001,3.163524,9.334599,-10.7857895,6.76885,-6.011465,6.363565,-2.5108,6.7801867,-1.4800572,6.1638355,-4.482376,5.5979247,0.5534839,0.48149818,0.39264715,0.49317533,0.34591675,0.3457178,0.4029192,0.45698768,0.40055054,0.40856206,0.5777419,0.51084656,26.344128369226382,16.259723938091316,16.26246201107954,16.74651733160419,16.271970060038797,16.34929665389798,16.137713779714506,3185.1565537895417,2857.7209925112584,6630.570162259615,0.1631310096153846,0.170453,112.34714673913044,disco
-196.79547,91.37464,108.41657,33.61189,-22.20709,21.72969,45.016117,12.546429,5.6425076,13.428338,18.917006,15.040331,-6.546454,16.220394,18.077078,9.694417,-12.7309885,10.005068,0.44186765,11.937843,-10.417333,9.734581,4.082652,9.617581,-9.524303,8.173821,0.90894985,6.766612,-10.91742,6.944244,0.39612573,0.3264678,0.32117745,0.4008347,0.6940607,0.5079795,0.28820917,0.39283407,0.3252365,0.37771428,0.33736986,0.35347965,22.615196796403986,16.436316926126516,18.211517687972467,17.504946611992366,19.164574065555453,19.81774287398656,35.68192623952107,1939.1540694307007,2037.4068382309392,4151.767202524038,0.0783052884615384,0.0814688,129.19921875,disco
-44.864197,40.625843,67.31399,29.927513,-6.835555,15.871572,30.061628,16.486465,3.4583342,10.61449,17.010544,10.089331,2.5535753,10.399679,2.5592244,7.971913,-1.7131219,6.6757116,5.275818,7.6632624,0.32861483,7.598205,3.1445556,7.3829184,0.45778388,7.1418943,-1.162427,7.3239117,-2.3412833,5.706265,0.42979288,0.6914497,0.40722522,0.36677128,0.59844476,0.34804717,0.29477414,0.31790745,0.4724953,0.4538374,0.33263764,0.38032603,25.09402548048454,17.129988934504937,17.881273683868816,17.14934472783448,17.054483816394473,16.817534403055518,16.95285531252963,2841.6167127733024,2649.4706401140616,5745.969613882212,0.1167893629807692,0.17268877,129.19921875,disco
-62.470955,54.445835,69.08275,23.385256,7.992394,13.437596,17.25154,16.866955,14.984693,7.536338,8.812733,9.932994,3.857146,7.3565545,4.812189,8.224999,0.7775707,7.4966984,4.665447,8.073493,3.482156,5.34511,-0.9800099,4.9214993,1.3570929,5.765271,-0.41463146,4.6023173,-3.623614,5.588183,0.58853346,0.50898063,0.34253687,0.38445887,0.62515354,0.3921209,0.25758034,0.5231391,0.61676556,0.76868427,0.5378051,0.45658052,26.290616819620173,15.630223453417733,16.70931312340544,15.545897129829116,17.373684975181355,15.265044462278553,16.12824833988263,3044.6130533572677,3058.6754559420524,6858.2423753004805,0.1386568509615384,0.15457574,135.99917763157896,disco
-48.25729,32.55922,89.84743,13.214241,-60.104183,11.974525,45.730457,12.033786,-19.857388,9.681072,17.912868,10.375193,-30.915861,9.271563,22.149397,7.5702333,-23.3375,7.989841,13.337293,8.71813,-23.036926,6.785881,8.325326,6.4732013,-11.76062,6.293602,8.452678,7.4701715,-13.302015,7.284405,0.4913922,0.49205482,0.5129988,0.33381388,0.4155586,0.3942283,0.5928213,0.43018073,0.38091004,0.6444283,0.45516258,0.45858523,16.615123496060065,15.601529747499418,17.4162479898363,17.177401079900875,17.32812851327817,20.120764688616266,43.37909724339671,2542.069816452995,2038.9250823973464,4738.795447716346,0.1731069711538461,0.14052577,129.19921875,disco
-66.43176,33.13537,91.75801,17.135765,-49.09906,14.713345,37.870453,11.996769,-18.66961,14.963103,20.056711,8.833272,-31.73815,8.64051,25.172747,8.423607,-22.775661,9.476013,15.436774,8.928701,-17.539835,8.562005,10.75889,6.1643615,-11.566318,6.7923675,3.379549,5.540414,-11.923547,6.051555,0.3730891,0.35668334,0.53362894,0.44303373,0.35524788,0.49494764,0.28944597,0.38878042,0.27818018,0.3420199,0.6081313,0.36424854,15.93051707367461,15.474295579618564,18.27536831252324,18.23427384336188,19.0920853795673,19.66100747808381,43.18021600623653,2600.3273919030685,2177.2266798357523,5160.929048978365,0.1682842548076923,0.12438042,123.046875,disco
-192.09102,63.19982,130.7235,23.619968,-17.425863,16.28033,36.4313,10.535722,-5.8490987,9.471973,26.713572,9.028481,-8.312299,7.4513764,18.595846,8.295609,-8.683905,7.90596,16.273884,8.819608,-8.141519,6.6630397,6.536829,7.278186,-10.037485,5.685492,2.03318,7.1826334,-6.5939145,7.33173,0.38488272,0.32160842,0.35583243,0.32148784,0.41661552,0.466063,0.6308515,0.4946437,0.39787868,0.54296285,0.44569433,0.5013407,16.572896326444788,14.54040947585092,16.75777065138656,16.515137375820245,17.74575635098934,18.143245111623607,35.41878660474194,1658.1700597295896,1959.821030880448,3583.9532001201924,0.0708233173076923,0.06327441,117.45383522727272,disco
-222.13222,62.052357,98.13205,24.139307,12.704099,20.542122,39.88666,18.485231,-12.142289,11.260544,19.172968,13.812431,-11.9275,9.199585,23.868908,8.841735,-12.573725,9.677046,17.183838,8.217458,-17.618525,10.693421,-0.53143805,10.79008,-19.723198,8.467586,-0.991811,6.264672,-9.550711,8.288287,0.26341078,0.34594545,0.23300631,0.20510364,0.24973767,0.50103825,0.34770876,0.22014181,0.3347037,0.335592,0.73215896,0.3608176,21.848957439510365,17.151848370584332,18.724006196641305,22.72494560985571,18.900391856422253,19.363409571859812,38.098331097303095,2084.238696474452,2407.479598785793,4923.815354567308,0.0779221754807692,0.06052317,99.38401442307692,disco
-88.400856,45.03519,91.090576,13.165107,-27.852682,13.502263,33.205982,13.032897,-21.633638,12.88789,26.46436,7.707057,-18.901579,10.678512,25.479092,6.80508,-19.228659,6.0907373,14.898486,6.578877,-15.95669,6.4026737,17.247261,5.330879,-9.861416,6.6600223,9.573815,5.0506516,-11.260058,4.567253,0.44421253,0.4361184,0.6124972,0.3218773,0.43436384,0.5311683,0.3971224,0.5358355,0.2956047,0.3039708,0.36130902,0.38875678,18.9945666814282,13.7911420603122,18.016633536087603,17.877928818279702,17.48869426127956,16.771774798916002,42.68481107350205,2663.852743826323,2431.260221674976,5710.771108774038,0.1548377403846154,0.100606315,112.34714673913044,disco
-136.99036,101.69463,99.79446,32.68473,-10.935228,28.121586,45.012413,13.992589,3.758634,14.83358,24.330103,9.9607725,-0.8227882,11.435594,17.860859,11.331614,-1.5275708,11.955032,8.939671,11.785319,-10.879881,10.895043,0.96343786,9.040843,-4.879251,7.534604,5.588706,7.1039877,-2.9635158,7.6457176,0.5739568,0.5385354,0.4576876,0.41206136,0.28784093,0.29024905,0.266214,0.3939974,0.2967153,0.22018662,0.44620785,0.53330886,21.002630981644423,15.211785294733705,18.002977180705212,18.478507948181274,19.335799342510477,20.29635284041176,35.769725861120435,1986.681816796253,2082.765627153228,4143.650841346154,0.08232421875,0.158177,99.38401442307692,disco
-143.60577,60.519176,74.10605,26.701082,-8.3478365,26.789175,59.093914,15.3285055,-7.254809,12.17935,28.990396,12.350792,-12.855163,9.030298,24.857164,9.733811,-11.207192,6.9313016,16.504616,10.98034,-17.344177,7.168351,10.402655,5.8308043,-13.178279,9.258072,3.9064393,10.073993,-4.875002,9.781162,0.3577448,0.34427962,0.49885705,0.5476136,0.41622627,0.46594232,0.41741505,0.566534,0.57633525,0.41941357,0.39059788,0.35524115,23.424204709048343,14.791610319311062,19.060770860686755,18.521632840872392,20.141781879061547,18.67350578453092,40.81387773122856,2720.4109346221603,2399.025549032069,5473.491774338942,0.1288611778846153,0.10617359,123.046875,disco
-126.610306,31.338583,82.88974,20.066826,-14.929887,10.726222,45.58713,11.566195,-8.6441,6.9509788,33.35867,7.9206376,-18.193213,7.6030784,21.703869,6.3415484,-13.642183,6.5508475,18.696785,6.101611,-10.217909,5.5669675,11.9850645,5.9649954,-9.635201,6.6688795,9.388422,5.6801004,-8.742364,4.9840713,0.47146025,0.45303488,0.6507333,0.36987394,0.46922565,0.60727054,0.60240185,0.720749,0.46787298,0.55549645,0.53374916,0.47516897,19.884972062367083,13.12502073767774,15.863054609954904,17.73829095318203,18.489613398137955,16.82474178040937,41.2437175723733,2692.961635823924,2490.373772374869,5788.539100060096,0.1456392728365384,0.08490323,129.19921875,disco
-62.641346,68.347404,65.356636,35.147633,1.4261822,25.81033,16.70118,26.015398,2.3545554,21.724976,2.8741972,17.54267,-4.021801,16.13719,-3.0903606,12.649019,-5.8095927,12.599872,5.274652,9.267549,-5.244809,8.726882,-6.295544,6.3107753,0.20236476,7.585567,-0.7326716,6.420089,-4.1987247,4.9799595,0.57495284,0.45031455,0.47700077,0.5593211,0.42716128,0.413041,0.48415065,0.5838601,0.51583344,0.49493983,0.49740285,0.56775963,26.341473704899453,16.115231672550937,16.25393412928707,16.25150187274109,16.848628672937284,16.13988067883452,16.133262064332204,2869.776751837321,2812.7967586923523,6135.058030348558,0.1286170372596153,0.18633784,112.34714673913044,disco
-130.20123,56.464653,80.29312,21.731956,-32.87552,29.798546,62.998817,16.454025,-2.175942,10.582121,21.517212,15.195175,-17.003056,10.754326,28.112785,7.4966583,-12.935702,7.3183255,15.176981,7.906412,-7.4659967,6.4511456,12.495134,8.553831,-5.41798,8.507076,5.6214414,8.182742,-8.426688,5.9988155,0.3459341,0.31871104,0.5315444,0.5577573,0.6323686,0.5276027,0.3426162,0.28439453,0.24460302,0.2388088,0.34362885,0.49967393,22.74009508173401,15.417185643236555,17.2868444904596,15.890047943924834,18.06420365212244,18.81580370436817,40.17661460028145,2623.922391740213,2203.661376617877,5083.326697716346,0.144903094951923,0.10207084,103.359375,disco
-126.95243,31.482388,79.22778,21.616571,-21.402908,14.067004,45.29189,13.00454,-10.376007,8.190321,28.887768,8.48264,-19.535076,9.048604,21.800087,6.6137514,-15.454518,6.8097353,13.070741,7.3007665,-11.791429,6.0916786,14.103853,5.977895,-8.144178,6.0445747,7.0742693,6.6758614,-10.134735,5.10757,0.48610848,0.56481415,0.63976234,0.35223165,0.42414704,0.56424737,0.51020193,0.6135875,0.41988707,0.4136633,0.4294457,0.4288225,17.850947222512044,12.677215526447029,15.673267202590033,17.52748470388983,18.36619319653668,16.687704254798987,40.59039511306455,2765.219783934685,2430.830928217235,5755.7423753004805,0.1670447716346154,0.07846167,129.19921875,disco
-69.60263,41.1969,78.64031,19.133213,-14.562937,20.93002,-1.265219,13.613181,7.8828435,8.671312,2.7318356,9.493443,1.9540339,8.60287,5.6379414,6.682795,-2.8661022,8.143556,4.3079457,8.046017,0.035892192,5.9967704,-7.8898597,7.4409194,-5.561133,8.087202,-0.24629469,7.2170296,-3.098704,5.820589,0.33915618,0.34175032,0.24712856,0.29478326,0.2854819,0.51116085,0.40792757,0.37453914,0.71254075,0.30072153,0.26244417,0.2439862,29.74895110592152,15.07258698143672,17.968768935360238,19.393760228602957,18.947933140103054,17.222774020100726,14.980073636614154,2825.125121261157,2790.8112250380555,5978.69384765625,0.133349609375,0.13432439,129.19921875,disco
-136.63359,78.0652,107.91741,20.33945,16.430952,30.150251,50.596073,15.848468,-4.2117944,12.855316,39.06264,10.487989,-15.26016,10.075365,23.30111,10.093726,-10.701098,7.531826,15.596749,5.966788,0.3068916,7.766283,11.112171,7.25479,2.765471,7.6325765,5.3218827,5.580087,-2.929451,8.172384,0.3031747,0.32982337,0.46963364,0.3392839,0.34369642,0.44627413,0.72359467,0.6965866,0.5452861,0.50935036,0.37892318,0.44661218,15.730415664427868,15.0196998789997,19.487881349344917,16.105125555103676,16.788052893766718,16.504202659682065,40.035248051317815,1786.9927322018114,2293.45479408569,4541.104079026442,0.0553072415865384,0.17455213,129.19921875,disco
-44.880207,37.605915,56.77185,18.369032,-4.0459766,14.895844,4.775198,10.855012,2.5386536,11.758248,1.2299446,11.001252,10.988933,8.302267,-1.333949,8.085433,4.9103146,8.300869,6.6950617,9.044026,-0.97128576,10.28559,3.353225,7.683185,-1.355137,7.946111,-6.3257775,7.84082,-6.7954025,7.1937385,0.23754689,0.35931548,0.2876284,0.39082482,0.39194798,0.3377574,0.42879492,0.4727199,0.5701458,0.34575224,0.28327096,0.2384379,27.448490712771104,15.019418412219968,19.19308982118576,19.064398401680965,18.671861012624607,18.23718956675388,16.370044613009615,3407.952514354735,3144.020321924372,7531.734713040865,0.1594350961538461,0.16049515,103.359375,disco
-118.65997,63.467907,102.36085,41.023056,-14.555546,20.855762,23.330627,11.510417,-12.877315,9.850537,19.229391,14.30058,-11.828344,10.880575,20.84185,7.2306056,-16.547798,8.393125,19.512754,7.55466,-10.922538,6.9775915,13.890338,8.734304,-5.7921424,6.899719,16.49525,8.770922,-0.7163971,9.220031,0.4310594,0.5078511,0.5618988,0.3477699,0.3721097,0.36334556,0.4582351,0.4313487,0.45106897,0.5270909,0.49345234,0.5160244,21.889833402341093,13.176637317614627,17.34708408316341,16.66340414041286,16.303729838972227,16.45348196740809,39.65896973154132,2496.669090599192,2331.9296170544776,5050.861253004808,0.1404033954326923,0.10227758,123.046875,disco
-69.09214,61.40364,49.20221,30.707197,36.749985,24.891176,23.667736,19.541811,13.850919,17.32529,11.299144,11.172478,4.6796803,11.790831,4.738182,12.478738,-0.8546752,10.311887,-4.3816643,10.005836,3.2650886,10.420222,3.8592975,10.86862,0.8334488,8.44181,6.716141,9.486069,4.4782224,8.88423,0.3639182,0.37355527,0.46318233,0.36516848,0.39331552,0.48516336,0.5540822,0.6197149,0.5694957,0.44974172,0.4322623,0.3908567,25.847172208133934,15.979316609753807,20.26127122605886,15.188233056811852,15.425457020743046,16.143186770928992,14.438589415971332,3510.630528135141,3260.174033193861,7541.093374399038,0.1455491286057692,0.2434676,95.703125,hiphop
-60.45616,56.878788,64.53392,24.21159,16.58569,22.656786,51.02848,20.991123,-5.245933,14.053838,14.055571,12.220805,-1.7764194,12.671794,12.051496,7.1559196,-2.01879,8.70443,9.15606,8.681263,-0.7004812,7.7961893,3.0256152,6.1898227,0.105919234,8.27601,1.4083848,6.4444003,-1.263134,6.580261,0.40810493,0.41924763,0.49818438,0.5663607,0.538035,0.5379715,0.41419896,0.4719642,0.54685307,0.5976737,0.46845123,0.41612297,27.110997733289835,13.80329685048564,15.442877736830486,15.26130535536359,15.582107208586024,14.912142136420012,18.72527180621219,2814.404372599277,2671.491475847129,5933.888221153846,0.1195575420673076,0.18703322,129.19921875,hiphop
-102.57259,65.37019,63.01275,24.274725,-14.595023,23.367172,48.53487,16.070211,5.9218383,13.074235,22.301838,10.47072,5.8077326,11.027707,10.888577,10.216441,2.658484,8.661932,4.9490104,9.012759,-3.0444148,7.142379,-1.2199591,7.4419317,-1.0296769,6.695397,-2.4460127,7.1437416,-4.5113177,7.1174107,0.52798986,0.5482808,0.5248343,0.4508131,0.46975476,0.42832384,0.41703537,0.4913595,0.5356896,0.6196696,0.59545434,0.504678,23.96940632131104,13.360932667360624,14.578808505755584,15.479379984623096,14.941220601684154,16.25025882636427,17.18285632567649,2660.213034460091,2398.626425841801,5178.321251502404,0.1298790564903846,0.13403144,172.265625,hiphop
-148.79985,76.86249,79.04723,34.515285,49.389126,24.584156,20.386297,18.4148,4.7859607,16.548037,8.908091,11.2594795,12.243924,13.435658,8.655492,10.517088,3.2217677,8.2042675,7.648921,7.1515822,3.7976882,6.7249875,1.2259538,7.5356627,4.029709,6.019975,5.7706213,6.877609,7.774883,6.4258075,0.44744694,0.4342636,0.40441868,0.41282126,0.45546275,0.4338267,0.3934059,0.45167664,0.61871254,0.65695965,0.52951425,0.4793031,26.73674403474641,13.377506808407023,16.890693296310257,17.805232251257593,15.582761215052884,15.170663651944048,14.4949666169834,2759.824197105648,3122.550813939088,6381.199106069712,0.0851186899038461,0.118373156,107.666015625,hiphop
-104.02412,79.23939,63.00376,28.671593,-8.950843,23.146727,18.05285,18.557705,-0.533036,18.772606,11.427821,12.409837,-6.6048555,14.381345,5.956251,11.059891,1.4459625,12.501721,1.4206194,11.101015,5.897862,8.537487,1.3347008,9.502618,0.36031377,9.335372,6.6482987,8.686576,0.6604865,8.078589,0.39475825,0.46277308,0.42645866,0.47778732,0.48136464,0.42914617,0.5088194,0.52075404,0.46528128,0.42377758,0.34558573,0.32433027,25.556639065818224,16.010049743704542,17.259574909734475,17.490905206793762,17.263815563005146,16.313996385247783,15.992500343175534,2888.37954579747,2667.7576196445084,5888.834134615385,0.1365647536057692,0.17347449,95.703125,hiphop
-143.6773,57.434875,102.308624,32.4309,-39.606113,31.129423,26.326334,18.92344,-2.7280123,17.571213,11.641497,17.281399,-15.988936,12.697951,15.701259,13.702515,-12.105957,18.948399,8.210944,12.949546,-5.2104735,9.762021,1.659389,12.410898,-5.931912,11.071799,-0.88626933,8.557865,1.1453508,9.32877,0.27876693,0.41549432,0.6178197,0.45895636,0.32165286,0.28304264,0.35359374,0.34706095,0.473697,0.51404655,0.3632572,0.2848951,17.652519069291134,15.607369782755145,19.51136959165308,18.53625245610565,18.93143235732049,19.10977188803432,38.12454216922005,1869.0426662879984,1864.792373468087,3560.2666766826924,0.0844313401442307,0.15115248,107.666015625,hiphop
-78.778755,42.791466,77.95934,25.539234,-14.781829,20.180382,66.7999,19.583054,-7.442607,15.200424,26.752375,13.235793,-15.115409,14.498391,22.243692,9.309157,-13.791544,9.0786,14.21079,10.226591,-11.010719,8.409205,13.13761,8.069095,-14.420736,9.099048,6.4331923,7.4253054,-14.808746,7.781583,0.4498294,0.47886428,0.5315501,0.6042181,0.6737645,0.658836,0.54666734,0.36862683,0.30188528,0.3215802,0.35255954,0.39890224,22.975292667528915,13.553298208979813,16.91065527143435,15.08559885518178,16.641626443306283,16.28107042683605,41.96096185359515,2433.308598662389,2324.7487257371645,5108.172701322115,0.1185960036057692,0.19936138,143.5546875,hiphop
-196.3492,66.550156,144.16109,29.995985,11.21933,23.983229,42.95001,15.8276005,-8.327592,18.936346,14.295228,14.080117,-14.813887,15.261882,16.58038,10.849716,-12.7970085,11.971889,11.887865,10.385999,-15.1202,9.442014,8.6338625,8.687201,-0.5022755,11.553017,-1.59411,8.93182,-5.29671,8.471625,0.3853008,0.4180412,0.5543655,0.48528665,0.34851038,0.3708641,0.31116524,0.2647541,0.31255758,0.4659361,0.6629317,0.6140375,22.111543172617285,14.357342618875402,18.473645106063884,18.383376725320797,17.26268030438588,18.388671627053643,35.942324015267936,1362.2034272943467,1831.579866163061,2859.526554987981,0.0500901442307692,0.0950313,99.38401442307692,hiphop
-115.51795,37.391125,83.74658,15.569486,-14.032619,18.713154,47.77608,12.393319,-16.527906,16.21694,29.237896,10.7994375,-19.342157,8.316347,18.639435,9.075811,-18.15076,8.55709,15.508483,8.529043,-11.934933,6.4138904,17.069859,8.224272,-3.5576859,7.970276,11.584082,6.319327,-3.3800993,6.548116,0.4791861,0.54033196,0.43991372,0.37255308,0.3799219,0.37895882,0.3770936,0.46211272,0.47742647,0.44894964,0.4593047,0.41753647,21.2072112480722,12.556171891547232,17.65479046516961,16.861835691914067,17.074380996513323,16.298396232811264,41.80492309392311,2530.323404740714,2447.763347635681,5593.994891826923,0.104619891826923,0.11066861,112.34714673913044,hiphop
-68.57171,74.918724,85.82897,35.274105,-15.228573,41.32904,36.14297,15.190031,-11.433338,17.858213,29.901556,15.299625,-0.41790918,12.686632,31.863499,10.869987,-0.74018025,13.221102,18.319574,11.573039,-2.852833,9.8799925,7.315019,8.401916,-4.848231,7.7663255,15.1189,8.294198,1.5408084,8.274682,0.6354277,0.60976064,0.6273605,0.5910112,0.4455159,0.35036945,0.3373964,0.33215737,0.29866946,0.43162748,0.53531843,0.5894746,19.520502699020646,14.005416655022106,16.854721918229178,17.536126350513587,16.227163528055943,15.99201153132652,36.55576718945425,2342.871020155656,2317.510658211819,4903.441631610577,0.0826171875,0.24521561,92.28515625,hiphop
-73.54239,39.271225,42.758236,21.037907,15.912156,14.423515,21.738483,14.854173,11.406628,13.8432455,2.4159298,12.277985,6.811483,9.605342,5.6698713,8.72174,2.8350227,9.897834,3.0293608,8.429283,2.8649325,7.5009537,-4.4699388,7.596227,4.627324,10.849289,-3.1592245,7.3974533,3.7868018,10.356397,0.47876698,0.48692015,0.46172956,0.44713134,0.38168752,0.33770353,0.3107674,0.35682708,0.5279646,0.4535047,0.3964576,0.42736968,22.49472887820318,14.14254114814264,16.820537255870097,16.711629475362546,16.75175603928397,17.35562152579936,15.179383777318364,3791.103088274972,3316.9456073528568,8111.309157151442,0.1578688401442307,0.13012305,99.38401442307692,hiphop
-102.30822,70.59516,36.306496,34.975235,12.836257,37.210968,40.47965,17.146044,6.604663,16.103153,9.625239,14.099645,-11.416076,12.41719,16.653189,11.158222,-4.4715595,12.416619,5.2410665,10.224651,-0.75025463,10.024853,5.4943066,8.690371,-2.121907,6.5035963,2.1988773,8.543264,0.12973984,7.390145,0.5426282,0.4964848,0.50558084,0.54480463,0.5512948,0.56804234,0.6008738,0.5598114,0.45757946,0.42491496,0.4792021,0.57468826,17.26230470156421,15.079666131340844,15.849565934832215,14.944256469587485,16.00818727092639,16.29993117906413,19.298707280119164,3406.830005815335,2701.978664847481,6516.527005709135,0.213604266826923,0.14548777,103.359375,hiphop
-82.426315,38.980797,41.046707,36.966217,44.655132,16.52773,31.341967,17.538198,23.441612,14.79911,8.371312,11.586725,9.347168,11.929799,10.493236,10.049653,-0.37864783,9.916434,5.498427,10.381969,3.114072,8.834572,6.8978243,9.731942,4.98347,7.3310165,1.9592315,7.43043,-6.8663225,8.117085,0.48245224,0.55252886,0.55824894,0.50345963,0.40818417,0.43279904,0.46482283,0.5160666,0.4388783,0.39739937,0.34481964,0.32725734,28.90444949644506,16.221110762465322,17.503739825066365,14.809450664966809,16.243207140713178,17.624669135232928,16.609200147560703,3451.304096443204,3386.334622676958,7937.966871995192,0.1215857872596153,0.24724142,95.703125,hiphop
-11.201502,17.135647,90.127815,13.259281,-30.824356,8.979021,50.833744,7.515246,-0.84990025,5.376397,10.634604,4.788995,1.4922673,4.946556,13.752195,4.416855,6.3269434,4.8132415,7.597818,3.5531976,-1.5086501,3.8392746,7.425295,4.975851,3.982128,3.8732047,0.46764195,3.7907262,-6.0029693,3.9233832,0.73566085,0.658832,0.5192662,0.4434223,0.46643957,0.37061745,0.5723538,0.41741866,0.22214396,0.30639443,0.44032747,0.62069905,24.12835236494826,15.056264165920997,18.15433772956624,16.789880237745358,18.933764639967,19.25839783062946,18.94768999588896,2219.335477028372,2165.953774270255,4377.203275240385,0.0905987079326923,0.26687157,112.34714673913044,hiphop
-130.50822,46.12423,72.98017,20.561419,-11.754106,18.192142,58.4731,11.712257,-7.3969135,11.114668,31.74838,8.031587,-19.903358,9.158658,18.378195,6.721079,-18.800728,7.311124,17.115637,5.2547503,-10.215836,6.40477,17.181385,9.033096,-3.595608,8.264169,11.350563,5.5688944,-4.599554,6.280683,0.46645314,0.5047742,0.54732734,0.5859697,0.5596562,0.4776446,0.49645373,0.5772379,0.5705553,0.6251094,0.66360444,0.55283546,21.34805225516209,12.020453964219614,16.734815037935608,15.70521166696453,16.62051771751763,16.13991602423963,41.8711476928094,2725.4180203947158,2472.0548783075933,5753.009314903846,0.1313213641826923,0.10165408,215.33203125,hiphop
-191.92986,60.199486,36.005474,20.545784,4.4928126,22.563963,67.44468,17.107803,-6.1614256,12.598316,41.243256,11.47622,-15.087261,12.203077,24.327377,11.23539,-6.076431,8.891135,16.821257,9.495478,-7.409769,9.830473,19.110847,7.6648736,-12.921509,7.81965,6.6389422,6.7226853,-2.502101,6.930377,0.40715015,0.43456858,0.43431944,0.42865437,0.5329998,0.63947964,0.4944931,0.5065596,0.48273978,0.44729945,0.41229665,0.399983,22.21367219232041,15.137921277431795,19.778440453124286,17.607701766385233,18.030950963984104,17.266597845613934,41.55782500256082,3355.112378507672,2589.8820683584577,6397.5146484375,0.1732309194711538,0.061836053,117.45383522727272,hiphop
-128.68724,44.053677,122.50556,21.223938,-41.805943,19.410856,50.289318,17.77035,-1.3183554,18.936932,21.471277,11.432895,-17.124441,11.196424,16.547153,8.898736,-8.044821,8.334635,14.626696,8.020849,-9.436957,8.1140175,11.394871,7.140306,-4.311788,7.4283104,6.612239,7.168543,-4.3836102,8.233106,0.48074767,0.44601557,0.39384156,0.45151985,0.65469915,0.61243224,0.41935647,0.33117488,0.35532784,0.39768168,0.40910822,0.49577636,20.43832507466768,12.937482003257896,16.667068782656063,15.981142421578484,16.8743320083655,16.992890505352598,36.77142214406228,1794.446812363366,1816.840883908081,3501.961388221154,0.0834397536057692,0.10493775,107.666015625,hiphop
-155.49754,114.276,70.65789,35.405407,0.43267682,33.888653,35.318398,17.547003,6.837455,12.66852,27.255917,15.174296,-5.5399885,11.782288,23.74248,13.65633,-7.670041,11.621999,11.7958555,15.433997,-5.040976,7.486771,12.009526,9.217657,-5.641379,9.422023,7.409437,11.297383,1.4372668,8.527499,0.3810761,0.39996284,0.57917225,0.43428007,0.420664,0.61485356,0.401412,0.40480784,0.4043551,0.47270226,0.41817003,0.34905764,21.68633560593907,13.871871160214711,17.106181424635135,17.593167720192028,17.09148262791749,15.938014274019732,35.96282284451662,2504.465810416015,2512.577809537217,5421.397986778846,0.1048903245192307,0.16904216,184.5703125,hiphop
-90.04056,62.508408,75.74207,23.31464,10.082783,20.004362,46.929554,14.516953,2.5248632,19.502464,15.683546,12.150015,-0.9459381,13.643485,7.2839794,10.23232,0.039701726,10.019482,-0.7967461,9.203657,-0.54700625,7.5080934,2.1201468,7.540647,0.31739622,6.575323,3.7007792,7.842353,-1.5368156,5.5347333,0.4074254,0.39565858,0.3881742,0.42625803,0.42395002,0.45955983,0.3997187,0.45692766,0.59757984,0.53380364,0.37600613,0.36240533,26.16427954580943,16.984031867850145,19.065406154391145,16.332604713021087,15.325882960016642,15.454462693416032,16.539086358629454,2282.403657156451,2528.3769061741623,5104.197340745192,0.0684194711538461,0.22958444,172.265625,hiphop
-90.91047,66.886635,74.632324,30.7378,22.01744,25.894558,38.321266,23.865152,10.044713,15.486453,15.900704,8.536445,-2.2502277,12.670165,2.2722294,10.554272,5.5587053,11.695618,-6.7528353,10.488043,2.733333,8.959883,1.1534997,8.543989,-2.2097404,7.869677,-5.222887,9.004999,-2.6201975,6.655341,0.30760595,0.2993653,0.2956603,0.30646327,0.41869184,0.4189337,0.3984826,0.40122026,0.41736743,0.48992825,0.436557,0.36024883,24.68875646345579,16.267693616405655,17.504767226284116,16.29506645992241,17.47244719624871,16.272410045860173,16.030948675367956,2566.051794203181,2730.7103107738194,5523.929161658654,0.0950157752403846,0.2051671,95.703125,hiphop
-38.93576,36.79163,88.89515,21.6309,-13.984784,17.953789,66.18329,10.536171,-18.975098,10.4040365,32.71669,11.042363,-20.472582,8.866975,28.28366,7.899818,-16.633383,9.0641,13.627919,7.591479,-15.186513,6.3912883,3.7794673,7.0284147,-16.924309,6.6719885,4.6043353,8.118768,-7.786994,7.9949064,0.38308445,0.25750315,0.2741282,0.4366102,0.3638316,0.2459455,0.3333945,0.63625973,0.8459926,0.50973994,0.28516418,0.2688632,22.44471907365375,13.721261526858736,17.7652726861744,17.6129531020217,16.26073522175491,16.634536508631005,44.70357632024374,2644.468525999249,2385.1253439713896,5567.078387920673,0.1320575420673077,0.19620743,135.99917763157896,hiphop
-105.29197,41.323727,126.34626,33.072346,-24.769253,22.239042,31.317806,17.046068,-8.805245,16.246866,5.0815206,14.19708,-17.575575,14.408436,9.313836,12.804185,-18.191616,10.484257,11.169287,8.610952,-9.604738,9.331937,0.8773021,9.342856,-10.5237255,11.413476,0.33949617,7.366175,-7.6836867,8.765092,0.4099505,0.36799616,0.57469344,0.5281326,0.44639102,0.46686688,0.40071362,0.4225311,0.4627524,0.59514207,0.3476694,0.2872998,17.313633743501242,13.419984928224002,18.069169949853656,18.238548562874826,18.61519757972561,18.48682904690634,38.301871461732496,1783.434602070147,1841.3807174178964,3430.570537860577,0.0961275540865384,0.15973297,107.666015625,hiphop
-129.01534,55.71978,90.111595,25.783682,0.93322563,31.530931,47.94919,16.726517,14.628189,13.07757,17.584728,11.368099,10.329528,10.867349,10.171962,8.979386,7.490462,8.5405035,12.01844,10.750061,3.3335977,7.2412825,5.5574965,5.773951,-0.39184687,6.147432,2.3331223,6.1775823,-0.3507219,5.6631174,0.4457644,0.40133318,0.41628918,0.49455208,0.6005377,0.8115966,0.6573237,0.4822172,0.44744465,0.485632,0.40585062,0.37736076,25.47517659439052,13.95587962020678,15.350897003452571,16.205059776469987,16.48420980531215,17.74866275703675,16.163284007194726,2031.678559366499,2395.904341807733,4448.262845552885,0.0585637019230769,0.15034007,92.28515625,hiphop
-67.76349,44.39488,60.571983,31.152325,9.945667,18.890741,30.557823,13.931196,8.379106,7.958597,7.5508857,10.512203,3.0685663,9.259844,9.249722,10.574246,-0.8487187,5.921521,9.1974535,8.58568,-0.8193039,6.9305673,8.822028,6.665782,4.729841,6.342604,6.7149854,5.774122,2.0283754,7.616565,0.342261,0.3345209,0.29583287,0.3935249,0.35385433,0.3239685,0.5105754,0.55488837,0.5709061,0.53060114,0.5682216,0.49748757,22.221095314610213,15.465680757663216,18.22068059469848,16.373231520589155,16.181319815524365,16.017129592717197,17.667271778488395,3011.42071796453,2885.869585453204,6418.302471454327,0.093389423076923,0.17989479,117.45383522727272,hiphop
-67.946144,45.609837,123.02724,22.331415,-17.304018,22.322435,46.448414,14.247768,-16.643679,12.9282055,20.086456,9.479296,-15.849871,13.260828,16.766098,9.588559,-11.990739,8.795041,20.113087,8.145957,-16.215855,6.744717,10.637457,5.4086795,-17.267246,7.758688,2.5727613,9.18945,-11.182799,7.8685746,0.4437097,0.38443598,0.46505228,0.46268228,0.37241805,0.4204566,0.48604998,0.5413781,0.5844703,0.58660114,0.43748057,0.4150617,21.006317732856377,11.975399383223754,16.07616417712823,18.36117721705924,18.3088813226954,18.19237091152041,40.253852637364496,1820.898481996024,2019.8095063262224,3836.554236778846,0.0841346153846153,0.20153143,198.76802884615384,hiphop
-122.03957,41.835606,81.06546,14.9360895,-19.56907,16.369802,50.12445,15.46963,-14.116428,13.472495,29.683071,7.8568788,-18.245481,8.318432,18.515272,6.7482057,-17.22951,6.649957,16.370008,8.406556,-12.279203,6.1421795,17.12232,6.026308,-0.6841103,7.6741257,14.678128,7.558583,-0.14343356,7.415337,0.44706568,0.55488753,0.4984959,0.3967109,0.3227785,0.3395523,0.4029684,0.4703196,0.48250607,0.5089461,0.51030815,0.48058644,21.430995306554493,12.464959339493838,18.73302928976075,17.704554020069622,17.054534687714597,16.638267451499743,41.50816373631734,2549.7270872092367,2395.665658031988,5485.914776141827,0.1127216045673076,0.10079547,215.33203125,hiphop
-108.126724,66.5494,72.58186,24.99018,-13.44529,21.792192,41.976067,15.912827,-1.5317295,13.31726,22.893032,12.832664,12.395841,16.732864,11.810535,11.767942,-0.6267346,8.809265,2.6696692,8.352158,-0.7928308,9.2167015,-1.096715,7.55513,-2.6582808,6.2129607,-2.6146936,6.2747397,-3.9932308,5.570214,0.47802335,0.5737272,0.560875,0.43840608,0.44544297,0.43629277,0.45341325,0.48633447,0.55157816,0.60090613,0.5305533,0.48504728,22.974643554476938,13.542431725959483,16.033714482567348,16.92970591750534,15.762716056465573,16.643263235534892,17.15284374185624,2464.346187200246,2350.411123893795,4936.818096454327,0.1204214242788461,0.13175346,172.265625,hiphop
-81.88523,63.432064,50.434418,28.458036,37.71234,22.282911,26.395603,18.879196,14.932245,18.219408,12.543298,15.770778,5.3542156,10.090534,3.765791,11.784838,2.3112106,10.444081,-2.0741422,8.792013,1.4343642,7.7021,4.4108434,8.778106,-0.93126875,9.003193,5.93705,8.994369,6.2940917,7.4088626,0.54851687,0.47847494,0.51014286,0.50564456,0.54452056,0.49580026,0.4476251,0.4915503,0.50284857,0.4787549,0.4517207,0.50025916,24.99069467976816,13.742119353966332,18.77240519464168,15.979502026069056,15.580475224731602,15.672619277332409,14.49470849273889,3380.04354547532,3287.591319406002,7502.664888822115,0.1347806490384615,0.2415628,95.703125,hiphop
-47.57944,48.963142,40.88251,23.695047,30.791542,19.73935,56.176907,15.977651,16.52854,17.347933,14.161466,9.730579,7.8655777,10.801658,10.135962,8.17918,9.182855,10.080266,-0.382263,7.7323375,-0.9048269,8.475205,5.2430124,8.625128,5.6201434,8.325807,0.71070725,5.9791675,2.5144188,5.114824,0.5370458,0.54009366,0.49063903,0.40686575,0.37009084,0.3928503,0.38021028,0.41491705,0.4986942,0.605752,0.6095117,0.60539466,27.517073555890025,15.889420570421745,18.065610421081715,17.165144428673024,17.645104847296945,15.808302625472646,15.259992714401683,3056.123435335025,3047.5820339694183,6648.4592848557695,0.1094613882211538,0.28605998,135.99917763157896,hiphop
-13.2266245,46.76467,80.111565,16.840555,-11.896393,28.219128,31.068995,20.138819,2.5382075,14.907235,-1.5524224,19.673183,7.902909,12.919282,12.367995,12.758124,-0.765433,11.523301,6.476694,8.47723,-0.5930521,10.089594,-0.61646867,9.001672,-0.39821115,9.257633,-2.3662438,8.708254,1.4719213,7.390332,0.2983239,0.2825004,0.38065708,0.3346497,0.33506218,0.4362423,0.50185245,0.47286922,0.40107352,0.6015262,0.49196273,0.38232413,18.675824373371167,14.458231271936326,19.04908386079335,20.670000723839145,18.60413464429882,18.655909056009225,15.89631594128408,2361.0948127117795,2448.942954601074,4809.109637920673,0.10087890625,0.31370074,184.5703125,hiphop
-110.541405,71.25913,74.64301,44.661144,0.3864826,30.843592,38.272415,29.484322,7.440975,19.643612,-1.0757713,16.23037,-9.348895,14.088774,-7.8478894,13.145731,-10.148331,11.525846,-6.9412746,10.332685,-2.704975,10.334882,1.1901107,8.612526,1.4272007,8.33669,1.3988519,8.415238,1.4858028,8.417376,0.34686878,0.38678798,0.30762076,0.3201106,0.44850805,0.5095763,0.55702645,0.5066331,0.5523425,0.47562432,0.51932037,0.45483494,25.69732579660332,16.24018816614131,20.27553542812429,18.27281953348245,17.510734545596797,17.30213679977285,15.805253451002,2549.88221758183,2464.7844292667523,5038.76953125,0.1084247295673077,0.20065606,92.28515625,hiphop
-17.86203,50.855743,82.43076,19.854708,-22.927856,30.871119,25.782598,28.917902,5.7137337,20.14487,-1.5752547,16.6968,2.3407443,12.679744,5.9024377,11.47619,-8.041562,13.447497,3.200159,11.266478,1.5603144,11.306516,0.057329148,10.69884,-2.6405423,9.543433,-2.7307472,8.825929,1.100801,6.6231165,0.27101287,0.27474922,0.37117714,0.30918503,0.35672143,0.4600428,0.4712998,0.44678906,0.4722936,0.5601871,0.5120437,0.41874242,18.68282479724993,16.165038581147744,19.614659720707245,18.6960183379876,18.510639674350543,18.951194704850725,16.023137211898316,2250.0695487225685,2327.3400503009657,4436.668043870192,0.0975135216346153,0.3131992,184.5703125,hiphop
-63.187153,34.859333,94.97708,18.321947,-36.967186,14.788765,49.62114,10.36718,-20.316605,9.822359,39.3698,8.285035,-8.017544,9.962314,17.561934,7.8395433,-12.306149,8.080791,17.958338,8.386437,-4.987913,8.399549,12.796244,7.848786,-6.1151,8.529319,2.385585,6.046902,-6.889205,5.335296,0.4641094,0.5014096,0.4395209,0.41525954,0.43722612,0.4115523,0.4520116,0.43133974,0.37826967,0.34235978,0.4774305,0.50307304,20.76831494587363,13.841168900135246,16.473745036663768,16.551921027494544,17.203492662444734,17.886375173327334,42.35561346262198,2367.947243482413,2109.9555948167117,4698.710561899038,0.1330979567307692,0.17701158,129.19921875,hiphop
-1.61537,26.794708,46.080143,13.274859,-19.291565,14.482759,21.051443,13.039559,5.538636,9.088444,11.650677,8.934905,-1.2400094,10.041903,8.437107,6.198619,-0.86672455,6.8630767,5.451517,6.972617,0.44948655,6.1934624,8.6103115,5.765705,1.5563523,4.796045,3.736047,5.6214786,0.13558668,5.2723923,0.5193507,0.54678744,0.4369462,0.42275316,0.4842881,0.43870357,0.41939837,0.40403238,0.434609,0.39973444,0.40489325,0.46005508,17.14787067208381,13.002101485445934,16.678745259652736,15.592526219270852,16.772884724479844,16.061697984581915,16.97928909133446,3313.429134647403,2736.175951720817,6635.45654296875,0.1821965144230769,0.1978379,95.703125,hiphop
-98.37582,72.74222,96.21938,28.846596,17.091902,13.61855,38.432484,17.86039,-3.9232547,16.882908,-0.5561103,14.134367,1.5716214,8.894707,8.982635,11.846728,-1.1435493,10.823594,6.6623025,9.46247,1.4552724,8.901497,-0.6511593,7.5557976,-3.1880574,8.907854,1.5441097,9.766168,-0.9454275,7.292365,0.6804406,0.59052414,0.3594379,0.29988688,0.247902,0.22531952,0.4168064,0.30889982,0.40579695,0.40982652,0.48768076,0.65106905,23.53481730784327,13.021727498799882,18.99341953042737,20.03384647857285,15.885509357004372,16.429440421594226,16.262795784118268,2042.272190073464,2441.0111737865686,4533.7330979567305,0.0610201322115384,0.23344797,92.28515625,hiphop
-87.38238,35.719185,76.77446,19.938911,-41.71456,17.850473,52.70297,12.550438,-14.5730915,9.733126,36.87812,9.078404,-12.059827,10.520706,29.499954,6.9938216,-14.123667,6.1393213,22.370249,9.572552,-5.8089676,7.4669805,15.99677,5.83934,-6.1966863,5.185513,8.508848,5.0849295,-7.6818013,5.2652054,0.5833956,0.51314723,0.49780545,0.5512924,0.6026447,0.5960331,0.5720775,0.60234946,0.62067246,0.58392346,0.51776993,0.51154536,18.066672918229,13.912723179888776,14.874128848418424,14.990499445890087,15.432474875375126,15.642566504395422,42.0872066510068,2754.2665701549386,2258.092850956004,5380.733360877404,0.160888671875,0.105508566,112.34714673913044,hiphop
-80.3584,43.837326,104.566536,19.207344,-11.45297,21.545406,44.844288,14.480586,-5.273744,11.915829,37.659206,6.991112,-7.856795,8.944082,16.824076,6.996174,-11.606888,6.20549,16.176521,6.9374585,-12.704516,6.298787,11.434134,5.9234147,-9.864085,5.9753375,5.4938693,6.1072865,-4.6357837,5.3942213,0.6152809,0.58372307,0.54416466,0.5249113,0.5065694,0.5219224,0.51151705,0.457186,0.49151552,0.5341875,0.459662,0.45172817,23.28410612182621,13.09745573108846,14.50277389700352,13.7962684123122,15.274979415340624,15.762616386407116,40.89209864446164,2015.6248965791715,2267.0478702906757,4581.023324819712,0.0733511117788461,0.18421434,99.38401442307692,hiphop
-64.41498,47.86084,58.19979,33.858524,23.407347,29.740162,51.36848,20.219519,-2.2807589,15.306463,10.392711,10.57915,-6.210046,8.938433,9.6841345,8.825968,0.041863095,10.367148,8.70478,8.945219,-3.5108798,7.429961,0.6180218,8.498551,1.0249501,9.535276,1.1530635,6.169286,-3.8669527,7.1559896,0.35670266,0.37815827,0.487493,0.55619645,0.52551,0.49167627,0.38640618,0.4282365,0.44300327,0.47051197,0.42923304,0.41951424,26.98433360274408,14.915686903163891,16.044007131054503,15.521495577672106,16.019731534297065,15.315665295579365,17.779015093690163,2994.8699253009945,2724.3871308229204,6140.606971153846,0.1282001201923077,0.18529592,99.38401442307692,hiphop
-228.36493,100.539444,135.16794,46.407524,-15.88786,30.82006,3.713364,15.5956545,5.1497393,11.580566,1.2860049,13.20323,7.5017233,10.436015,-0.20878953,12.123963,3.579706,10.995001,5.324508,9.870218,2.2876441,8.284425,6.6420755,7.2705107,8.184543,6.0553384,2.6902015,7.8391457,0.5224,6.9671855,0.44353983,0.43265292,0.28077182,0.23640469,0.52871233,0.19030686,0.1635197,0.32990798,0.34173945,0.6309367,0.43520227,0.29660517,19.423659694212017,17.663552082667934,20.71563824277213,18.602161843245277,19.040712477897326,18.96708130046008,14.922494300574348,1782.4353850918153,2042.8724386740355,3556.622596153846,0.0771634615384615,0.05787884,58.72691761363637,hiphop
-178.56935,58.76931,126.4378,36.54624,9.074262,27.882893,36.60677,15.963157,-15.271396,18.263151,19.568352,19.601442,-10.924717,14.772689,15.325112,11.621694,-24.602213,12.525901,8.149356,11.329904,-16.267313,8.727346,9.963146,8.964104,-3.606685,11.723156,-1.2245677,11.10618,-9.362838,8.204885,0.3575902,0.4030496,0.4821009,0.4120546,0.42213583,0.4382468,0.42927757,0.42449993,0.36066672,0.45046926,0.5097645,0.5094763,21.47428444350871,14.27444617154304,17.430096059066887,18.015881427165027,16.475353312976278,17.876371308181703,37.54028582967544,1756.718988012817,2052.184839201356,3648.718449519231,0.0771822415865384,0.0968172,107.666015625,hiphop
-79.561584,57.040867,49.600506,26.850891,-10.582588,27.116308,65.65477,16.791529,9.148591,19.334368,29.029028,14.293493,-7.492936,11.978039,29.730705,11.108521,-12.05767,9.362884,17.87041,8.457439,-3.7471087,9.4446125,11.527805,7.305493,3.7140362,9.263596,13.876857,6.2344437,-6.5900326,8.3301935,0.50651306,0.64306086,0.77675086,0.8026323,0.59272504,0.40272182,0.2814655,0.24829154,0.30427623,0.3515685,0.3364889,0.41787472,27.714627693683237,15.744766370284587,18.915851015670142,17.2779116477977,17.81563545683874,18.68271070246157,40.221077828533176,2801.9731853338617,2473.77098931974,5610.3932542067305,0.096660907451923,0.29020855,184.5703125,hiphop
-91.58651,53.196148,60.213646,29.132627,5.419441,26.497879,26.846218,11.87972,11.341311,17.612934,13.758287,11.271215,6.5048065,11.503898,16.649233,6.793442,1.3800284,7.913963,12.055904,8.252852,-1.4966892,6.9698277,4.4020176,7.23632,2.0029175,7.3039017,5.0544815,5.892376,2.004397,6.142505,0.57121015,0.459282,0.38377282,0.349611,0.3732738,0.40277,0.45109752,0.52932477,0.6891645,0.78193843,0.77434117,0.6879018,19.98297487581538,14.438204672081664,16.04848153305332,14.780353337402916,15.752939004431251,16.50084531214457,17.189557818475116,2982.1670061906825,2832.7433631545096,6343.681640625,0.1167743389423077,0.17785126,112.34714673913044,hiphop
-46.3461,49.186058,44.099735,24.29222,33.84236,19.804684,51.610912,13.129969,7.312655,17.549744,14.83016,9.21973,11.736824,10.366988,10.499001,8.464678,7.1239333,8.721319,0.9143501,5.911713,0.74082416,7.8172956,4.251762,7.5027065,5.3966236,6.6578083,1.5499598,4.560756,3.7619026,5.524056,0.47811496,0.45945445,0.420659,0.4077183,0.3952759,0.39222583,0.39032298,0.4308968,0.56738716,0.6410187,0.54010046,0.47976977,29.045814308323703,15.964497608797227,18.46105091816285,18.408112440923105,16.876833929123894,15.98392598986192,15.343698011170536,3043.039468370873,3047.510198616033,6634.628342848558,0.1037372295673076,0.28993747,135.99917763157896,hiphop
-100.606995,67.61617,67.99321,22.557108,14.64314,17.754606,53.80872,14.35168,9.313554,17.605993,18.80216,10.993177,0.87313163,10.818019,7.123258,10.567135,-1.9925193,10.139359,-1.2151222,7.91758,-3.852818,9.080172,1.7788233,8.968641,-3.5983582,9.994992,1.4784395,8.280417,0.16299696,6.323235,0.29504526,0.33021387,0.37680113,0.3555802,0.33677644,0.32361826,0.34011972,0.4311099,0.5099464,0.5560785,0.41148564,0.3205171,27.02279661421021,17.3352500784212,19.671386007053947,16.3375208949505,15.512635766471522,15.627630817748273,16.68359937956084,2311.700553055123,2587.3624369985537,5202.421875,0.0676607572115384,0.22756934,86.1328125,hiphop
-219.31299,79.85447,97.47034,31.437798,-26.459469,29.175407,46.185772,19.298765,-13.213108,19.129478,16.608156,13.89143,-17.742699,13.304843,9.854422,13.304516,-8.38338,12.47192,8.414614,9.575644,-9.390946,7.4977617,8.755518,8.988526,-1.8255683,8.057654,3.5973122,7.2900224,2.333315,8.004216,0.46966118,0.47180173,0.47270578,0.53161466,0.72602797,0.76522696,0.5865475,0.5758622,0.5330406,0.4977187,0.4812742,0.44063386,20.343255605520728,13.851584322889243,15.270202390224034,14.881738688306436,15.069319772559927,17.226245915632386,35.46027231910881,2024.3946710552875,2017.9369964560167,4193.425668569712,0.0967510516826923,0.06391267,112.34714673913044,hiphop
-36.75619,32.83993,102.875,16.31627,-31.760336,9.933432,48.11439,8.707017,-20.830376,9.039762,29.977964,6.771951,-11.480244,8.952817,20.204866,6.736493,-18.134335,6.852388,15.727793,5.6134877,-8.227701,6.5973816,11.110644,5.62509,-17.22983,5.582389,3.176314,6.628253,-13.76126,6.202828,0.27355638,0.24464796,0.37582684,0.3287671,0.36280158,0.6271522,0.52307737,0.700718,0.38445416,0.34766844,0.22818469,0.20914844,21.16501055282797,14.005773753388516,17.519929945063556,18.41535017951179,17.13455772384087,16.55471128480931,42.1758792235479,2264.1053829573016,2176.533727715532,4763.641451322115,0.1098970853365384,0.18945158,92.28515625,hiphop
-35.857655,45.84448,89.352036,24.718748,-3.5217779,15.110026,47.690884,11.871065,-16.711468,12.0429125,32.09951,9.49216,-17.107767,8.836448,25.320929,10.097615,-13.813531,7.8984804,14.842142,9.648017,-9.855787,9.007549,15.180935,7.6788287,-7.3809,5.9815035,6.1102133,6.501292,-7.4540606,6.3821774,0.4969736,0.5231225,0.57958305,0.5535211,0.507136,0.49591944,0.48032257,0.5397894,0.56286526,0.60333824,0.50969464,0.437101,18.638654054039208,12.262172745084262,15.457447793995764,17.138577225940363,16.41109166873006,15.06781235142589,41.526333852279976,2583.339209022241,2486.6340776051825,5570.474008413462,0.1159329927884615,0.2373197,143.5546875,hiphop
-30.593056,47.446983,58.841923,38.857166,-0.9820399,22.496477,34.451847,22.636814,21.26244,15.0358,7.175941,11.810229,-3.943197,16.88173,15.159404,11.212901,1.4516952,10.203977,6.7233615,9.2309065,5.0427113,9.011036,5.024227,8.25141,3.9026532,8.323602,1.6864041,6.788515,2.6887963,6.7838907,0.5262824,0.54143804,0.60142684,0.64461654,0.61809707,0.57161653,0.53143924,0.48807842,0.5138688,0.5145035,0.5321672,0.5565351,17.671999872778677,12.780068788498305,14.87944069550977,15.284123240582009,17.49508091444411,15.98906125117318,17.278149041305745,2959.825575973178,2749.06866459419,6149.220252403846,0.1449894831730769,0.2207144,129.19921875,hiphop
-3.5621765,31.303005,43.424747,15.634595,-20.3576,14.915577,32.71795,9.5407095,10.480443,8.204334,13.406395,8.085647,-4.1171355,8.108542,12.017212,6.329768,1.7031338,6.4218016,4.2848635,7.913849,2.0975509,6.5392175,9.540418,6.8805356,-0.44541615,5.649031,3.775115,6.015685,-0.2503973,6.1733723,0.59361243,0.5319133,0.58150375,0.5563641,0.5168629,0.5124096,0.41704598,0.46014458,0.4732898,0.46352276,0.48738414,0.50767857,16.64078324100794,13.037336628352556,15.180205435813384,14.040847096643278,16.781468516295075,15.895894062084356,17.12949717714309,3299.621587320564,2629.987839934437,6342.60498046875,0.1932804987980769,0.20462215,95.703125,hiphop
-82.73131,71.85722,93.26069,27.067846,10.064713,18.253962,28.186459,18.14982,-1.3663194,12.795754,6.8637805,12.262815,2.9048476,8.28031,7.620338,10.134774,2.268147,9.593811,4.3383703,9.147607,-2.8889847,9.682904,0.1729316,7.1968503,0.3969474,7.2968245,2.4917254,7.1164656,1.8089254,5.862617,0.6432759,0.5832942,0.34120733,0.27746153,0.2620878,0.24243417,0.40960535,0.35204253,0.46734217,0.52142465,0.5870155,0.72235775,24.226849608053875,12.535153203718783,17.422168035468538,18.516781639314047,16.430434058587444,16.384159396775665,16.241065043140868,2271.910718582929,2559.2509886191697,4885.635329026442,0.0809119591346153,0.20312664,92.28515625,hiphop
-182.08125,40.75134,152.16933,13.025491,-51.821236,15.180657,51.601974,9.499672,-11.016307,6.4486527,6.9983163,5.458837,-22.437302,8.019535,8.144369,8.593318,-13.8870125,6.5583878,6.0406632,9.217889,-12.986324,12.5253725,-1.1044958,8.807779,-5.665024,8.4819,-3.9352148,9.070573,-9.675263,7.0976357,0.41915038,0.22811802,0.39620712,0.20318167,0.19957434,0.36646757,0.19375181,0.34764445,0.13124816,0.28378218,0.420329,0.23884988,16.535151663616965,12.210651573755609,17.797689777678585,21.301691803369074,23.947286567495738,22.82511224122204,33.44718658781832,1609.174301778675,1450.466475817343,2905.988581730769,0.1223069411057692,0.082195505,123.046875,jazz
-285.10553,44.434147,83.946266,25.513186,36.118908,11.064277,34.102177,8.073982,15.6967,15.137725,3.1696095,15.178008,10.238747,9.127807,10.182617,7.075191,-4.8187623,14.648656,-6.7194653,9.435199,-0.33603796,5.502571,-4.066701,8.261811,5.750208,8.2725525,3.2943845,8.365325,9.299293,14.409188,0.47431865,0.3207684,0.30032066,0.16691715,0.09154601,0.06761748,0.12816407,0.28079647,0.21077809,0.19711918,0.26491964,0.6376378,19.77004922703008,17.06213319093457,25.98420552111813,22.108274987348587,20.14098685873913,18.57317258275131,16.447577120632936,1984.720220045135,2756.340595235674,4654.40185546875,0.0495229867788461,0.05626471,95.703125,jazz
-29.924913,33.692112,74.07132,17.222496,10.952932,13.712788,22.985014,7.0510893,8.009571,7.0422583,11.975128,7.269713,1.9460483,8.097268,6.2360744,8.535476,-2.903949,7.4583697,5.5740185,8.799286,-1.2572087,6.145525,-1.2320062,7.623101,-1.252332,7.0101423,1.5767024,7.121349,-3.717966,7.5159254,0.41103557,0.4099915,0.3632942,0.39660704,0.2793352,0.27947217,0.3338569,0.38766256,0.42812487,0.29923916,0.27553684,0.24841487,19.539562418894768,14.564930835170845,18.084836584284343,20.81882793455716,20.014580739692597,17.135117962250252,16.944880102901866,2698.409813192151,2870.506431465613,6178.8698167067305,0.0995229867788461,0.2239559,172.265625,jazz
-228.65294,24.639284,182.34943,19.014053,-20.433905,16.797384,42.9879,10.046581,-0.22742967,5.889294,9.141063,6.531187,-2.4213567,9.402469,-6.6501136,5.201556,-16.769547,4.929269,-4.324939,5.312779,-3.5144644,3.9364643,3.0598574,3.721676,-1.4274282,4.962305,-9.967229,4.072896,-6.7683,3.8256946,0.3698679,0.18493341,0.09748697,0.15746327,0.13635196,0.19309878,0.17120259,0.40713853,0.6984087,0.43683836,0.181971,0.1944534,16.26922015705359,20.90455573496904,23.95115358446507,21.725821632033277,22.121735209934315,21.01011320151796,28.945681507572225,847.3089482697791,1121.3006465877634,1544.261944110577,0.0365084134615384,0.116117366,151.99908088235293,jazz
-218.37404,37.775986,121.67227,17.783907,-6.538048,21.91946,37.22946,9.989783,-5.156364,6.163334,19.4137,5.8343883,-17.03112,8.010646,17.54453,7.070353,-17.77572,6.0350976,13.648246,8.033335,-12.369176,7.701147,10.284831,8.366657,-8.12854,4.670824,9.814782,6.2845054,-8.832012,7.3375893,0.4056508,0.39284787,0.3087684,0.29855093,0.27094752,0.32451302,0.37531987,0.47199205,0.42112023,0.35560852,0.30140716,0.3427542,18.70145171002367,14.763446583523896,20.259579069980024,21.3770667784354,21.14442369772326,18.952058443173616,36.47265759002919,1692.5799608063403,2075.4167566066203,3658.325570913461,0.0677621694711538,0.05517576,123.046875,jazz
-191.64474,33.036407,107.257324,17.98455,-21.082546,16.029016,38.929657,10.800296,-13.416066,7.3840494,17.140276,7.0519276,-24.148893,7.0884285,13.379031,8.53335,-18.67082,4.7484746,11.511062,5.856413,-16.514572,7.258812,17.3099,6.7797685,-10.963118,5.6172276,10.54261,6.932331,-6.1725736,7.753601,0.2637234,0.12348178,0.3509886,0.3413474,0.17302416,0.33009592,0.23912977,0.3522601,0.14257094,0.25800008,0.3026675,0.23427373,16.34086534150091,15.48693780926388,20.86124844522533,23.92445452253105,24.21817779327683,20.89436917509173,37.83099990613727,2034.463960025009,2063.064480825818,4104.725435697115,0.1029860276442307,0.065126725,103.359375,jazz
-202.29213,43.04314,143.77223,19.818316,-31.237469,15.392047,50.59466,8.242259,17.985775,8.648099,26.24031,11.19845,0.27300885,13.798622,20.007383,7.8748565,-6.630337,5.5829787,9.500824,7.848579,-1.3949915,6.847262,-0.7966201,7.3392096,0.15055723,5.4583325,4.1229234,6.6044126,-6.4658837,4.598866,0.2939068,0.25556862,0.27907315,0.2889017,0.29350758,0.26978925,0.22765538,0.28412664,0.2942823,0.482468,0.64396685,0.36849594,25.05493915056152,18.86763632957538,18.60456902106006,21.22099057814212,23.02391597361037,21.448736131147527,33.60720060347712,1134.869153830482,1495.5604926718677,2385.6304462139424,0.0369065504807692,0.11675798,107.666015625,jazz
-265.60144,49.74828,110.0796,16.144852,-0.79744214,21.63054,58.45981,9.117607,-10.244208,8.598871,20.32629,8.503384,-4.226661,5.646316,18.803993,5.8490586,-13.66986,6.919946,18.903532,6.1469545,-9.172159,4.919845,11.537671,5.616207,-2.5466962,5.885243,8.666654,5.429469,-10.0362625,6.733439,0.3360399,0.38560563,0.34736738,0.44603583,0.2944698,0.33982152,0.29914194,0.27899823,0.2765366,0.23957561,0.2944214,0.29212928,17.89411870631542,17.357717866797962,20.186865600708984,20.145048730365964,20.09661421592768,21.477542859976115,34.74367785462885,1666.343745275577,2083.032189431284,3939.913611778846,0.0523399939903846,0.05031916,143.5546875,jazz
-148.82115,59.4532,125.65344,12.85672,-32.14933,24.538975,60.94873,10.270012,-14.904543,4.6319046,34.962875,5.923206,-4.8781013,7.701479,13.811209,4.7331185,-14.562106,8.26476,7.38108,5.8681264,-13.838739,7.058613,-1.5817803,7.3050566,-4.687261,5.5056744,-1.3274817,4.138891,-5.520982,4.2855587,0.2341769,0.16410884,0.17344107,0.32504377,0.32677218,0.420347,0.35913607,0.31058174,0.49818996,0.41873598,0.40426084,0.30951676,16.93790168508619,17.990546314854747,20.21427855195168,19.537352275506468,19.032397443880548,18.938931114087172,38.83617240420478,1598.924380838983,1806.1856603769124,3519.0223106971152,0.0580416165865384,0.122027524,198.76802884615384,jazz
-238.58194,65.466324,152.83904,16.26042,-22.637533,19.635756,62.22775,12.741805,-2.8782344,15.73547,-0.22698739,16.555532,-11.767584,11.972601,-1.9950848,13.557721,5.1713696,8.191215,3.6196823,12.119153,7.241629,13.67251,10.004469,12.226022,6.5365157,10.057103,10.390038,8.348309,1.3628283,10.734227,0.4795252,0.26865456,0.099631436,0.13519521,0.11125849,0.30402392,0.13505319,0.19135,0.23594788,0.10075406,0.09462761,0.1513455,15.824343053314106,13.03645438679388,23.525967140972835,18.362049030241884,25.443497349456344,21.06992199460872,17.561795851892523,1267.6532233426603,1452.1177550724851,2537.853628305289,0.083935546875,0.08532378,99.38401442307692,jazz
-225.04558,25.488813,177.37927,19.583817,-15.742098,16.33757,38.621178,9.184834,3.7193282,5.7623086,5.702999,6.299071,0.4741077,9.69042,-8.950937,4.5637717,-15.0709305,4.8459363,-5.419322,5.006352,-3.0331068,3.649602,3.1031175,3.683997,-1.9611831,4.9438324,-9.057807,4.1637974,-7.920136,3.7331479,0.3698387,0.18492422,0.097473264,0.15747316,0.13633431,0.19308245,0.1712038,0.4071344,0.6984075,0.43684605,0.18198277,0.19445771,16.28855025005366,20.889558671015205,24.003955190065376,21.757672617724385,22.0696324646907,21.04613553536853,15.203658174626671,878.3022700749123,1236.0082107885346,1573.00048828125,0.0365121694711538,0.11612005,151.99908088235293,jazz
-271.4693,25.817001,204.96878,16.91708,-10.437042,12.135405,43.79827,9.983809,-2.2008724,7.6715965,3.2855303,7.7379875,2.4564586,7.532921,-14.719145,6.8442726,-8.652778,5.51083,-0.3911263,6.624386,-2.4224408,4.7421308,-3.575216,4.8145986,-6.68624,5.750934,-7.67825,4.273722,-2.5580618,4.441032,0.09220163,0.23760593,0.5228761,0.37116554,0.43094775,0.41169354,0.2547334,0.29056048,0.1375386,0.22582753,0.24668567,0.1671405,16.51215195225114,18.259281379682594,20.777816253037045,20.49239105925944,19.55208643322265,20.188970588887795,15.24977507514194,721.5398703561946,1053.3004820939043,1215.3836763822114,0.0305551382211538,0.08420287,129.19921875,jazz
-159.63705,45.149246,150.40826,14.978636,-43.678703,13.447259,51.301247,12.02112,-24.39018,12.254479,17.072136,9.736287,-7.684147,6.996111,-8.327828,9.389992,-11.990097,5.743382,-0.7808852,4.940293,-8.7801285,7.3807507,0.5813973,6.8251104,-3.8364096,9.677635,-4.696133,7.5471206,3.8608465,7.7254686,0.22005609,0.27484623,0.23401949,0.3513473,0.27809593,0.29516888,0.27136517,0.30732924,0.32711217,0.30114377,0.42406794,0.25152794,15.81464072176431,15.383701540276943,20.03948691358265,20.83992986888129,20.614415927608835,21.90611061888331,34.16251859927754,1491.0089646083811,1518.7668442999218,3100.5327899639424,0.076543719951923,0.10223492,107.666015625,jazz
-100.07954,45.77044,60.323494,24.841412,-9.2791395,22.532862,28.55797,10.118644,2.4281325,7.7318587,2.5381343,5.8997316,-10.460942,7.2220573,-0.37089673,6.827631,-2.8793983,8.628916,3.3383813,7.2068768,2.1892495,5.8042154,-6.7438083,6.526596,-3.9514127,5.552771,-6.0397325,4.761734,-8.571092,7.693648,0.18198025,0.20836645,0.36735916,0.19298929,0.29087213,0.19587003,0.29692963,0.7569037,0.27496603,0.30701214,0.24136183,0.42082405,19.782019573108133,15.972125142553011,22.51128386958423,24.35165195024316,23.58628769968691,21.414949377474848,19.08417478825416,2730.2195350769484,2501.780929525079,5364.99755859375,0.1405461237980769,0.14605518,123.046875,jazz
-69.37892,30.588097,79.78635,17.092674,5.3753815,15.902594,30.917522,10.682962,15.67086,9.749023,14.974938,7.417007,11.65779,6.4641223,16.98565,5.322128,-3.6276178,5.5177994,3.4139023,5.9064746,2.2245798,6.721626,10.00302,5.350848,-0.8903852,5.69952,0.7708053,6.0502057,-6.309959,5.3444285,0.3698116,0.5643158,0.83600855,0.4437232,0.27737123,0.2626686,0.31391302,0.47619444,0.3517886,0.30939057,0.24687764,0.32663777,20.87978595221887,14.07054725947548,17.014710873936753,19.50476595278367,17.131120248442226,17.720422731165826,18.06033100478229,2329.9048842841207,2698.024213992197,5517.303560697115,0.0696476862980769,0.18912883,151.99908088235293,jazz
-92.21216,34.977734,118.43763,31.629194,-11.399209,11.952314,27.127348,7.0875263,8.680837,8.691365,11.955712,9.303525,-4.298405,7.2888165,3.079956,6.544152,-5.3486605,6.466984,0.35587144,7.5695596,-3.8728287,10.2027235,1.0253242,7.8997803,-0.1322883,7.898504,3.497833,8.170853,-12.385615,9.179608,0.52631366,0.301913,0.19310927,0.2720495,0.23506047,0.37620106,0.2162715,0.3368484,0.3760048,0.2691403,0.17326055,0.1647598,19.899947525881608,17.749603321338586,23.474202208004176,24.458941041317917,24.560651692728477,22.97890871261992,20.42530553656609,1641.0492626463838,1934.3881795042175,3223.5205078125,0.0870042067307692,0.1960946,135.99917763157896,jazz
-262.42096,22.552334,119.106476,19.517965,-27.56584,11.212505,58.94036,10.02554,-15.73077,7.5917463,22.620361,4.3690395,-1.7489065,5.429107,8.898713,6.105716,-19.764153,5.812348,20.525162,7.744255,-10.933299,4.0993347,12.509432,5.7728615,-5.5397964,6.387361,5.0050745,4.6232295,9.00049,6.109927,0.047594123,0.04297514,0.046392076,0.11062837,0.47811684,0.1820103,0.09211858,0.16285391,0.3395571,0.839874,0.37781593,0.119309865,29.970956218031144,18.798088364565743,23.979004858127745,27.08549402804567,24.885776126257785,27.62485930104267,35.44564563556992,1704.7763314605415,1758.5662096870306,3578.652719350961,0.0862980769230769,0.04691349,78.30255681818181,jazz
-211.14691,40.051735,93.00114,12.258446,-5.530622,17.021673,40.44764,8.103773,-6.2573214,6.2846584,25.04186,8.01104,-15.02692,9.408698,15.564829,7.296919,-20.588486,6.706412,17.640102,7.7049556,-9.1614275,6.7708874,9.514028,7.269207,-10.087222,7.4667835,7.3515997,13.569864,-3.3407433,14.263411,0.3455006,0.23070852,0.35419905,0.29649553,0.53597647,0.2781989,0.19004893,0.37162444,0.22948934,0.26489875,0.2381916,0.20584953,25.433791140858972,18.562282988814367,22.808896256861143,23.953868296834653,23.35764141552426,19.35587479566437,38.7198739370086,2007.9202123721648,2284.3787615332167,4602.142427884615,0.0741887019230769,0.07067726,117.45383522727272,jazz
-173.57481,37.754066,140.2525,28.716461,-13.507852,21.15197,51.726612,15.406211,-22.3635,12.2892275,3.012283,11.73617,0.7015996,11.546101,-11.413163,8.384341,-4.190511,6.5821238,0.72493315,7.186146,-11.368143,5.561294,1.8556176,7.481795,-12.842973,8.408719,-5.4895253,6.7146435,-5.0366488,7.763637,0.17621486,0.12865898,0.10399258,0.19111785,0.2819178,0.31600374,0.19554208,0.314199,0.40659693,0.19054432,0.09392039,0.13518101,13.489000081686108,19.643329819221776,24.415843575032508,23.277260441728977,21.292286675456378,22.80680845538493,17.967549203781605,1405.0421223460803,1594.0550225130958,2767.5963416466348,0.0609562800480769,0.14613768,99.38401442307692,jazz
-278.67645,26.401344,124.465,16.971863,-8.542395,13.956193,50.04745,11.296243,1.7546906,6.2112937,30.306316,6.162053,-6.819676,5.2690964,17.933962,3.9466567,-9.163549,5.6805315,12.088403,5.035209,-16.512878,4.8586054,9.986744,4.1681113,-6.71635,3.5910037,3.9316251,4.3326545,-4.8115487,4.414408,0.6527607,0.24527808,0.10209799,0.1064606,0.26599583,0.56245613,0.24161139,0.1910861,0.120124795,0.11704593,0.12253895,0.27188018,19.12559810282836,19.968807157745136,22.078815746458552,23.503724757017626,22.511308223408097,20.005930536269183,32.86260065411039,1395.1081987738717,1862.9718272737564,2998.912635216346,0.0486215444711538,0.040991116,172.265625,jazz
-304.9351,44.585243,123.5198,30.01815,-14.384225,22.168274,44.64471,13.899965,-15.314612,12.371564,14.7357235,7.525695,-10.316859,7.1686754,2.8835979,6.212584,-25.038904,5.5550966,17.558294,6.0773993,-12.332288,10.025265,10.672796,11.014425,-5.8619,10.191472,0.9775386,7.7590346,-8.076597,12.041142,0.09526886,0.07462971,0.20787705,0.20632488,0.5246794,0.33194867,0.20526326,0.23035905,0.21633142,0.40493917,0.2815614,0.28280348,22.4282857557872,16.008702117851147,22.24522347851998,24.49268044351313,25.18043930952805,27.07648850466236,33.74667796803299,1642.3132695621546,1741.1641462771524,3146.0009765625,0.0964618389423077,0.03492401,198.76802884615384,jazz
-267.5783,80.18428,131.87076,18.845205,-17.911701,22.288485,51.151382,11.874548,-6.111425,17.089895,18.253172,5.1613584,-0.3714407,9.813885,5.2129526,7.401736,-8.163833,9.551438,1.6073414,6.0578427,-1.4678922,6.282244,-2.488908,5.367661,5.3117394,4.342239,3.1483204,5.682318,-0.435083,6.0561585,0.34609824,0.40462017,0.37727517,0.46067494,0.2711266,0.28822678,0.24203345,0.19500726,0.23967823,0.37274164,0.52849686,0.2876191,16.498071987455308,19.772447452522982,21.7148874882204,20.05087301370213,18.15871709526409,18.311854146064377,20.939158670218625,1300.6796995468917,1645.516569388967,2735.959097055289,0.0468825120192307,0.06542923,95.703125,jazz
-269.75278,42.393917,103.38292,18.9164,-5.995247,17.697199,46.788696,11.244643,-4.99811,5.583787,19.001158,6.6070647,-12.121173,6.2335806,11.854941,4.488245,-18.369606,4.778459,12.675048,6.997104,-13.641648,5.455025,7.529499,4.826229,-13.354864,8.288996,3.8691535,9.415581,4.047247,13.81911,0.12716022,0.16717356,0.29923365,0.17235497,0.09475123,0.17122774,0.43325254,0.18696356,0.2199067,0.34419462,0.23844081,0.39350566,19.159414889952476,16.857182479260164,27.777530043905323,27.631219950570223,25.9031337789358,22.00613120334168,34.828409637225164,1750.621394030508,1961.810728245418,3560.929236778846,0.08349609375,0.05676229,151.99908088235293,jazz
-275.77325,37.144733,217.29436,19.039558,-30.67987,13.369774,3.6945262,19.583324,13.416237,13.796535,-1.5658199,7.669542,-0.48779902,6.0235596,2.6480086,10.292007,-2.449161,7.431866,-11.09176,6.409934,-6.734524,7.5721974,-4.298098,6.4592547,-1.1168633,4.880568,5.0980244,5.2893715,1.0287025,3.9866743,0.20897028,0.29218605,0.600623,0.22841723,0.27143502,0.22589341,0.4434936,0.17424129,0.23485187,0.19612527,0.44411498,0.4085063,23.390210531937324,16.991673039193547,22.001850510156203,21.78025249227529,23.75929738301489,23.25343564942795,24.034891401151068,813.099720454994,841.1466526451115,1438.1695087139424,0.0535794771634615,0.062277164,95.703125,jazz
-295.49435,64.99473,135.13167,23.425613,2.699318,10.578509,35.34266,6.241122,-8.921373,10.272518,19.641739,7.6895223,-8.635866,9.070275,9.527766,5.6807723,-11.33086,8.553755,0.2757397,6.899952,-12.527999,8.783575,1.875905,6.0093083,-5.1038547,11.648168,2.7952754,9.931034,-8.69501,9.823608,0.26650578,0.4628986,0.2594651,0.17437771,0.20243597,0.28850913,0.4868373,0.5412219,0.41080227,0.37100485,0.291774,0.2434673,22.73492079971929,14.357109214162792,19.94501828039259,20.67683495606689,17.36526545669519,14.96466933291322,30.870490837170948,1295.3826000761103,1770.7337652665333,2674.5894681490386,0.0491962139423076,0.048247073,99.38401442307692,jazz
-203.3889,43.608746,104.96993,21.23586,20.294708,8.488069,25.38996,8.905697,5.4975147,5.253539,0.41057032,6.2007666,5.9384336,4.8299623,-4.2553496,4.228478,-16.088371,10.1067,-11.756447,5.584547,-6.4438972,4.5680156,-8.637652,6.5733404,1.109089,4.1496954,-1.6185693,7.297359,1.8840275,6.8335385,0.16927446,0.18397431,0.45149383,0.2428725,0.31520158,0.2347156,0.05937352,0.047124628,0.10700877,0.39701667,0.3157673,0.34107134,17.11525129486529,17.729937388343167,24.40871925786335,20.075406705659333,18.76328989466925,18.35760526964269,16.160026033540614,1927.8483652842483,2597.994178173085,4423.913762019231,0.058086688701923,0.06686798,135.99917763157896,jazz
-278.62527,49.486614,145.41463,24.574272,2.9688022,14.60875,34.738743,9.630589,-9.833291,7.165493,22.21984,6.3581,-9.730787,6.5683246,12.531301,5.601399,-7.1782846,6.640494,5.677183,6.062081,-11.127759,6.9366508,1.5843707,5.3482766,-11.077026,6.986321,0.9966472,7.3232555,-3.872173,7.993151,0.07014904,0.08075737,0.15418111,0.2300638,0.5481254,0.19323677,0.1422279,0.2310931,0.32998475,0.4884896,0.119002454,0.12090816,23.5173621717506,17.074358640299607,22.904809748021226,25.95965642317367,21.208037697802297,16.727612427704635,31.33382030804678,1179.5515177451352,1625.931113211273,2267.032189002404,0.052276141826923,0.05942622,129.19921875,jazz
-169.00635,56.339523,155.89258,28.403149,-13.586172,11.77444,15.604295,7.2146854,-3.0099115,4.8392224,0.46936974,4.8084292,-9.059433,4.2377105,-4.612376,4.6876945,-8.746865,4.197929,-5.725353,4.77901,-4.0760856,4.16182,-3.757347,4.446621,-6.5668025,3.8417869,-3.341719,5.936301,-6.9013987,5.620329,0.287342,0.16500576,0.194511,0.34831083,0.63555956,0.55329704,0.21851291,0.5018288,0.56182605,0.2736237,0.13601364,0.23829782,17.785150361964632,13.711318893142856,17.837226444289616,17.61462438705549,18.609671680888518,18.789660633413757,17.062941279116057,1308.8664906253962,1698.684248226607,2430.767352764423,0.0559795673076923,0.08908968,123.046875,jazz
-229.91443,47.03758,117.50181,22.783897,-16.82,13.510814,46.20118,11.577426,-6.3230495,7.5960584,25.199625,9.221169,-18.565168,9.134442,7.8463774,6.7257943,-15.5088625,6.409013,5.214773,5.420516,-14.03405,5.031697,14.414647,8.283716,-9.371915,6.389834,1.1308426,5.6967916,-11.564015,5.6999545,0.22783883,0.18635738,0.5098383,0.13782321,0.1549122,0.11898987,0.25148296,0.42453367,0.0899358,0.04542892,0.14686327,0.33884123,18.295967586129404,21.08089690443811,25.73825982680836,28.544397304858204,26.95360018492772,23.974290759408238,35.99580639281989,1578.1146554889915,1720.321519316061,3042.8900615985576,0.0788837139423077,0.08487124,99.38401442307692,jazz
-231.32903,23.715046,112.73472,10.5045595,12.579826,9.917345,41.982674,6.071577,-11.83438,6.988659,16.954475,6.604673,-16.082205,5.66269,22.375174,5.9065704,-22.001532,7.481934,20.344297,8.0192,-7.6249523,9.211574,18.053452,8.715599,-6.829932,9.342079,11.306628,8.713527,-2.8087552,10.266077,0.2754944,0.20381324,0.2069143,0.17411107,0.32242155,0.27649054,0.1985328,0.27913317,0.28902495,0.31450918,0.2706853,0.17846264,18.97538421443652,12.3655804102286,22.02140736626927,20.35539467279456,22.378286373009427,19.12051707687148,37.13959996575192,1759.3789828193326,2319.6589124182988,4334.965069110577,0.0565955528846153,0.055980567,99.38401442307692,jazz
-179.79105,49.51232,140.92343,15.853151,-24.983805,22.2394,38.145737,13.348082,-6.894987,7.164944,12.7725525,10.468094,4.3457627,7.238864,14.449622,8.741152,-5.607799,10.816636,13.155929,5.9854393,-6.6510553,7.363759,1.4080817,6.265166,-4.3115478,6.4556293,6.50762,6.7574635,-2.9752514,6.994588,0.36163914,0.29345816,0.4747418,0.31855145,0.19539414,0.20881194,0.27731633,0.7388429,0.43374592,0.30257323,0.4413728,0.4549486,20.479435835171287,19.51921541527349,23.34636403897994,23.34516515789985,19.55509276042271,19.45406833366576,33.89829657557216,1282.0459894886612,1577.3648384431035,2557.6476111778848,0.0509840745192307,0.11951242,95.703125,jazz
-105.22507,36.974396,58.34717,25.003057,-21.503897,12.50454,36.536255,7.9976635,-6.776073,7.083921,-0.060677923,7.940405,-6.223843,7.1738005,-5.847279,8.225086,-4.8483386,7.425594,2.21758,6.3337097,6.6444626,6.5355797,3.6456401,6.317702,-6.475815,7.870158,0.6936272,6.3585224,-3.0508194,4.582714,0.22081266,0.2469473,0.20089895,0.32804435,0.49359313,0.49113384,0.41521296,0.27792856,0.31232458,0.28134164,0.20701285,0.1716342,18.047379248246717,15.69427034806876,20.69157938819211,22.73346969171397,19.703571004351573,18.98870522646276,17.063256450190266,2933.962170728107,2434.0957881254903,5468.108473557692,0.16943359375,0.08973269,161.4990234375,jazz
-220.65387,43.66917,147.05414,24.458406,-14.299943,18.831768,30.19643,16.491682,-12.146566,8.320784,23.966011,6.5137987,-5.9843545,6.1277266,8.214222,5.8926554,-9.515261,3.9261389,9.552415,8.550552,-6.2042837,6.3562565,7.234529,7.4790235,-7.4288235,9.2777,7.1931396,9.296291,-0.957568,7.00929,0.40528604,0.40375564,0.26124036,0.33456895,0.3088435,0.49422878,0.29913753,0.270631,0.36334503,0.2852149,0.2454797,0.2524093,19.02539189395194,18.022460194060876,20.87195000635343,19.896540795224915,18.22643547309021,16.014656255390758,32.80539009404205,1247.280682845641,1647.0538820426418,2491.5572415865386,0.041162109375,0.08281199,99.38401442307692,jazz
-240.85748,64.31875,155.92426,14.971875,-25.476307,20.974026,64.812256,13.889112,-5.1270676,17.082762,1.6651353,16.022865,-13.280578,12.763145,-0.9815795,14.252636,4.618781,7.780092,3.7347023,12.559156,7.5846076,13.476107,9.338332,12.194947,7.487422,10.087296,9.156645,8.393443,2.7578905,10.493583,0.47951192,0.26861432,0.09961803,0.13518591,0.111252084,0.3040363,0.13504967,0.19133638,0.23594584,0.10075721,0.09463977,0.15135604,15.839121492282857,13.03495979080181,23.486335823531903,18.46384303044173,25.51096690705888,20.998778950069468,29.41794801279356,1242.684691002836,1379.0157846618,2512.593524639423,0.0840519831730769,0.0853252,99.38401442307692,jazz
-37.65245,30.740263,68.17913,12.082317,19.161118,9.155409,17.563747,4.9693847,11.375211,5.842781,5.3982124,5.2891035,1.794979,5.855309,4.563567,5.020121,-3.9585493,4.6916585,6.1526604,4.061382,3.212458,5.6777487,0.09834865,5.655082,-2.0256,5.9786983,1.5911087,5.595253,1.1631002,5.324266,0.32367554,0.2945145,0.4023676,0.38183102,0.46839845,0.5065744,0.4177195,0.4799319,0.48902196,0.45740867,0.39727408,0.42849252,21.310670537016595,13.299412851610008,18.103385890626637,18.873331649243983,18.184175717379603,17.833722982577736,17.76384446185361,2965.915973708092,3156.077008359152,7186.7893629807695,0.1059645432692307,0.20246363,123.046875,jazz
-241.6879,69.67785,151.89752,15.702209,-27.671804,22.392664,57.931053,15.762162,-16.259558,22.80869,-0.874864,11.822932,3.919279,19.2561,14.734443,16.09334,11.517303,10.737455,5.2395496,9.084555,2.5451078,10.783748,0.1892118,18.655193,4.455236,12.471509,9.365108,7.3698754,2.7469614,7.559785,0.36553198,0.2992452,0.17439091,0.18166216,0.19959614,0.138101,0.15148175,0.2733888,0.39076748,0.29322127,0.34753752,0.36999622,15.841420827621228,12.869592400338204,20.80950196411487,21.73414151485393,20.692975897878465,21.66059716259782,29.49035738025343,1272.8412025838218,1390.7555671255382,2545.7215294471152,0.0798377403846153,0.09146851,198.76802884615384,jazz
-334.8528,50.800625,208.4576,16.845606,-27.194422,24.299967,14.4435215,10.732785,0.17235635,8.415777,-3.9151819,7.3381886,-9.271338,7.083793,-10.239087,8.370862,-4.73303,7.383539,-17.115408,7.379247,-15.766819,5.732743,-7.9788847,5.6784716,-5.207958,6.398577,-6.9499645,6.2261524,-4.722738,9.077353,0.28292012,0.16604875,0.08454388,0.10695327,0.05867841,0.15607752,0.20172793,0.53002506,0.5414166,0.19798021,0.17651099,0.23473632,22.6128641884436,21.8696124242589,26.090868475200963,24.192046708750205,25.56852826817264,21.13816609168754,22.61819551879356,732.3862137853347,857.9582827003901,1259.6095628004807,0.0333195612980769,0.051787175,46.142578125,jazz
-279.8342,72.16238,143.20374,19.667982,-13.012897,16.199858,51.5955,9.584503,-1.4225582,15.122852,21.285992,5.2309384,3.0961878,10.267933,5.4673123,7.173947,-5.8323226,9.973067,0.24309823,6.2259564,2.116408,5.899232,-0.20902619,5.5992355,4.6305466,4.4900656,0.646167,5.100751,2.1095383,4.1349916,0.21261835,0.28839046,0.47441,0.51713574,0.40578842,0.28803653,0.18833178,0.13707446,0.27412495,0.33178687,0.3405562,0.34049276,16.240140588119402,18.835576589219052,21.27470110163125,18.95081988138135,16.48566457320501,17.00904884917336,30.64795965833733,1085.2709220698275,1498.4114634671248,2359.459322415865,0.037285907451923,0.054156084,92.28515625,jazz
-229.89835,42.834476,75.368614,17.15606,36.119827,19.002289,18.937927,10.779573,11.136509,9.602518,3.804803,5.2527213,0.78874445,5.52452,3.6974192,5.8886786,11.704098,7.5148344,11.992503,11.9387865,6.485214,11.650394,0.632421,9.984254,7.292232,10.218064,0.7698644,11.434292,0.94129944,6.6826243,0.15950836,0.14255343,0.23567145,0.26756978,0.21496454,0.35266906,0.2927168,0.30119953,0.29200527,0.31569827,0.52259475,0.2639385,18.467182235254032,14.82422615850876,21.48233427280611,22.46078757269349,21.580490867121057,18.109013576279168,16.33861978873084,2662.075627644841,3180.0111644480457,6729.374436598558,0.0737192007211538,0.057992954,129.19921875,jazz
-223.65938,51.80731,144.07735,12.520091,-23.021011,19.28988,51.28092,10.561084,-14.242837,11.10287,-5.994551,9.720039,-11.988196,9.386117,-8.812025,7.752456,-3.4832923,10.1718025,-4.281187,10.157225,-1.3421847,8.108551,3.6458833,6.8235645,3.517227,11.988781,0.81732696,9.047044,-0.1629026,12.583036,0.2924413,0.14444366,0.13471745,0.31478184,0.17622264,0.14848903,0.21299796,0.36070788,0.19962198,0.13113144,0.23580985,0.20794475,15.632603559654502,15.084967697640415,22.8211942818724,19.97698448886169,22.736609346886517,21.312045775908107,30.39188405771556,1297.833745337772,1446.4506675266323,2715.8338341346152,0.0540564903846153,0.11660771,107.666015625,jazz
-244.9182,67.58433,163.54878,34.14719,-19.880625,23.349041,27.245611,15.95646,-2.850724,10.964754,16.180323,9.635656,-1.2235543,10.457879,9.187579,12.7834015,0.93786454,10.926435,12.830285,9.156412,-1.3772465,9.688723,4.191979,9.59583,-7.673434,9.106792,1.6634233,9.583434,5.460051,8.458929,0.15189926,0.14560366,0.26811063,0.3147723,0.46464774,0.26940522,0.20695002,0.3298519,0.37397572,0.57610327,0.33032474,0.2368256,21.02448351391716,15.558059015303543,23.728336672519973,24.757905400210312,23.152955536779093,20.05480088058913,30.80423161313736,1068.3700717286054,1281.493922278578,1935.503680889423,0.0532001201923076,0.09567559,117.45383522727272,jazz
-242.439,46.475883,125.81803,18.280415,-20.80371,16.242691,38.726936,8.084446,4.389698,9.144572,1.4213148,8.0746355,3.4625876,8.134468,0.6661904,5.877541,3.443167,9.081418,-1.9028277,5.845345,-14.30218,7.5578675,-9.62594,6.670565,-2.897262,6.654529,2.8504295,5.3235087,-2.102169,8.04565,0.116190314,0.22437389,0.43799052,0.3263071,0.23083077,0.32054296,0.2233139,0.21932203,0.23036537,0.32448566,0.43565392,0.122283034,21.111524443377345,19.1588443315074,21.42294446733325,22.380165032677315,22.977975347933764,21.44908729625452,15.997897719214226,1488.3418007010025,1814.0494086557744,2987.317833533654,0.0638521634615384,0.06261979,123.046875,jazz
-159.70227,24.931486,177.80103,6.3324685,-9.492098,12.6030855,8.183869,5.009235,-1.9105148,4.200236,18.566181,7.5903134,-20.265823,4.8278146,14.697841,5.839658,-13.0339365,6.856633,10.446958,4.327879,-10.582166,4.126891,12.269813,4.7552204,-15.664748,4.0541115,9.240105,3.5274072,-10.996057,4.6607747,0.32373846,0.4853148,0.8013551,0.28708372,0.17495452,0.28500095,0.62500477,0.19749111,0.13077487,0.22180383,0.4910617,0.45994803,23.493449278668663,14.006587467923977,17.36782380363052,19.945611677835757,23.361569640478216,17.741348623771117,35.46940607830758,1034.6522435613856,1469.274544947906,1687.6233849158657,0.0526479867788461,0.112511165,135.99917763157896,jazz
-440.48257,30.774889,72.00149,27.632067,61.85863,15.042639,41.524994,10.719405,34.790413,7.0607195,29.264694,5.6094093,19.76842,4.8183436,17.449654,5.4525523,14.517719,3.7896295,15.358362,3.5129871,15.470818,3.385703,13.581394,4.399749,13.207302,3.9451604,8.027857,3.0179353,5.5668364,3.0352554,0.38567793,0.5578966,0.76569027,0.7079078,0.58081234,0.43257967,0.26154613,0.22809622,0.333516,0.35534346,0.37382424,0.35695228,21.59091017479432,14.99942144766449,15.082815952816023,13.105704369134678,13.953796755192313,14.62050757102968,13.413698168205148,1289.891238937185,2457.46475974933,2470.520958533654,0.0193359375,0.053947013,143.5546875,jazz
-158.05458,26.576176,105.76177,17.928453,-36.696953,31.421913,44.515827,11.413702,-13.90326,7.8953834,14.669316,11.056203,-10.604041,6.7563124,19.44174,6.2586203,-16.850986,4.982681,22.64298,6.3020835,-17.50141,4.397867,4.785659,5.539944,-15.910625,4.2869644,9.104032,5.700939,-7.097227,5.79343,0.43498647,0.32082924,0.3497427,0.25771695,0.39265952,0.33768573,0.22912338,0.28535956,0.31780708,0.3388073,0.21682763,0.39990193,21.71348005903066,20.92995831501285,22.418343909988696,22.234245693182785,20.732766828363296,19.50937123117061,38.35135190610872,1927.430440179128,2020.276734747349,3982.648737980769,0.0741774338942307,0.100229114,143.5546875,jazz
-224.92125,29.298187,115.39134,13.215429,9.854075,9.450369,38.717667,7.8130527,-13.96639,6.7537518,17.440752,7.205452,-17.230202,4.690656,16.76621,5.9934626,-21.89704,7.344872,17.711012,8.677966,-7.390887,8.535964,14.378598,7.7373233,-3.8981187,8.818821,8.327262,8.499379,-11.032683,8.20397,0.3309053,0.3818302,0.2191148,0.36029458,0.18921016,0.18812205,0.25497854,0.34992358,0.2573018,0.31830433,0.28657863,0.16981708,16.085991277621925,14.09355235055288,20.39956290258274,19.60442614310232,20.231129392239197,18.38255624538788,37.04388580820824,1836.4499242115996,2297.0103530192137,4460.851487379808,0.0674278846153846,0.048898336,151.99908088235293,jazz
-251.8613,28.637156,109.438385,13.118887,-4.3807964,19.142105,40.960796,10.955856,-9.403741,6.1079254,23.43952,5.252619,-21.566486,4.8403783,13.888557,4.789455,-21.853838,4.664714,13.001562,3.8446913,-12.141489,5.379306,12.399019,4.854495,-19.093477,4.2159767,3.4333918,4.8864126,-11.469321,4.973417,0.22017902,0.24420221,0.2653665,0.2616674,0.2601464,0.3986037,0.30150044,0.49987593,0.5567243,0.33640116,0.1819984,0.14823137,24.220487411804683,14.8134453692442,19.63581682744813,20.89796760846314,21.069789692091664,17.819138419927114,36.28663096614367,1914.2554978943847,2250.9794784485543,4461.845327524038,0.074951171875,0.034829136,198.76802884615384,jazz
-289.987,29.096737,130.27109,18.745104,0.21715969,9.9261,26.049282,10.479466,-13.186703,8.068103,20.656345,7.0679474,-16.396372,6.995125,14.869978,5.901234,-14.452267,5.65587,12.052278,4.67864,-17.909782,4.777608,0.4862186,6.282662,-12.86609,5.724853,-0.7804199,4.917731,-0.18361089,7.269739,0.058379605,0.03880662,0.09916162,0.2798022,0.24927342,0.11152799,0.15802497,0.15595895,0.3769933,0.6035377,0.14154841,0.084258206,18.24817804452596,20.88478357145385,26.173549561232925,25.350860840585323,20.911271256719555,17.750316518603988,33.35213091356518,1390.1984032762157,1872.7736428906771,2773.890662560096,0.0503831129807692,0.042508073,123.046875,jazz
-155.38629,59.749557,115.30797,28.187311,23.518751,19.581955,33.078506,8.497888,8.741232,9.971136,10.154874,9.836918,0.17186362,8.852501,8.411137,8.521133,0.6291579,9.78577,3.065405,8.400848,-0.6421267,5.934543,7.2355947,10.411414,2.9610727,11.481366,5.925347,6.9228206,-2.4785402,5.8113804,0.15822265,0.37280226,0.55957943,0.51544,0.3775329,0.4574645,0.37157208,0.37278962,0.24380834,0.20510201,0.1416692,0.08782254,20.76699642114157,17.168757552829106,21.87295149138801,21.55023796671955,16.85932286905961,15.49407059100261,15.833192921170506,1457.4787939754915,2167.0425716822965,3108.731971153846,0.0391789362980769,0.19335479,107.666015625,jazz
-45.57449,31.259033,89.6441,27.831297,2.922409,16.19534,28.485363,9.62153,4.841049,8.968904,9.252771,6.81847,7.6536613,6.4481006,12.983959,4.208912,-0.30975553,6.1591525,3.8754065,5.4513283,-1.5560378,5.890563,6.42803,5.4384394,0.23166732,5.2692685,0.32836702,5.4921846,-6.616574,4.76073,0.27810138,0.48118958,0.8650717,0.49973738,0.33023596,0.33738557,0.33512688,0.4756054,0.38540158,0.36194852,0.22284408,0.21823159,20.21484334123666,12.844989325197211,16.448331709209697,18.333339517960656,16.21415445313923,17.042875863838745,17.02975738955282,2351.6551939558176,2591.987888397175,5249.380821814904,0.0872182992788461,0.19007577,92.28515625,jazz
-35.12083,20.136257,93.18773,16.674238,-31.11596,8.756912,65.55912,10.499133,-12.002583,7.9408855,27.510088,6.0623345,-13.320547,7.061385,23.714832,5.797251,-15.632892,4.811035,12.292122,5.6121945,-11.514329,6.5516877,17.313986,5.470177,-10.032478,5.6642733,6.282174,5.1035533,-11.876003,3.9406524,0.38640904,0.59014505,0.6197579,0.4818987,0.34346193,0.30867594,0.39390105,0.39883453,0.39320427,0.28796923,0.27097225,0.32007465,19.952206618810607,15.751308219742322,16.758115004398093,14.911841485195025,15.733429613474328,16.492920845231694,42.23315956676684,2371.1581941432964,2194.1627484043865,4851.3478440504805,0.1159630408653846,0.19484581,123.046875,metal
5.284615,35.052696,78.51792,17.82097,-19.367075,17.371796,62.4021,16.35489,4.519612,10.881931,25.4238,13.351204,-9.107903,8.688053,24.533804,8.224725,-13.803938,7.7713695,15.460062,6.295816,-8.152545,6.794133,16.180288,6.904961,-6.613138,7.876317,4.942594,4.8113017,-8.734116,5.7282457,0.42118764,0.59213245,0.615011,0.62984765,0.45132387,0.35229835,0.4225903,0.4280991,0.42481688,0.43038714,0.45915046,0.39066437,21.35751722196738,14.825854289782924,16.986579102526083,15.488763243549831,15.873493318722948,16.721897533538957,37.89130324419865,2588.9877213550008,2424.2174678448164,5399.202223557692,0.1218299278846153,0.29563883,95.703125,metal
-89.18895,14.588717,56.053265,11.089427,-33.074455,8.347538,73.36623,4.988236,-11.686903,5.1198487,25.344055,5.443305,-12.954889,5.9014335,36.286785,5.4409046,-17.490864,5.716463,21.764261,4.890197,-10.607473,4.981112,18.613707,4.6954026,-14.085037,4.0185637,12.933836,4.0775495,-12.505501,4.081464,0.5190447,0.64067596,0.77989,0.65104735,0.6880512,0.78442824,0.64915943,0.68662584,0.7081516,0.6126587,0.50182754,0.47040644,20.322973564225816,12.953188569014593,14.47174960224532,14.369950010474884,16.328661093810627,16.39352736671074,42.33053124908582,3205.4968873128187,2333.029462564172,5906.143517127404,0.2163499098557692,0.083013244,135.99917763157896,metal
-161.17117,28.26127,99.43122,16.015345,-67.63314,6.999977,80.169174,5.5111256,-38.996487,6.369854,13.969571,5.3224487,-19.560709,7.1916523,15.134916,3.6085525,-10.612111,7.404779,11.285113,3.722644,-15.1874275,6.688978,1.4466174,4.2211347,-26.157522,4.899562,-4.5368295,5.620325,-10.230535,3.604974,0.3807298,0.3269695,0.47837907,0.61153036,0.8169092,0.6023293,0.36344686,0.32566288,0.48486435,0.46140593,0.44635022,0.58077204,25.28860629265437,16.1379507444446,15.47888834890373,16.754254073954286,15.518258699563312,22.20808538606093,36.3114828191476,2519.737547735803,1808.7588869041576,4407.7638596754805,0.1555401141826923,0.050266992,143.5546875,metal
-28.920828,12.032664,88.77021,12.5655,-55.868103,11.838826,50.798534,6.484033,-20.867058,5.487604,15.107147,7.05612,-21.444645,8.216569,25.819359,4.928811,-10.688157,4.9320946,25.630009,6.6622376,-16.722944,5.5900135,16.217958,4.5763874,-13.227103,4.9753466,11.18136,5.7657685,-7.5380974,5.870184,0.6384823,0.46902943,0.3842619,0.5956876,0.48139676,0.44901505,0.4736632,0.5822884,0.6321654,0.59567004,0.76257193,0.41221264,18.875026984284027,13.383281359243036,16.492785928824944,17.088782311758425,16.500131007806417,18.406458812707307,42.85367108043158,2627.3090903444377,2069.870196407588,4751.466909555288,0.1793344350961538,0.14690617,143.5546875,metal
-62.232586,18.294783,53.48593,12.916681,-26.619024,14.991935,57.001987,10.529955,1.9250299,10.970897,7.4499345,8.1007,2.3395846,7.394005,6.63865,6.1818733,8.431259,6.7756867,6.797034,5.653599,-5.0325956,8.788894,10.808658,7.246116,-5.216309,6.9526663,5.546566,6.856811,-7.6165442,7.1206846,0.61688185,0.5713709,0.72459984,0.4438338,0.41228408,0.32283735,0.33579528,0.55605733,0.3618274,0.39752483,0.465176,0.50070894,15.969286198233569,15.654208721292813,18.810159889829794,18.143140489001546,17.341664898019584,19.365812195234074,33.52700532165799,3099.926351710949,2441.1285894464763,5631.429537259615,0.1933067908653846,0.10731137,95.703125,metal
-40.605408,51.696552,80.96411,24.698072,-29.65601,20.544743,74.27871,11.42148,-1.0169842,8.689805,23.948929,8.12598,-4.92953,8.528721,17.197096,7.1480346,-5.85103,8.768797,17.58833,6.4287276,-14.256346,6.000709,15.576071,6.7303524,-6.127066,5.9790297,8.26447,4.628521,-6.4098306,5.340473,0.76775664,0.59001476,0.42732075,0.39390233,0.31279203,0.30214638,0.50876004,0.54171544,0.55911547,0.5539302,0.66244906,0.85183704,21.07556047022809,15.44163314500186,17.004678471047715,16.189815051714238,15.81654941537959,18.228193979242075,37.69504261495263,2577.443089466726,2227.327618606221,4995.123384915865,0.1253267728365384,0.20858912,129.19921875,metal
-85.490585,24.071707,91.97565,23.439295,-38.375843,24.824497,52.711044,16.737867,-23.02696,7.650922,30.711735,7.8273773,-15.01819,8.109145,23.387049,4.9768543,-17.850618,7.441483,21.272224,7.3892384,-9.572124,7.6911187,12.552796,5.817403,-12.385289,4.798949,10.345358,6.299398,-9.7668085,4.8186893,0.60116625,0.50200135,0.5388616,0.55221975,0.50106764,0.6249511,0.5519846,0.6470796,0.5846691,0.54240483,0.59802437,0.5446492,16.407331643976566,13.469874292413463,15.169173819784044,14.525604252780507,15.637126532971418,16.20062147278604,41.03239344707224,2710.244190514867,2222.836954210716,5228.1788987379805,0.1722017728365384,0.08719167,123.046875,metal
16.49785,22.558258,76.13948,18.797033,-54.16913,10.918312,49.61292,8.547562,-22.077002,12.741455,21.5039,8.98983,-14.5548,11.340745,34.912876,12.938284,-19.157587,8.807215,16.18207,8.180322,-14.612338,7.417437,10.547793,6.3905525,-15.831442,7.136898,5.589694,6.13427,-9.299386,6.872597,0.4237338,0.54490644,0.4539653,0.4744685,0.46154088,0.38612562,0.30910155,0.42132005,0.4522029,0.6874066,0.6620918,0.3574542,22.2764925258085,15.217938647541114,13.466760793960244,16.549423924493272,15.24110456279087,17.086572969303166,43.68182719837654,2830.288813023463,2144.9561217619757,5226.19121844952,0.191650390625,0.24104261,129.19921875,metal
-226.00484,65.11436,66.849205,30.034843,-11.496253,30.034151,50.444077,14.035198,-7.8283463,9.13628,15.561103,13.228292,-19.955833,7.8479657,6.79955,13.45141,-13.782253,8.494,18.4273,9.055996,-20.610157,7.844944,11.007926,9.318571,-13.919184,7.4933505,14.110701,9.059145,-3.7190309,7.9841123,0.25291613,0.27031067,0.21528222,0.26207653,0.25015944,0.3919964,0.38539064,0.36187792,0.46590215,0.4092186,0.4804283,0.34635186,16.344704613162488,13.561745184253889,19.564087060100253,18.137783139692,17.728651373674392,18.92482475431236,37.80075335983514,2933.5434044835524,2514.5066459740183,5890.40771484375,0.15126953125,0.037004847,117.45383522727272,metal
-19.044197,25.580803,97.2424,14.075343,-24.225754,15.167716,55.09719,8.86821,-14.325829,8.412336,22.085985,7.2891145,-13.243334,5.9199543,22.449644,7.40315,-9.523734,5.9598913,14.158488,6.1191435,-6.9286075,5.1273556,15.798627,5.298318,-10.739463,5.368366,11.468256,5.1550303,-4.842056,5.0748224,0.6243536,0.5603088,0.67602587,0.61020494,0.6005752,0.5881308,0.56676906,0.4394711,0.47519466,0.5223985,0.46037632,0.52317154,23.84434724506637,13.938282741951628,15.52396677135679,15.212717811399694,15.431839889541555,17.622873666279766,40.12964514973558,2366.000350324678,2261.0099877861026,4938.308856670673,0.1177170973557692,0.20268688,80.74951171875,metal
-119.358925,42.47267,95.432304,22.178026,-41.355183,22.467667,69.79781,13.414506,-2.0560021,8.219312,25.778482,10.612483,-10.051707,9.039526,26.572542,5.625023,-15.577182,5.0397077,14.727924,5.7010536,-11.286052,5.8636255,15.304898,4.7317195,-8.670315,6.6583953,5.657206,4.944554,-11.815329,5.568351,0.44631818,0.34647414,0.40301853,0.6019173,0.92550576,0.5945013,0.30456942,0.30213293,0.3778205,0.38175508,0.43127158,0.55821216,18.881589677132407,14.275592936427357,15.033735966446113,13.769659788009964,15.409533274145424,18.32732148178324,39.03039518053357,2307.9837804391104,2064.824585119145,4478.657789963942,0.1138521634615384,0.0984194,69.83741554054055,metal
17.99693,27.427414,73.89413,18.463028,-27.809042,18.015657,53.71809,14.8724785,-21.518127,11.283381,29.516647,10.4882145,-14.649009,10.040175,17.9422,9.5220995,-3.9755507,8.103455,17.104357,8.493194,-10.726331,7.449637,15.183809,8.49529,-8.857219,6.9047284,7.822403,7.269504,-6.527769,4.8422623,0.45515925,0.69575185,0.52033377,0.45582706,0.68700206,0.3783333,0.38736823,0.44572762,0.6451261,0.46036384,0.36363217,0.50432265,19.20365228963874,14.037930736593951,18.36767532105044,17.39068767114117,16.82549507879149,15.694612048969688,35.41387981272508,3001.657535570397,2397.6701982946142,5696.940166766827,0.1746807391826923,0.25219458,112.34714673913044,metal
-81.81014,49.557022,72.98669,25.846375,-26.957085,19.313118,51.27578,10.897596,-19.392859,10.143775,27.401392,12.21578,-19.077969,9.185998,24.823994,6.4304423,-15.047291,8.493505,20.660242,10.331051,-12.229256,6.984607,18.003557,6.2261395,-9.190366,9.79346,8.910098,5.9841475,-10.393988,5.545727,0.54020596,0.80261385,0.59509665,0.46793565,0.41331008,0.42666906,0.33963907,0.37292302,0.48312208,0.35422146,0.40784496,0.4685772,14.616271086728863,14.136503478073582,16.126009470001247,15.284298890516736,16.12312320455958,15.63325679376296,42.5539317691301,3051.34436591521,2401.7093669577603,5877.239332932692,0.1895057091346154,0.10645197,172.265625,metal
-266.97437,114.08076,91.170525,36.065598,-7.0434194,19.989569,50.683228,9.690901,-4.971537,12.874836,26.650063,12.783583,2.455812,12.399142,23.817917,11.978191,-12.384626,11.086017,12.971807,9.075168,-8.653929,11.045494,11.899078,7.586244,-14.472443,9.222443,3.6151617,6.873288,-5.4000697,8.910824,0.43084818,0.52573913,0.52570564,0.6221609,0.71298474,0.53452855,0.38327348,0.39249766,0.43895748,0.4923841,0.44761,0.42682332,21.229311774272176,15.132661426177206,13.899431832652503,15.397427845989494,15.676959653656596,16.83923492064011,34.22593007066762,2237.234151582269,2302.7895699376672,4768.113731971154,0.0920785757211538,0.047788702,61.5234375,metal
-23.948814,14.480917,82.24087,15.747204,-40.59678,10.611338,43.298004,8.561067,-23.615711,6.340216,23.48826,5.5927086,-26.65084,7.6399,23.267796,7.8213153,-16.45151,7.0806713,25.355442,6.4295487,-14.779214,6.0644584,17.50575,5.1163936,-19.051296,5.488829,6.0670366,5.3431077,-10.134194,5.7172556,0.38639888,0.44650084,0.33937377,0.44824225,0.48235273,0.6917877,0.47095898,0.3597114,0.5007385,0.38584188,0.43516874,0.29869783,18.9784904377744,14.455049275127209,16.388702570860396,15.845243910317263,15.76240756899862,16.01680894208297,44.29416273834095,2882.6289747061323,2325.737269281975,5650.726600060096,0.1854341947115384,0.14473994,135.99917763157896,metal
-115.444725,26.227762,112.76928,10.151735,-21.603388,12.966928,49.237915,5.8553,-7.938223,4.964096,41.463882,4.9043465,-4.2167273,5.645962,28.562979,4.429363,-13.023011,4.460089,11.274884,3.7385244,-8.388213,4.3388534,25.252703,5.463531,-6.701929,5.4435525,0.8957202,4.6478014,-17.282778,5.312102,0.50490355,0.28751215,0.38516852,0.4774842,0.5106136,0.4588201,0.25323513,0.20374544,0.28384802,0.40761268,0.6494527,0.76195717,26.5601012165645,15.490327042894918,14.357158608225896,15.464574614910775,16.500269082692007,17.255359538549936,40.13228261464099,1815.793390944505,2144.345135890172,4241.378455528846,0.0493614783653846,0.13234054,89.10290948275862,metal
-63.31643,30.810839,102.97303,15.672339,-39.480152,12.182243,49.97266,7.133456,-23.220865,7.4507904,31.023426,5.651811,-11.586463,11.530063,14.151136,7.4500303,-17.220913,7.7327013,12.854218,7.397489,-11.825513,7.7420144,6.78992,7.2402625,-13.791983,7.4403396,4.6584315,5.837722,-10.705264,4.7877636,0.37187466,0.37968215,0.41925004,0.6046329,0.5120162,0.516607,0.57667005,0.507452,0.63154733,0.56770134,0.46897957,0.34681693,17.84146359338209,13.12920236819197,14.571435653405326,15.562038705525968,16.079670773512785,17.662028328875934,40.394871762821545,2319.6558997016523,2106.1391408194177,4721.403245192308,0.1321326622596154,0.12673354,117.45383522727272,metal
-70.90955,23.882698,77.85678,10.798138,-47.111813,10.518821,51.873085,7.7584076,-8.709388,7.9890013,35.69194,7.7626534,-8.164478,8.758365,23.451998,5.283158,-19.261309,6.921673,22.707088,5.437103,-10.509826,6.591993,13.90545,5.100007,-16.6487,4.8304167,8.399325,5.0269175,-12.024728,4.99226,0.35932463,0.39763308,0.46434718,0.56080544,0.68659985,0.524001,0.4231318,0.46633238,0.5530708,0.71758354,0.52050245,0.38904303,19.52242893957307,15.281345446945991,14.515156521705698,15.70230891135725,15.330617795733906,16.916038784459822,41.2598675660858,2734.7184780922594,2224.265547103971,5175.671011117788,0.163115985576923,0.10340058,107.666015625,metal
-13.922594,10.144416,93.812805,8.802543,-43.52409,9.24299,63.010822,5.8979354,-18.222013,4.4059744,25.44736,4.7516756,-19.471521,5.257739,29.623272,5.302605,-15.965912,4.8068204,17.363113,4.2527146,-17.282318,4.6784544,15.15006,4.4310474,-17.553482,4.5123267,6.4708037,4.761377,-7.5763316,4.1385493,0.3490704,0.5356812,0.4644841,0.492432,0.8336854,0.5501926,0.38014916,0.45050025,0.5068174,0.7189567,0.47927204,0.40082532,19.916255550091478,12.603665814011674,15.57324031524792,15.366062334015805,15.219135631577648,16.49275771680184,43.68186934756856,2567.9542186152357,2141.8772569258936,4886.463529146635,0.1603928786057692,0.17311499,95.703125,metal
7.7023315,14.909814,80.01514,13.163432,-27.698736,14.079906,57.637268,9.399463,-22.778444,7.802686,25.346087,6.0383162,-14.78448,5.9194384,13.590518,6.4048214,-11.357397,6.5559916,18.747984,5.642452,-15.3052225,6.078813,19.030617,6.0773096,-11.2522,5.253326,8.778917,5.7409067,-10.488541,5.868187,0.49501008,0.534593,0.45421872,0.43567446,0.49705577,0.5167514,0.4336463,0.3647798,0.3896424,0.377347,0.44689417,0.5145506,20.41224423231728,14.54007061357198,16.863886606099683,17.060794527164287,14.968559742148855,16.64404849171389,41.5053540042479,2787.751030314008,2314.4181859144664,5298.410268930288,0.1573279747596153,0.24000889,112.34714673913044,metal
-105.70889,35.089626,113.23167,21.572638,-43.702824,17.451044,56.478756,13.05895,-17.105013,9.3830185,26.3519,6.296767,-11.870363,8.972252,19.528137,7.451186,-11.411528,8.858083,14.052238,7.7104974,-13.730891,7.630339,18.298279,5.895731,-9.722039,7.1620445,3.7432542,5.988702,-9.276458,6.080437,0.44939247,0.48076546,0.48266137,0.51701,0.6956855,0.48422837,0.3665212,0.48264015,0.49648175,0.5609224,0.42486036,0.38572964,18.193371015955115,14.229609945197542,16.02704941594085,14.517955344523012,15.588230834368662,18.06827076268822,38.29936777221357,2203.646440947862,2010.9501636864184,4385.899376502404,0.1208984375,0.08895755,161.4990234375,metal
-158.29892,70.52599,108.99087,29.700006,-17.481524,27.024385,67.902016,12.244165,7.095672,22.4751,19.890713,16.754246,-0.9833818,14.446547,22.390657,9.802225,-13.796056,10.4861145,14.927419,7.821493,0.67394984,12.037563,6.4775033,9.5038185,-1.0238262,10.941522,7.6442714,7.4895973,-4.1750913,7.214995,0.58430505,0.4109117,0.24967094,0.3349067,0.4863479,0.37247056,0.31040502,0.41786376,0.40322858,0.42507008,0.37823194,0.39194065,18.91632968828049,17.30734257084671,19.18885986942887,16.66602899397584,17.70424238342927,21.323833472560143,36.84846785731873,1845.8389608888983,1993.5655039645128,4068.864370492789,0.0754244290865384,0.13314004,117.45383522727272,metal
-82.65838,26.375326,69.2498,12.938128,-23.690002,11.386506,60.089325,9.060626,-24.448324,10.38131,39.529366,7.283138,-11.091018,8.558129,31.869967,5.8817782,-17.521898,5.0491343,21.61353,5.533671,-12.950293,5.7616816,9.424611,4.1510572,-19.585577,5.1405864,6.317653,5.144419,-13.45837,4.4508915,0.35584894,0.3094928,0.4139552,0.5584608,0.5424096,0.61452353,0.4984746,0.5375317,0.61624986,0.5724508,0.4556643,0.37995633,23.22126652536248,14.645049440839998,17.554968577306482,15.946293212986191,15.22380353279264,15.83077095506425,43.42132262355839,3085.9720472957883,2430.358086736783,5938.277681790865,0.1815054086538461,0.09535924,63.02400914634146,metal
2.9450238,18.027729,69.32805,13.707964,-24.012272,12.690461,57.39336,9.238342,-21.755379,10.192166,27.736229,7.440944,-16.950861,8.998348,20.21966,7.2140484,-10.911253,7.776432,20.924393,6.7197266,-12.204512,6.4022064,19.728497,7.404403,-9.887906,6.022643,12.355681,5.9023085,-8.965084,6.0917263,0.54143053,0.54019165,0.5088163,0.6185268,0.44213086,0.3297875,0.37067735,0.46908194,0.5011132,0.4715395,0.4354469,0.40739098,19.39334507027576,13.969032738786725,17.034017308094757,15.573068112071647,15.349461316306934,15.930923704539005,42.70633751127315,3053.5487751740184,2415.5348755862296,5773.714317908654,0.1816443810096153,0.2138279,123.046875,metal
-77.78863,22.168108,91.97874,13.196215,-60.02896,14.187291,51.18763,10.773985,-4.9003844,9.054383,29.3572,7.378345,1.1551561,11.138822,22.063204,5.218788,-19.919947,8.207826,20.190748,6.6720815,-10.446208,7.8610992,15.729642,5.5076685,-17.127115,6.1745653,7.3069882,6.8326025,-10.089945,5.552422,0.28315547,0.26350772,0.32354146,0.6443938,0.7159716,0.44672042,0.33908978,0.32929838,0.40305758,0.46709424,0.35734293,0.26813188,19.83873257820874,14.598146144873468,14.81128303916063,17.19028961530771,15.71358068731164,18.69029852072868,39.49764151472204,2438.563562377999,1982.5350685576443,4346.394230769231,0.1530799278846153,0.10951173,107.666015625,metal
-19.42578,27.766827,69.425804,22.171043,-27.798552,16.854408,71.929214,11.266049,-6.3063803,7.209921,24.734472,8.642774,-6.132553,8.294943,19.277323,8.360257,-9.448558,6.933935,17.558245,5.2220197,-16.407736,6.1692724,15.306315,6.2980833,-9.230715,6.057153,9.169469,4.887279,-8.803961,5.907433,0.49033713,0.58895105,0.5378365,0.48442805,0.60391444,0.45114332,0.4664582,0.5506088,0.70057374,0.6729639,0.50896275,0.53139365,20.05688566607956,14.213218088170471,15.5810699491206,15.745223709660667,16.59432882834709,18.812093690934876,39.838654131773644,2899.593048001257,2326.695628393906,5442.4342698317305,0.1598783052884615,0.2052427,129.19921875,metal
5.431208,15.959834,76.7093,8.456777,-27.040709,9.403504,58.76859,7.2013307,-24.302626,5.9698887,27.523027,6.1686797,-16.532688,5.96653,26.489637,5.893088,-14.655749,5.8508997,19.725687,4.855002,-19.282835,4.6705065,19.330368,4.4628644,-14.513212,5.5585423,12.324149,3.8971462,-13.806441,4.811847,0.5679055,0.873942,0.5431257,0.3735106,0.36570242,0.3694807,0.30029392,0.36934716,0.5669469,0.38507,0.32335943,0.42509592,20.77928715250533,14.00352316583738,16.874415077554385,16.957276793688635,15.901681097903058,16.76523648213329,45.21383954479251,2921.967551563553,2382.6260345474334,5613.7060546875,0.1737567608173077,0.21579754,107.666015625,metal
-172.27847,115.13372,73.69732,23.830095,-17.910795,33.554848,55.980583,11.067043,-12.76718,16.867971,23.795473,10.613589,-11.271546,13.064215,24.509256,6.476155,-15.631511,8.959542,17.297504,7.684712,-20.005465,5.5806227,13.570513,6.5566244,-11.729029,7.004835,3.5920348,6.7292457,-9.544809,6.80163,0.49049863,0.56011546,0.40883774,0.4081364,0.48747262,0.5280274,0.47958192,0.4769707,0.554284,0.41976067,0.36453733,0.42128074,19.308062464199715,13.170211529781346,16.250734726065694,17.391828225747698,15.907353284322964,17.78651254284507,39.12736736336927,2873.563062733083,2425.9431568365862,5706.630108173077,0.1630521334134615,0.0679124,95.703125,metal
-91.94937,25.185003,70.59539,15.91299,-40.821056,17.237682,55.19881,8.728653,-6.0870924,5.8104796,34.29472,6.488269,-11.432297,6.718322,27.319483,5.9286838,-12.796083,7.117563,20.163,5.266847,-17.335495,6.1411066,10.318515,4.7814674,-21.702503,5.4291353,3.678566,5.478713,-13.462606,4.939284,0.4072691,0.37364924,0.48496205,0.46030018,0.5390703,0.570418,0.47136724,0.60591984,0.5986883,0.6232445,0.4305375,0.4351373,21.64171374379937,16.89574616830393,16.0877914186219,16.443484221201324,15.922570999217392,16.897224964931965,41.706673925439645,2878.112028235046,2309.357938451663,5493.1201171875,0.179180438701923,0.08485935,234.90767045454547,metal
-46.412033,14.994011,47.186672,12.700108,-5.7988243,14.985986,34.531002,13.137593,10.953714,10.824937,11.37022,8.294876,7.346953,8.367711,4.608767,6.8578424,5.056623,7.2876816,6.826349,7.8785863,-2.1685815,7.1386595,7.984286,7.7768373,-6.3332067,6.956488,-0.19224729,7.6234527,-8.132657,6.8092704,0.46719745,0.45023447,0.56701565,0.43270266,0.3894657,0.54777503,0.5210968,0.5460804,0.4167729,0.4434798,0.396182,0.38748065,14.433637332271855,13.740451178249716,16.727248773093063,17.080757755472312,16.064673529507125,16.51639339620915,29.59750019266815,3516.774871055775,2941.326341569932,7204.512845552885,0.1989971454326923,0.110745035,95.703125,metal
-23.140692,30.409403,115.65329,13.60664,-51.74998,11.582261,44.648746,5.738633,-25.368607,5.9064097,27.965286,6.139538,-13.515845,7.026167,28.685474,5.3508544,-16.648684,6.3545685,16.443306,5.7742443,-13.214506,5.3249164,8.180054,6.1189556,-5.238044,7.2107124,3.0477736,5.720749,-5.905402,5.252587,0.47928116,0.6041309,0.34684664,0.40158227,0.51692235,0.38889918,0.8593615,0.5831674,0.34621513,0.3304026,0.5379718,0.5073087,24.60637760790307,13.472192503442756,16.75156850797138,17.174377261893348,15.723894688863808,17.350197123142355,43.37592784706074,2167.927904489332,1998.2835712140627,4300.511944110577,0.1171349158653846,0.19039163,129.19921875,metal
22.516655,20.202856,66.346985,11.275086,-20.131418,14.5316515,60.92566,11.48312,-17.118347,9.964329,27.406404,8.9768715,-15.373641,10.014029,16.185673,8.453711,-10.198407,9.38399,17.859556,7.1245546,-13.653159,9.262203,20.02551,7.8290095,-9.392528,7.9152784,11.497652,6.2404222,-8.668658,6.69734,0.45325863,0.5755625,0.6991852,0.570455,0.42018604,0.38070926,0.3891729,0.42811945,0.465585,0.6087988,0.49259984,0.4514998,20.084534690048567,13.301052878828258,17.045065711987704,15.241369180733756,15.371495770471666,16.530810699308685,38.93972398704657,3114.98845134939,2460.3639156666286,5842.703387920673,0.1873760516826923,0.2570928,112.34714673913044,metal
-40.878056,26.869545,87.35036,14.070407,-25.139824,11.247611,68.91657,10.280378,-22.322968,6.915932,29.71738,9.177729,0.69463074,7.4823537,29.875229,7.232579,-5.410172,4.8838854,21.068634,5.8467884,-6.865882,4.2133465,22.832375,4.511151,-6.4877834,4.4039383,10.082465,3.652598,-16.165361,4.181513,0.92646074,0.7393867,0.5787895,0.45153525,0.41199368,0.34055838,0.39761868,0.6023126,0.5067282,0.32644975,0.40486774,0.643339,20.90305136489546,15.474592681018589,15.45925333275986,15.88446000897383,15.50225283701542,16.843297103617882,40.87646265672368,2505.759910731185,2282.19491671296,5032.143930288462,0.1161470853365384,0.20471211,143.5546875,metal
14.163598,31.07889,91.00304,14.285733,-32.18783,13.859465,46.31365,11.251187,-13.336881,11.165654,24.05208,11.653979,-14.330976,13.358228,13.611476,8.781943,-9.601237,6.888343,16.08439,8.6287,-18.313152,8.462287,13.026092,7.927168,-4.5914383,6.5492306,9.916556,6.275521,-5.6052704,5.709188,0.40690517,0.4593619,0.665779,0.41914567,0.38454202,0.26453596,0.27401558,0.2770791,0.3760244,0.6680051,0.41865498,0.37965593,21.8399852356468,13.460561811900131,17.938952294336595,14.23686529076964,16.746297204073382,17.559310958634555,37.03858261436935,2524.0626090159203,2301.06332425054,5032.3095703125,0.1337777944711538,0.2603543,151.99908088235293,metal
-77.04623,18.18017,72.95009,11.37033,-15.7181,6.392032,74.44013,5.371602,-12.92452,6.290255,24.828888,6.8553214,-20.578165,5.5959096,26.91558,5.3557806,-11.306004,6.0414724,23.781347,5.584915,-12.347617,5.287362,16.165411,4.1817384,-15.1668215,4.272288,3.5869243,4.1752973,-11.303274,4.7751856,0.4201551,0.41990727,0.4806982,0.57328594,0.5437176,0.48138702,0.6098135,0.65716565,0.7549098,0.7806409,0.6167257,0.50065374,13.78232411267372,13.586845249613852,13.783456824486386,14.176749313817156,14.625783703485912,15.955401976998214,43.08315955698654,2835.5710220062388,2428.5687682540965,5677.974384014423,0.1666203425480769,0.11099496,123.046875,metal
-31.173157,15.2484255,86.31983,12.347588,-45.00776,13.147118,48.113655,9.03335,-20.639454,9.908124,19.455114,6.754588,-26.38235,9.88842,23.31111,5.236759,-14.95139,6.202685,23.949133,6.676032,-16.471426,6.6148534,19.330568,4.7841587,-15.271567,5.929714,6.2553153,5.4745336,-10.578625,5.0618014,0.44300407,0.49899,0.39416888,0.54181474,0.5505727,0.62978715,0.40120086,0.34315965,0.4515294,0.42597544,0.44469228,0.34531063,19.303661823347426,14.270270272109228,16.34687804093372,16.297814411618848,16.162611243545822,16.706467398842538,43.59565788591416,2725.430518092926,2227.338201248478,5239.0283203125,0.1700383112980769,0.14234377,135.99917763157896,metal
-32.337704,14.172534,96.39018,11.268732,-31.239172,8.891589,59.32928,6.443698,-17.323189,5.501153,25.829561,5.23036,-21.625914,6.297646,27.425014,5.025037,-13.602653,4.5524387,18.636501,5.5251617,-13.622782,5.3960414,15.023895,4.334844,-13.761599,3.5443263,5.909024,4.0741053,-5.1136155,4.3933816,0.40955243,0.5985057,0.518813,0.46056432,0.63550436,0.56009054,0.54675037,0.60404325,0.6308418,0.8380127,0.6752854,0.4892877,19.53730233483516,12.285699113880105,14.539788657448227,14.2938595044138,15.18526418249876,16.379232265215933,43.75130439969322,2498.0279832801566,2251.999953124834,5097.240459735577,0.1458420973557692,0.15423357,73.828125,metal
-54.977066,13.346859,70.27805,9.718931,-51.89245,9.23264,80.750465,6.2559495,-22.085747,5.6900883,36.814964,7.4476166,-13.721647,4.2683535,29.336014,5.675477,-6.188026,5.70798,14.818297,6.9582047,0.4704989,7.318847,15.080334,4.9963007,-13.683377,5.665237,16.111336,6.458102,-15.02879,5.0621967,0.42107433,0.43956837,0.691895,0.6813399,0.6063773,0.52432525,0.5938217,0.5861998,0.5399204,0.43447277,0.33562547,0.42808115,16.922307645002142,15.31505226582242,15.995937787541797,16.66104759651499,17.26308583325182,18.9055583520934,42.1826467760813,2962.228226314416,2053.0034652353165,5106.764761117788,0.2263671875,0.14549482,129.19921875,metal
-66.44959,40.742954,72.16552,18.346857,-24.910164,11.034239,70.03097,12.255428,-15.007959,11.480813,33.41768,7.3692474,-3.239235,5.096158,28.795034,6.600451,-7.6022205,9.151835,21.17853,10.864013,-11.330202,7.9091444,19.289482,7.525973,-9.952083,5.886242,6.252304,5.315559,-15.826645,5.725398,0.35517552,0.38209915,0.48149222,0.54854816,0.4604131,0.4748049,0.35360494,0.46414074,0.6155852,0.5788498,0.58458316,0.407122,23.672596502216088,17.416287091854652,18.686360200211997,17.083297311264246,18.17933293149416,18.46003616786711,43.01151941091518,2708.2079844223804,2279.5040586872724,5160.680588942308,0.1385779747596154,0.1630686,73.828125,metal
-69.26609,20.726963,53.70128,10.9176445,-34.705235,9.153614,65.97772,10.197608,-16.2503,6.025877,35.168346,8.836184,-14.38203,8.078386,31.429398,4.999269,-13.512957,5.06825,21.36042,4.1341825,-10.842027,6.565891,18.389467,4.3874707,-12.577077,5.374279,9.401703,5.219138,-10.555569,5.4362392,0.6921415,0.49947655,0.41839007,0.47624207,0.6094617,0.5474041,0.44238997,0.54405355,0.5257727,0.39910284,0.46144363,0.65818936,17.203472912715515,14.550648223192669,17.180723897109928,16.13301255367638,16.19227731105419,16.37281224349963,44.18373125308397,3264.9845487828984,2343.987124181408,5972.647986778846,0.2187875600961538,0.107819915,54.978390957446805,metal
-80.224464,20.743067,77.75718,20.897635,-48.106873,17.636992,50.6615,9.430378,-10.872421,8.250152,29.37062,10.55161,-2.4332955,11.684993,30.008083,5.907633,-17.885431,7.2467713,19.085268,7.9536552,-18.676878,7.1294565,10.868042,5.711096,-17.148594,6.987085,11.178919,8.110269,-5.786035,7.119055,0.45812407,0.33500394,0.3777369,0.37701213,0.4700767,0.4515476,0.47838497,0.48948175,0.42667606,0.51767004,0.40649232,0.4810497,21.249033362972074,17.157890856091853,16.712819167861646,18.506409424631148,16.402402551512644,17.76786908535402,41.25927226382329,2780.9459682570077,2195.023662943074,5174.594350961538,0.1806002103365384,0.10023594,117.45383522727272,metal
-62.786617,23.794579,109.05545,17.80074,-40.32714,13.2119875,49.064674,9.185924,-22.83779,8.248196,19.70903,9.6048155,-21.974792,11.38397,9.81761,7.8217936,-19.161531,8.784525,10.371125,6.795999,-18.44873,7.35359,1.6727189,8.97372,-18.506361,7.536392,0.69661903,5.849917,-15.723017,6.7633653,0.18282373,0.24992579,0.41062054,0.36133176,0.44449303,0.25298843,0.23851265,0.2972509,0.31840298,0.49804464,0.27428678,0.21425723,25.6755025373233,16.67205833461702,18.42356435232293,16.80412453557073,16.750573555266428,17.413495614010948,40.29824970096139,2090.93890454882,2025.2038577890971,4312.438025841346,0.0966909555288461,0.17203055,117.45383522727272,metal
-112.2569,20.79497,81.99131,10.578855,-29.940992,9.7010765,66.5587,7.91667,-21.11434,8.814229,30.314035,6.9950247,-11.111185,7.472695,21.678005,6.7249866,-11.550204,6.780371,14.997805,4.8020372,-15.773294,4.619246,9.096413,4.3354197,-16.950584,4.7167344,6.52326,5.300562,-14.876768,4.3221993,0.33757448,0.36387438,0.3851488,0.27328533,0.25733745,0.37882638,0.70891094,0.79393476,0.5347946,0.4088319,0.35512197,0.36084038,16.98914208026631,16.607465733987002,15.430066837154849,15.848950596628198,15.437002029561556,16.923900310878192,39.831304371953465,2641.196451466622,2268.483483973229,5167.471829927885,0.1388521634615384,0.08278551,172.265625,metal
4.061977,21.365595,77.06564,13.187345,-28.566738,13.792662,61.59278,10.175486,-21.261536,9.347603,21.75841,8.733298,-16.3192,7.703418,13.975024,8.357232,-10.042109,7.493047,17.74707,8.001945,-16.109169,6.0692983,17.450134,7.78762,-8.730562,5.5296574,11.327141,7.1625576,-7.105711,5.1894517,0.56466395,0.5069844,0.4509224,0.32817587,0.39097202,0.40094933,0.39976737,0.3493969,0.3870042,0.37919793,0.44926488,0.6342513,20.98991492152648,13.260839996754171,18.15296359239343,15.825218887218874,15.328711983161195,16.720991188135045,40.37903952955898,2829.2526504343177,2310.644475155725,5289.217247596154,0.1563363882211538,0.23735422,107.666015625,metal
-117.345795,34.60814,76.678215,18.60201,-10.8220215,11.018106,52.659046,13.303213,-24.7453,11.312629,32.17348,11.663012,-16.43154,9.539387,23.13171,8.814987,-22.592258,9.303336,17.698256,7.588511,-15.196503,6.5325327,10.59406,5.387202,-17.48274,7.8483877,12.402193,5.394977,-14.153141,5.921267,0.45379022,0.37232754,0.480504,0.3616768,0.43856376,0.5932304,0.40887818,0.40638676,0.35937288,0.43537492,0.41946432,0.36895975,22.00209210774579,14.436102115433489,17.875042016371683,16.557042495664316,17.19098372494681,16.693140002113825,41.84519409424672,2929.749364118848,2550.06657724785,6048.345477764423,0.1511981670673076,0.08250334,123.046875,metal
-99.54914,37.316395,81.06854,21.064203,-41.685173,14.643346,56.748066,11.751392,-4.177751,5.523914,27.423487,10.960051,-5.1613255,9.500616,26.124462,7.328248,-10.456172,11.400705,19.22385,6.2380366,-16.563263,5.9833975,10.765356,5.1684046,-19.291761,4.656621,4.567486,5.473782,-10.494596,4.822536,0.3787152,0.3997162,0.5279728,0.5137983,0.5395843,0.5742088,0.48061442,0.5609886,0.6073284,0.6148097,0.3927052,0.39110196,22.03029222103465,17.030905780536195,16.317085521766,16.36576206049244,15.992320268108902,17.91510666161528,40.17380600367126,2633.9184356373817,2221.615486548757,5093.5963792067305,0.1571251502403846,0.087983325,117.45383522727272,metal
-39.442493,23.155964,76.02925,15.882264,-20.60828,11.037158,70.4364,6.378848,-22.93272,5.335286,30.605698,7.0231967,-3.8593235,5.8127856,29.543394,5.966194,-7.4517508,5.545437,21.285461,4.949453,-9.770196,4.343273,21.418257,4.827584,-5.0049467,4.306904,10.642271,4.0558023,-13.174936,3.4060504,0.45795265,0.43792704,0.5712423,0.707744,0.6315207,0.6030526,0.4583826,0.48012975,0.54975796,0.4850451,0.66727513,0.5491223,20.778222898349725,16.022853185386595,16.076670597624588,15.699673992265856,15.417530374456998,16.662589948353585,43.540966626807645,2734.0416793261925,2334.302140766318,5331.372633713942,0.1413348858173077,0.19191617,143.5546875,metal
-78.26035,25.663496,70.41789,18.64807,-50.677,12.889792,58.182175,14.828047,-20.052797,11.854795,23.124134,8.716987,-10.540157,12.251136,39.677856,7.8733125,-10.231044,8.003825,21.205765,8.390579,-11.379511,5.9141808,15.074989,7.42555,-14.699242,4.378401,8.611759,6.0973606,-13.9534235,4.9946456,0.63530535,0.70609355,0.6064226,0.53373456,0.53221124,0.60921323,0.6496716,0.6314093,0.5780322,0.5401287,0.6176063,0.6864674,22.16353622713739,14.967595303622254,14.212127260903811,14.706067400851726,16.05541665964205,17.12800217527039,41.737018150134745,2875.1311623485653,2172.380821070231,5313.897611177885,0.1859562800480769,0.096390404,103.359375,metal
9.025823,27.930372,94.19258,24.25627,-24.870756,22.484974,56.705906,15.334486,0.059513386,10.303547,19.909176,11.652124,-6.5675583,9.062794,27.091719,9.543211,-13.102181,8.862979,11.874275,7.199679,-9.477718,7.462339,11.919402,6.984959,-9.680327,7.0174837,6.5774994,6.308471,-4.466196,5.650668,0.394566,0.42764974,0.47873217,0.5313034,0.5121185,0.42453262,0.5874852,0.593377,0.60712385,0.59457266,0.57050335,0.49747714,17.47320411877752,14.636774794824207,16.015906536333194,15.08684999797362,15.911842268894295,17.351896374877562,36.33652667355687,2418.036132230077,2308.598294402197,5027.9201096754805,0.1107158954326923,0.30802548,112.34714673913044,metal
-73.0912,77.93986,72.37816,38.73293,-1.408207,22.244856,28.692556,16.664524,15.736719,12.470659,0.30562288,16.6114,13.795527,12.146053,-0.9162777,11.073451,2.1351027,15.264832,8.464598,9.637531,-5.8122625,9.017621,1.3355486,6.8532,-3.2866135,10.606588,-0.17604958,7.2087326,-0.89041185,7.193425,0.42292863,0.4457446,0.43469873,0.45791954,0.36248058,0.3166389,0.39750588,0.51138335,0.72339684,0.5653604,0.43790004,0.4263035,21.070912789960023,16.680005245874515,16.700093271922547,17.135709223520387,17.206386524313668,18.84374831115973,15.4864438145932,2761.597409803301,2793.4610347120665,5983.00048828125,0.104638671875,0.20988625,103.359375,pop
-23.542845,49.40667,69.584946,22.899734,23.72141,16.364363,5.748161,15.822943,4.6232452,8.860085,5.203351,9.334898,-3.178162,8.323051,3.37607,7.596798,1.9123499,8.136362,-0.34651533,7.812177,-2.4919658,7.765353,-4.7122703,6.1708283,3.4675398,6.6844807,3.3137085,6.118549,1.9567701,5.0053988,0.42104104,0.31607848,0.52170223,0.2063702,0.19710602,0.4927063,0.26402372,0.19686472,0.23755495,0.41701385,0.7104997,0.39498386,23.480614603094047,16.78227397928258,20.35821468429973,18.188696880710783,17.87458531575693,15.692021195625864,15.0314951882515,3367.795440663905,3254.1198440435646,7544.07489483173,0.155126953125,0.19481571,95.703125,pop
-67.43476,51.4524,74.542206,33.137455,24.023554,27.411707,32.80787,15.892763,15.692871,12.314782,-1.7432001,13.7931185,20.017395,10.594477,0.6691869,11.3023205,4.3818865,8.549651,5.4557524,11.361186,-0.6454297,9.110464,9.575755,7.9940596,0.031220675,8.819416,3.1775367,7.8951335,-0.45607704,8.066083,0.49275547,0.5850973,0.45866907,0.375078,0.41928017,0.44212782,0.41610402,0.3307985,0.43413153,0.55943966,0.46996385,0.49630773,24.929356687329065,15.345113407231285,19.17973560822439,19.176681450957656,18.998997529137757,20.105759064367923,15.664795365186356,2919.335386552238,3006.533737794248,6304.590594951923,0.104668719951923,0.2187178,135.99917763157896,pop
-37.3987,50.315777,81.81055,27.523354,2.3940659,20.827396,35.215137,11.347008,13.712894,7.3179617,9.839432,9.171952,2.7515488,7.9940286,2.2082632,8.11783,3.248758,5.9618344,3.1699407,6.29028,0.06458517,5.7087693,1.4659123,5.1061397,1.9630429,5.0358615,2.7833538,4.4031396,2.52207,5.127904,0.53084165,0.37102333,0.36043233,0.47648984,0.7878872,0.6551974,0.41428104,0.351697,0.372048,0.40180364,0.43383336,0.5731162,18.79621541066646,13.326377771586843,16.61870479787615,14.272492607996556,15.377427015143477,16.231246768765672,14.840847456260462,2470.540193833748,2628.788059983526,5174.51153094952,0.1027268629807692,0.20886993,107.666015625,pop
17.389854,41.792374,45.134502,14.533258,18.760502,13.346699,-2.858836,18.896727,10.406464,23.705076,-3.5637884,16.182665,11.09722,11.42917,-5.3426666,16.223,3.4321156,13.721272,3.792568,11.923173,-3.7821422,8.563705,2.2826548,8.661871,-4.111396,6.1015625,-7.0113273,6.5322227,1.8373995,7.500224,0.29516807,0.20573683,0.2550658,0.46437907,0.34125477,0.16406794,0.3525244,0.2772858,0.4505376,0.30956215,0.24147354,0.32374972,19.32669005360396,15.966549043918691,19.889817425404164,21.007232549401465,20.525374314096137,19.096661050644855,17.60586842658136,4253.424397611226,3593.364282907577,9148.546987680287,0.2344313401442307,0.3338187,83.35433467741936,pop
-4.1425767,44.434593,65.21833,14.675403,-11.473464,16.39014,15.359365,18.165579,8.844433,10.715107,-0.6084846,10.026952,1.1687465,8.550142,3.2027996,5.826091,8.244621,6.80456,5.4189086,8.613096,4.1593404,6.216825,2.025875,7.976136,5.3492827,6.8257036,1.9320666,4.7447157,3.339242,5.400988,0.6081447,0.49793795,0.54563093,0.52089983,0.36110088,0.34187728,0.31759012,0.43902677,0.47579816,0.44583064,0.44499657,0.4416739,22.139703152201868,13.075382889015868,16.796515713064455,16.21079388671274,16.583289817494077,16.12537696630015,15.436050419658704,3164.491360958618,2953.392342415784,6581.540715144231,0.1607947716346154,0.19948298,103.359375,pop
-86.64856,57.83482,96.386536,21.243896,31.415989,21.544445,-1.9639559,26.138288,0.7133329,20.280476,-5.5817804,21.314829,12.418573,8.468393,-9.992548,17.734222,7.195719,9.483461,-1.4855316,12.606508,-5.043739,13.643157,-8.048998,9.645274,-3.2175484,8.197378,-2.3583796,10.176111,-6.8138366,9.701675,0.33128878,0.31222555,0.37019825,0.27355745,0.23669104,0.23614602,0.45720956,0.5392482,0.22864103,0.28425032,0.32976744,0.2697944,23.254428623418,18.443490568771185,18.87289763904818,19.97170987995203,18.37624526644541,16.722998897230934,17.244051593100355,2611.0999012989,3246.8925177059496,6946.69414813702,0.0811185396634615,0.20373362,78.30255681818181,pop
-23.730944,40.074318,86.6108,19.92128,33.30536,14.774703,15.949118,10.864161,12.931731,10.164887,2.0566304,13.528375,16.445286,9.139562,1.8181673,6.5546765,4.0814266,6.987065,4.600914,6.4796314,0.9356494,6.626261,1.2088941,5.9032283,-6.5543923,7.8486,-7.808585,7.1884933,-7.0464373,6.88865,0.56541175,0.4056495,0.45476395,0.3421786,0.25994566,0.23309141,0.30176458,0.59470576,0.49744707,0.25345114,0.16399777,0.28928486,20.886829441918184,17.31717888419916,19.624206375064567,20.58911111964608,18.894988563559068,17.14733212023392,15.649179835889692,2655.7023902040664,3218.322082391062,6891.204740084135,0.0793832632211538,0.332862,103.359375,pop
-107.22509,31.743418,66.13024,32.30676,-23.525717,29.265873,-29.20556,20.605955,-23.079947,14.244879,-31.855288,10.91123,-2.141299,19.645103,-27.256342,9.675469,-22.614067,14.913393,3.805184,11.555698,-33.130695,12.615089,-20.127317,8.909278,-19.726492,12.835974,-18.328463,23.104515,-6.965246,14.235614,0.31277987,0.32984558,0.39147905,0.25768182,0.2434498,0.22869785,0.22252813,0.28635356,0.24875344,0.25808752,0.25625587,0.2653764,20.4948671249226,20.88588017359206,24.25993829281592,22.04533545972035,21.78247217558857,26.945326076514288,16.834152842679213,2563.14513926407,2763.175355537237,5739.923753004808,0.0900916466346153,0.20778243,117.45383522727272,pop
-67.15853,55.830837,31.19737,32.296967,18.505924,22.653551,17.62231,19.215279,14.464057,11.971335,8.612856,12.323579,7.313793,11.18649,5.5829797,9.288358,0.71956974,9.611133,4.4034715,8.090901,-0.044060986,8.050168,1.3376092,8.773937,-2.251479,6.8309493,-1.3601232,9.664347,2.464193,10.949093,0.49023595,0.44456962,0.4690358,0.49403447,0.5239544,0.52857196,0.43549588,0.4466592,0.4791411,0.5206977,0.55389744,0.55924916,17.940294919671512,14.268278963800764,16.647629955917267,16.439864992762377,16.394281315144063,16.356463588103086,14.675744286791874,4096.844985875925,3223.295950235798,8055.240009014423,0.2122107872596154,0.17995152,112.34714673913044,pop
-216.78969,47.099033,96.74082,23.723326,35.73107,8.921057,39.25873,3.875504,11.961212,4.7577386,23.780981,4.538312,4.689316,6.526594,11.72371,6.03403,8.018388,4.6483283,4.3353467,4.611785,2.3027287,4.778515,7.5321436,4.6303263,-0.6460899,5.767993,-5.1586637,4.914512,-1.9225321,4.2831216,0.40467682,0.31143546,0.28569973,0.3169035,0.53489614,0.80814606,0.65211153,0.49798214,0.2981272,0.19609898,0.20646316,0.37358427,25.699698078099424,15.046156237902013,13.714597944403977,15.449294238234309,15.09560781559295,17.287677019611113,15.736206921991512,1793.6207787886606,2543.904583733253,4356.001352163462,0.039043719951923,0.079873554,92.28515625,pop
-69.43688,45.17505,47.798218,27.57674,8.572211,24.62182,17.810667,18.98496,-4.8851647,15.581475,-6.4762783,17.447668,0.53844887,15.049716,4.937699,11.378473,-5.8853703,9.201219,-4.5161242,9.619013,-0.90815455,9.264403,-2.674019,6.458009,4.0126176,6.5585365,1.8106856,6.369476,5.4204216,6.521731,0.65310436,0.53494966,0.5375977,0.34572425,0.346975,0.43763533,0.40024677,0.4450369,0.51272064,0.72011966,0.6151492,0.549211,18.574348140900167,14.067299934179248,17.795618261330276,17.61384650382655,18.268366416563527,17.461848752272033,15.71071448626329,3423.521240403649,3019.0495302697886,7023.468299278846,0.1637845552884615,0.16729023,129.19921875,pop
-28.788815,38.785545,41.830814,20.85557,10.788475,20.399998,21.96148,11.444947,16.34484,13.932516,3.024437,10.178373,4.6504283,9.866753,1.6625923,8.178837,-1.1533326,9.543637,0.8775798,10.120266,-7.724296,11.154645,0.29902264,7.316519,-2.006576,6.7643027,-1.8182473,7.7287736,-3.475911,7.297496,0.32959875,0.33179608,0.536715,0.46514782,0.48908657,0.36305,0.35994962,0.7196848,0.40796292,0.39120445,0.33998695,0.39235196,17.631484683687713,15.755781390509418,19.88687420374318,17.78473249951486,17.653595754012592,16.33514875231999,14.862463806966682,3727.887308542564,3258.025840551452,8009.19208233173,0.1698091947115384,0.20070128,112.34714673913044,pop
-126.82644,45.672626,101.654015,29.960472,-14.191645,23.33422,17.896008,19.942247,23.102543,13.164931,-7.481606,12.93176,15.043296,10.387269,-8.520481,13.042389,3.1596806,8.053307,6.559953,8.39623,-9.879283,8.120636,0.27612785,7.056817,-9.940553,8.29299,-1.4180689,8.697189,-0.09828257,8.940863,0.31216362,0.226879,0.35808328,0.3045494,0.31207487,0.4863529,0.3853379,0.56428325,0.35502237,0.36631516,0.32956302,0.34274983,23.82274277443176,16.453759870640035,19.722297216992107,20.626234269279852,21.667510640049088,24.92275070246408,17.929155901628025,2375.53950735668,2541.357201474122,4621.853590745192,0.1148625300480769,0.10975769,92.28515625,pop
-76.988205,82.48515,51.75157,39.174232,19.387035,25.967157,30.821398,17.571634,5.431198,14.605804,-7.670051,19.938843,8.451196,14.805138,-3.632984,14.928839,6.4842596,12.443945,-0.3388741,10.44907,-5.6583524,14.680203,4.888889,12.534758,-11.13325,11.81767,-3.953741,9.515695,1.3788793,8.468007,0.32491666,0.38158613,0.43781424,0.35419065,0.43928024,0.4140918,0.49281195,0.3371477,0.30681118,0.3934245,0.26631093,0.28103465,17.922876839807163,16.31241154912351,19.951238241057244,20.411112543471525,21.47613882542696,22.7676145457383,17.449498955031537,3291.8352077743484,3015.1380567009337,6723.328575721154,0.1510216346153846,0.21595576,99.38401442307692,pop
-31.180021,54.472176,66.85706,19.99502,13.523738,16.578014,15.634409,13.006976,6.1105194,8.576454,6.661097,10.81658,8.517037,9.298191,8.695519,7.486864,12.444368,7.1652985,5.18733,7.491572,3.5514538,7.6039596,2.4675589,6.4570284,4.6981134,6.611939,2.6490548,7.1747084,0.4409437,6.0952983,0.6409187,0.44505793,0.38950786,0.39219332,0.29630873,0.34270278,0.44270396,0.55129576,0.3718886,0.3153055,0.40095448,0.47612298,23.81587562502028,14.450573565304412,17.684267905909334,17.99071315139793,17.282890050959647,15.550077879912768,15.4311420675509,3156.1852180091146,3153.76073358158,7038.044621394231,0.1305288461538461,0.21086176,103.359375,pop
-259.9834,75.25951,108.49181,26.702171,-0.58740306,14.808844,32.993828,10.497368,10.120325,8.056858,-0.5437012,17.35645,5.414827,9.164907,-3.5111597,8.794947,-1.6303046,5.1536098,2.5611706,5.772968,-5.24478,6.042588,-2.7502673,5.9706264,-3.1200154,5.6950946,-10.055186,6.052888,-7.396805,5.3257546,0.37251148,0.5786317,0.35818592,0.39175242,0.38968712,0.29555196,0.37473387,0.22497122,0.19913065,0.1656855,0.23928536,0.37982565,25.6381304325467,14.625305971671168,19.50291145985698,18.848868438758103,18.76539182833505,19.86745495736145,15.694055423252957,1871.46201489956,2332.043272079909,3995.403019831731,0.0693810096153846,0.037511032,112.34714673913044,pop
-113.424904,47.183125,79.98445,16.083637,27.251274,13.725341,23.166143,8.239221,22.76959,10.896943,0.3381513,8.477227,8.380992,8.152713,2.912085,7.8533106,8.412038,7.3469768,0.49794212,7.0934873,3.9907072,6.0413094,5.6935925,5.1040783,4.6652308,4.9559884,3.9250731,6.164764,0.99042755,6.9000115,0.68779534,0.38003397,0.26090023,0.22216861,0.25616783,0.24973646,0.24542575,0.27461895,0.34780577,0.5323081,0.68691796,0.7383107,22.50331308427114,15.537656437055247,17.557280119834456,16.862058898943786,17.58005628681213,16.44171730323279,14.989296324284036,2746.795903275204,3315.4244460463087,7161.612079326923,0.0635892427884615,0.14223093,129.19921875,pop
-278.16748,106.08871,100.29517,30.054518,14.211754,30.26525,34.120846,17.877718,-3.953685,10.1198,3.4284315,13.611156,-6.836358,9.148544,-2.540977,10.406608,-7.06881,10.94459,-14.650522,12.888397,-9.616153,10.7726,-6.784234,12.522828,-8.543383,8.861601,-8.453548,9.832863,-16.991764,8.459852,0.30318347,0.4942749,0.24645914,0.16287607,0.11198326,0.2540911,0.6290537,0.3261404,0.2712972,0.20352969,0.27292204,0.354818,23.110236119054697,18.39854899035621,21.169138877537296,21.48301470168474,21.928853413580956,22.78564252225457,21.457088117313475,1897.334301444799,2217.7378549213904,3897.675405649039,0.0821702223557692,0.044458635,117.45383522727272,pop
-212.60094,50.65677,114.65664,19.382965,26.904743,13.562122,9.799212,12.924529,8.28092,18.765234,8.110739,11.245437,-5.9243975,17.128208,8.992053,13.930824,-9.646733,11.4764385,-0.8490947,9.665201,9.964476,10.660355,-11.625692,8.062154,-4.7184515,7.0546656,-6.7630916,6.3484154,-10.723728,8.605904,0.21731567,0.19546026,0.32960737,0.27939665,0.18375884,0.20887679,0.25214145,0.6424565,0.33871496,0.33985683,0.5430561,0.29450858,24.92563083303339,20.17171852496382,22.63142873847731,21.03288482504848,19.865108345212803,20.4470121623651,18.111775126383087,1830.9518098423805,2524.799413821784,4138.516000600962,0.057598407451923,0.069301665,215.33203125,pop
-39.83539,42.03356,40.99745,21.881361,17.231451,17.540577,22.344545,12.87914,20.57358,10.458403,2.2992868,14.138043,6.5408707,10.7186575,2.1618612,9.259095,-0.8345068,9.999587,1.9602364,9.1829405,-4.246644,9.1416,1.9629983,8.151386,-1.8785565,8.150836,-0.01989262,5.5877767,-1.9146281,6.609843,0.38135,0.3907533,0.5617291,0.49441123,0.4722611,0.38113052,0.41728687,0.6920326,0.4237486,0.38827923,0.37380037,0.41515157,17.797381508337914,15.838403223370202,19.026150175133058,16.529458798100382,16.64959569752362,16.24753410136311,15.478959593710474,3850.173614652745,3393.6589488601458,8350.244891826924,0.1682166466346153,0.2039609,112.34714673913044,pop
-249.30171,34.776073,91.139465,20.587471,-2.3902383,11.364024,-8.302825,8.885735,-22.162924,9.81266,-17.16775,9.689731,-1.0777555,11.363154,-31.371105,13.440748,-10.7333,10.529527,-10.57907,8.210191,-17.09508,7.543102,-6.6397524,8.10829,-21.264036,8.042781,-6.8226376,5.927761,-5.6728997,7.7283845,0.1966339,0.28453797,0.4553163,0.09513865,0.10206126,0.37956053,0.20809068,0.24918795,0.18171012,0.41459197,0.13531794,0.109891675,15.618584813734884,24.46212746573161,24.02581563624559,23.263903048092555,21.358830178869407,20.55150012296293,17.473842580243414,2201.5435230037674,2646.2335358689743,4644.79473407452,0.0715895432692307,0.049137477,184.5703125,pop
1.3480338,38.12134,74.989136,17.719372,-14.025995,13.879699,11.992651,11.643667,1.5588543,7.3890915,3.7361722,8.950244,2.2895405,12.021862,-0.9771468,6.0481367,-2.6681786,5.553052,-3.6961126,7.1887765,-10.937227,6.944173,-1.6718585,4.749878,-3.600392,5.8281374,-0.07077367,3.9972336,-3.3020375,5.1444764,0.66904646,0.4629043,0.3463793,0.42018956,0.31980738,0.43492585,0.39668033,0.40172336,0.55939114,0.47097722,0.44766557,0.5531418,21.44988758312606,13.10660826070344,15.978040143143115,15.919230484641986,16.42071806146102,16.89760734448734,15.216009382342644,2844.4167154262373,2742.4833364051624,5972.23388671875,0.1428786057692307,0.19259769,117.45383522727272,pop
-62.934074,92.343895,70.517296,35.565487,-2.3288667,34.24483,26.593521,17.905977,12.074615,17.828663,-0.24823609,15.138377,9.28777,16.065205,5.3144865,9.547438,6.809112,10.283144,0.77842283,7.8614573,2.0471175,7.641336,2.7143517,7.6038904,2.6551752,7.722904,6.1341906,8.580478,-3.4701953,6.19322,0.4498681,0.45874655,0.63464755,0.47997066,0.4873872,0.46797496,0.51907074,0.5901184,0.5175533,0.5833508,0.45278212,0.4417744,19.120681351910367,14.457918599128222,16.123328076499135,17.122248335952968,18.79508131593093,18.701519916126408,15.919552579887169,2648.39334954116,2644.634339493517,5229.33837890625,0.1318359375,0.20875332,123.046875,pop
-81.07862,49.95274,71.91202,36.50382,25.379982,24.907196,27.237047,15.212725,18.573145,13.537809,-1.446114,16.120985,18.977264,11.329732,3.067087,8.94271,3.675958,8.462333,2.9292681,8.203448,0.5631141,10.147179,6.2048144,7.6147785,1.4514745,7.560309,1.0777441,7.771785,-5.298013,6.4087806,0.6172232,0.6339282,0.44552135,0.27745607,0.23879367,0.2625119,0.37111288,0.3523117,0.34674934,0.4355008,0.5006701,0.58650666,25.889692963165757,16.18776288852186,19.72689252476141,19.009517942369023,18.115565611180397,18.850633705458733,15.712751324565287,2951.8222183084176,3059.9229876848026,6321.1545973557695,0.104815204326923,0.20571615,135.99917763157896,pop
-25.613089,22.726398,88.5502,13.595442,-16.72828,11.581609,16.249704,12.12331,2.8978064,9.491164,0.2874682,8.921425,4.966518,7.7457457,7.5790467,7.965307,8.262523,9.982566,5.338765,6.193666,-2.4666014,6.567201,-0.15386346,5.9200864,-7.773883,5.582189,-5.8979197,5.778737,-1.1039534,4.0170465,0.17230164,0.14328034,0.19296613,0.29016495,0.32744396,0.24305156,0.520032,0.38170466,0.5241379,0.2871885,0.2706604,0.3584023,23.36390233006703,14.2568002609601,19.10500439387568,19.68940911652105,18.53627485663482,17.772175874920077,18.27030473626929,2513.305541049664,2604.522736016398,5348.93047626202,0.1141338641826923,0.19464625,172.265625,pop
-117.824745,45.072292,70.44035,37.5792,-39.901474,22.516151,-3.6540608,17.86682,-12.093402,13.21155,-7.8764405,15.565807,-12.382142,11.0481415,-14.748066,7.812164,-4.3795967,11.171362,0.13381629,7.5413218,-10.325699,6.2968903,-7.525354,8.4122505,-2.0904527,6.073501,-5.802596,6.9683633,2.3751197,4.847662,0.559251,0.26998365,0.22807127,0.17072594,0.23881589,0.16624644,0.31060284,0.6879373,0.5079269,0.2480892,0.17911409,0.39411515,13.973642259326864,19.24807358921377,19.781409348351847,19.30681620059053,20.68117448168474,18.54029024314126,15.826526446784282,2842.687726788891,2354.1155784837506,5013.343787560096,0.1685021033653846,0.09501682,198.76802884615384,pop
-58.636044,73.54006,51.815994,38.075596,41.314198,22.905426,20.11458,13.117869,6.1132617,15.0080385,-0.6351856,13.845494,6.861549,14.00525,0.17168404,8.4135475,4.618693,6.8720126,8.6628475,6.079066,3.5069232,8.358341,0.9129583,6.7369328,-3.41689,9.43915,1.4619886,8.416107,-1.8268454,6.6060915,0.5857165,0.68546844,0.41155526,0.39809808,0.41909462,0.44636783,0.3929232,0.4762994,0.45424047,0.27813345,0.33397317,0.41798583,18.646466926802805,16.39939016224277,18.759633147848792,18.815539011754552,16.369639011952636,17.884249201488853,17.279450911656806,3689.313955868237,3300.270653277781,7815.724534254808,0.1584059495192307,0.27277756,99.38401442307692,pop
3.8556087,55.73328,60.480648,21.238295,-1.2438728,15.703873,0.11585858,13.017022,4.9708805,13.753007,1.8453207,9.785667,5.5769706,11.222774,4.503995,8.289248,5.924026,10.343936,4.276029,10.703572,-1.3442669,7.401635,2.1653552,6.250772,2.6455235,6.765096,3.4349563,6.628269,1.5197592,4.973563,0.6899281,0.38110042,0.4059122,0.3931631,0.33004504,0.2847018,0.30121133,0.4764905,0.32750642,0.3577212,0.414756,0.4293005,19.12267062796522,14.197240580245431,17.266549948481764,17.225809540522608,17.132987733356835,16.451656606699103,14.82036002714442,3474.167947120534,3147.8086304095973,7338.018704927885,0.1750450721153846,0.23077738,107.666015625,pop
3.8127291,41.1518,68.676094,24.437212,0.73079485,13.592672,15.446342,9.970586,9.783636,8.811334,3.9952805,8.530822,-0.6056729,9.099855,1.8867503,7.655151,11.913193,8.094741,6.74413,7.359489,2.8464558,6.9401383,9.16467,7.296293,0.93733346,6.7805986,-1.7421312,6.225552,-3.6728892,5.9804997,0.51413894,0.40900436,0.4217767,0.43897846,0.40242633,0.47653428,0.38190705,0.6572257,0.66374016,0.5491477,0.4895584,0.48930657,22.289132840303967,13.64378617628016,16.30612380971927,16.436966927667136,18.37615973298756,16.846824161988796,15.407615274228496,3122.649405139888,2964.379563389785,6679.351149338942,0.151318359375,0.23910564,107.666015625,pop
-51.785877,53.060623,54.2,26.510881,4.506963,20.730429,4.67246,16.544268,14.294129,16.968775,6.844461,12.752859,14.400842,12.279656,-0.97719926,12.408448,12.231947,8.66831,9.243377,8.631363,0.8946552,7.199574,-0.7329271,9.234933,3.737485,9.204672,1.7602684,10.284236,-1.0572027,8.882287,0.36217695,0.4345253,0.5024075,0.38220143,0.36826798,0.3808523,0.44769666,0.5700771,0.49543932,0.5151332,0.39923328,0.3437868,26.43935874586628,15.232983055724914,18.92234299969957,18.34587426066309,18.406019705358165,17.358550135054344,15.422611291274947,3511.672073928029,3312.997444918081,7898.4617262620195,0.1549466646634615,0.19751959,112.34714673913044,pop
-129.2841,58.08756,98.73166,29.906681,8.96203,20.720228,5.49789,15.186628,-6.89059,12.257602,-6.314865,9.683933,-0.8047227,14.79205,-2.0023923,6.0643373,-10.6456995,10.899225,-4.8476524,8.4891405,-1.0944984,10.648208,-4.884724,7.53601,-1.8600757,6.335899,-9.095878,7.414307,-7.375682,8.511814,0.8188094,0.4309274,0.21031222,0.25531772,0.4252475,0.6166876,0.3750778,0.34233272,0.31173843,0.47058016,0.2591543,0.29422015,25.163659873950284,15.721601636807414,17.907220321820486,16.938494461200094,16.83501733887596,17.330839394455648,15.927076997236076,2427.7938953458943,2695.444861540848,5324.995492788462,0.1006798377403846,0.08384258,143.5546875,pop
-63.987892,69.776024,75.189896,31.79943,35.680977,22.311056,21.166512,21.258348,9.4422865,14.428956,10.889594,14.551549,9.863859,11.102484,-3.5520325,11.396144,7.380947,8.936157,4.7502894,8.699029,-4.6866283,8.335494,-6.9222383,8.702251,-6.560529,7.1774,-9.303685,9.769126,-7.954736,7.4297576,0.43067697,0.39641368,0.5408456,0.42518726,0.29257455,0.29678482,0.32977623,0.53640616,0.41095108,0.409723,0.33514926,0.3749952,23.593746553621664,17.871887921219802,18.851007487678537,18.29205721289468,17.20523916345954,16.070546267454397,16.21951612521767,2887.6628832955234,3087.0156524116423,6613.757699819712,0.1024151141826923,0.2558565,103.359375,pop
-69.3322,42.787506,61.105778,21.759645,8.555266,10.68231,17.674957,13.9993305,-0.8226687,7.2980742,-2.359017,8.835892,6.5027647,9.289219,-4.8620267,6.673919,1.1135277,8.282748,-2.6419075,6.9467316,-3.3175018,7.8926473,2.60872,7.280325,-3.9210176,5.875274,-0.18453474,8.230652,-2.217122,6.597168,0.15460077,0.22410604,0.47483116,0.24006768,0.25167206,0.20041026,0.4099978,0.53831583,0.43582124,0.7235299,0.35291374,0.31520587,19.69456543439104,15.104084639491006,19.45310382564845,19.13202890843433,19.283033243909347,19.54026510720116,15.23951432561512,3417.781099056845,3063.6582764417576,7064.132925180288,0.1869103064903846,0.11429088,129.19921875,pop
-100.1971,53.75226,43.191677,26.082115,33.937035,23.956013,28.326965,21.862215,11.487669,12.783515,2.6876867,12.472356,-5.8858876,11.7806015,7.3671293,9.347227,0.76295096,7.1687665,6.881707,9.647785,2.6699712,8.513759,1.8954825,7.054876,-3.2474937,6.702313,-2.449977,7.932765,-5.4610906,5.873053,0.34954533,0.48536542,0.39199716,0.43477404,0.48291016,0.4246397,0.5999318,0.47726095,0.34533638,0.3412488,0.3678269,0.37279692,22.99304080664125,13.487864574780714,18.679310800523652,18.629501331154216,19.99936114315189,15.829643033210305,15.632486859580217,3787.1622845298825,3246.162419309745,7874.029822716346,0.2018028846153846,0.10114081,198.76802884615384,pop
-35.028835,66.47618,39.680557,19.14726,4.7800217,24.268785,15.85696,18.1078,6.140265,11.305065,19.468227,10.284343,10.097457,10.353797,0.35099876,12.639861,-1.7427927,10.444347,6.9013023,6.76504,1.6338623,9.769515,5.3146634,12.004473,4.7910485,9.675808,0.1875488,9.929085,-2.8662643,10.610196,0.46039447,0.34061465,0.39755616,0.50378895,0.6151975,0.3435844,0.37383312,0.43341824,0.37733862,0.41010982,0.3221407,0.4393767,19.979735176692653,15.603413798920055,17.84710724603063,19.587924951259343,19.29660380565553,18.464244441641867,16.440152340236367,3606.081051704078,3023.3585874828127,7197.224684495192,0.1801607572115384,0.21544412,112.34714673913044,pop
-92.865654,91.84758,58.923912,36.15065,29.533447,29.719582,17.31932,19.98044,10.48016,11.793187,12.915957,12.24294,15.430185,14.550005,0.7359868,12.942276,3.2460134,8.572659,4.9476433,9.999131,-2.800108,10.207339,2.7646685,8.184252,-1.2928554,9.929996,-2.963111,7.3251996,0.00924111,7.036051,0.44869304,0.33164522,0.35392168,0.44455594,0.58250064,0.40556607,0.33756414,0.39238364,0.38144243,0.3345375,0.27426693,0.38882023,22.03585710328384,18.95495378749152,19.562361537960744,18.52691913407965,18.386141381568,17.086301757064742,14.957001970690278,3237.3509531548275,3136.3803635933623,6914.145883413462,0.125323016826923,0.19684623,103.359375,pop
-68.23196,51.07196,35.865383,28.985775,12.463665,24.594889,16.274084,14.075431,12.626112,13.143046,3.292458,16.564323,4.7632813,12.423185,-1.462421,11.265087,-6.100687,10.741027,1.443968,12.239889,-4.6249933,9.755432,0.83079034,9.58675,-2.5732186,10.604626,-3.6522136,6.665181,-3.4721563,7.594279,0.3245675,0.4150751,0.61353225,0.47427502,0.45631796,0.43581244,0.49338496,0.5346787,0.32651404,0.34115514,0.36089802,0.39452702,17.147345111243908,16.222344832217654,19.17770265600125,16.348274198794424,16.737693386173273,17.744740692734524,16.4576629129129,3979.8937848166192,3277.130641305787,8178.476186899038,0.2067608173076923,0.1567002,112.34714673913044,pop
-79.07106,60.98226,63.288116,42.795033,-22.773067,28.255926,11.770984,20.591959,-4.4467907,16.358683,-0.9343881,12.949051,5.078675,9.796909,-2.7591205,10.267725,-2.0956283,13.063045,1.2763664,10.199599,-8.393001,10.055839,-5.5603776,9.108232,-1.7641745,9.066545,-9.599333,11.451881,-4.8853984,8.063625,0.26273498,0.3992363,0.4839771,0.36231685,0.27252907,0.20489395,0.32319388,0.28959015,0.41294834,0.4387227,0.27947167,0.24122827,19.66369146942629,16.865911691755613,20.354551946595738,20.71713812777293,20.49162233985557,20.9438427226364,15.411230596734866,2891.436145270788,2537.2932866759274,5538.091383713942,0.1461688701923077,0.1695706,99.38401442307692,pop
-57.338776,52.006374,69.63457,22.178421,11.9636,17.166256,2.2857037,17.820347,5.176311,12.964657,0.14874373,11.351993,9.972321,11.615634,0.5165688,9.521407,9.211661,9.329983,4.590898,9.567057,-3.5058682,9.716918,-5.6622567,8.901507,-3.343367,8.23946,-5.8713813,8.501158,-2.8106525,9.310244,0.311732,0.3838329,0.320326,0.37144518,0.40179133,0.29916283,0.42973828,0.47289014,0.626974,0.38588274,0.29030514,0.39998573,23.17381999822175,15.337574755405983,20.490547526756963,19.180425694728086,17.773066664584512,16.27780959015872,16.024615356751106,3178.188538425275,3314.784717848098,7778.538348858173,0.1211989182692307,0.18308775,117.45383522727272,pop
-110.29423,72.6131,95.424034,29.779148,17.01675,14.266851,19.839108,12.723239,17.89548,12.026988,12.533051,9.9890785,8.493141,8.971877,4.2756195,8.874255,8.550763,7.835869,4.2067504,8.073511,-0.3764645,6.0716133,-5.1014695,5.5988035,0.5751416,5.457744,-2.0978212,5.442683,0.77745897,7.8111296,0.2905377,0.37603125,0.71826524,0.514085,0.46021113,0.36525354,0.34890488,0.4647586,0.38008887,0.42967758,0.35321394,0.42342043,21.44240819304495,16.338684758630034,18.804707252658964,18.62489263416044,19.08739107100878,17.175500722176576,15.2152677340617,2253.9417629250515,2749.2016198397687,5034.959810697115,0.0687237079326923,0.14480235,172.265625,pop
-292.48145,27.743067,116.7136,13.682613,36.34199,20.499355,-8.7223625,15.282881,-15.838317,8.316791,-9.86792,7.3245277,10.378834,7.612153,-14.254704,4.0837054,-16.609213,7.572179,-20.398607,4.8003373,-9.52046,8.368162,-12.862427,5.0941086,-15.367623,8.447032,-11.366302,4.6662183,-16.137358,7.1735272,0.13347682,0.062447093,0.02104646,0.03505786,0.12827031,0.23941955,0.1360912,0.35437736,0.562518,0.8580003,0.20994751,0.042428114,20.94102958832888,24.07386497871176,25.704272774041225,24.67504159743955,19.803818914348387,18.60682140718837,19.467062461751617,1880.8270362798949,2872.830965046496,4806.29375751202,0.0461989182692307,0.04702049,112.34714673913044,pop
-36.00547,53.487957,54.20839,25.650902,17.05675,19.695135,12.656071,11.993111,9.405828,8.878034,6.5262294,12.457153,15.2188225,12.437614,5.169141,10.218869,4.0033665,8.743797,6.6924806,11.695171,-3.978141,9.004532,4.651632,7.714074,-3.0238638,8.427832,-3.6615033,8.228465,-1.6931002,10.428987,0.37174928,0.5170226,0.49794188,0.4432653,0.43531653,0.3437524,0.49472004,0.3124706,0.37431866,0.514468,0.40094787,0.4125867,20.701331116121267,15.528375938585151,19.547282099652307,19.50107263915761,18.175069302349424,18.80135177189112,15.795444144884826,3543.9794514425585,3225.720546795196,7674.847693810096,0.1496769831730769,0.23228107,129.19921875,pop
-54.75381,47.1364,59.157616,20.084723,7.0604134,15.564612,7.13124,11.902482,6.1166477,9.26452,9.775906,7.7424088,13.283964,8.531229,2.0083177,9.159012,13.019343,7.06865,7.7416625,6.299986,0.8813984,8.159732,-1.0732044,7.3736725,7.4529552,7.0815654,6.562634,7.2804055,3.3797405,6.8679686,0.48993453,0.41743365,0.6312436,0.35735866,0.28491127,0.31187743,0.4292841,0.6503877,0.43856934,0.4368892,0.43881577,0.58956265,15.741171619570034,13.36689315495824,17.572355551367814,18.810280128547088,19.191999442893916,17.709462932065296,16.46221684982341,3491.2272959197835,3238.2610713341383,7534.302133413462,0.1663649338942307,0.14849177,129.19921875,pop
42.72932,32.087566,73.95566,17.139347,-13.337749,16.544823,-11.481532,9.868873,-1.1852448,11.392664,8.320725,10.317866,7.6012073,5.8719897,6.700786,6.868555,11.500999,6.964479,7.3787637,9.238437,1.0763901,5.8651686,-3.8595629,4.103486,-0.58676153,6.6760464,2.4678614,6.2866545,7.32014,5.92625,0.33970523,0.4760559,0.29810286,0.31823555,0.20099013,0.32016155,0.54519373,0.42261687,0.6183613,0.44534644,0.5860545,0.3923533,18.42473478065009,12.93711728346286,16.471786188363563,17.789465499828385,18.37880925216493,16.210011847517535,14.447856927799169,3036.863333541531,2932.100094932535,6569.614633413462,0.1511192908653846,0.3095673,107.666015625,pop
-94.444305,35.680176,79.54655,22.791725,-21.516624,21.500452,-25.351831,14.250947,-7.968367,9.328058,-28.39539,15.5152025,-5.117775,9.255272,-28.431276,15.136771,-12.262048,12.282442,0.9800822,8.153207,-29.14135,11.470174,-23.837898,5.561172,-17.097734,6.7287965,-21.73848,13.250371,-20.20915,5.2711267,0.5383068,0.34915072,0.21739082,0.2540426,0.24937257,0.2189945,0.21013412,0.2686525,0.17918661,0.2068389,0.24808109,0.4178357,20.36542701470173,20.63400636055209,20.734754872855092,17.929970873571047,19.38996929837016,22.484746232683296,15.935393725871691,2492.83893841079,2907.672890086388,5908.379657451923,0.0783315805288461,0.17671321,234.90767045454547,pop
-2.4343903,60.645054,50.988842,28.495195,15.278708,22.078495,10.280827,16.635853,3.693297,15.350503,8.022598,11.576836,15.308377,12.532339,-3.6459289,12.56092,6.6057906,7.1287327,4.5778,10.182037,-3.058921,7.997009,-0.27909592,7.6055384,-4.4079156,7.567903,-6.6236467,6.9430566,-5.5833445,6.5355983,0.45122507,0.43657333,0.5529013,0.45720613,0.4391737,0.40769127,0.40122995,0.55937994,0.46906355,0.45313507,0.37970048,0.4493556,16.463485863430247,14.76536688173278,17.84751363907223,17.868238123318065,18.012919247309316,17.702207827072503,14.899379753430145,3741.4533543895054,3264.0391608307327,7769.014047475962,0.1831618088942307,0.27417544,99.38401442307692,pop
-75.46951,52.690434,64.47274,28.336945,42.786522,12.8959055,21.462715,10.346371,10.424774,9.230634,13.524354,8.82906,9.227607,8.659098,5.9144764,7.5143695,6.333051,7.5808115,5.083144,6.4240026,1.216375,6.4100156,1.6665761,5.990085,0.26325315,6.6386194,2.1037157,6.272879,0.7753145,5.737439,0.56642747,0.46623453,0.410457,0.34589446,0.29551816,0.26526493,0.30159843,0.33182693,0.4149455,0.6446771,0.6224009,0.51107234,21.774737892609306,17.40919565652593,18.27942532251215,16.5727581446549,15.81272767310187,15.04852788816601,14.566123681662797,3142.5217814856587,3271.3390017326287,7228.282189002404,0.1086951622596153,0.20728257,83.35433467741936,pop
-64.4487,78.28426,34.59725,31.675245,34.65475,26.089533,24.703272,16.93231,0.17065875,13.880791,3.733102,11.422853,6.1112294,13.586277,-2.5546594,12.220588,0.26266363,10.615583,2.499614,8.087059,-3.701097,10.624993,3.1967983,8.743237,-2.8130674,9.458968,-3.7717943,8.612715,-1.6729065,7.959177,0.3816101,0.4981102,0.63751173,0.49231362,0.34816438,0.37035242,0.45280388,0.30462995,0.25927812,0.318872,0.27519187,0.27943134,18.924847657869527,16.30104026929317,18.938771925682,19.68593868877268,18.982595258579707,18.478742932590414,15.737166289764764,3948.885397314543,3249.534159851725,7942.604792668269,0.200390625,0.20645908,99.38401442307692,pop
-41.155468,61.319305,43.564575,32.87669,-13.098334,26.602615,9.282067,23.994726,-11.046815,18.1458,-7.3922796,15.351191,-0.807451,10.914104,-7.294285,9.019177,-5.4107957,10.701834,-0.06125488,12.756619,-8.045545,7.6896186,-10.763112,8.749957,-4.1807485,8.591426,-3.3706477,8.2518215,-5.451382,8.974152,0.29138616,0.30206326,0.40662464,0.4107743,0.3760669,0.31792626,0.4276788,0.25542673,0.23294781,0.3460046,0.3467864,0.37035117,16.397617072371272,18.343631822954983,19.51984864269746,19.125445817954304,18.912757948156138,17.343277101248443,15.988604489092586,3389.9861901358136,2855.439861509063,6684.817270132212,0.1718186598557692,0.21115984,129.19921875,pop
-210.5835,76.83732,83.967094,31.100605,14.21784,26.04202,67.894615,16.582674,5.371789,13.448506,22.860483,14.5703745,13.915551,12.273518,18.31097,9.289356,4.9794264,7.033903,4.4317403,10.776808,4.1422315,8.299765,3.7564375,6.6996865,0.78387016,6.9121046,-0.60898274,7.311494,-0.79747385,4.7129364,0.37366375,0.41027433,0.40175524,0.3616893,0.46611774,0.44166353,0.34174886,0.3729245,0.42013434,0.50191826,0.5428917,0.4202919,25.877036152651712,16.94425700849064,19.818622408941707,17.65580124946077,17.14179663846294,17.236500261262112,17.035211427944223,1819.471995240229,2225.707213469843,3896.350285456731,0.039892578125,0.11232249,151.99908088235293,reggae
-111.01628,47.849655,92.7393,29.953932,20.35736,19.898563,15.711054,13.932838,2.0682602,11.313625,13.15582,9.083265,2.4059947,6.241586,3.6232545,6.464551,1.2694669,6.1784906,0.78940934,7.8047767,1.8880256,9.080644,-0.13884462,5.141532,1.8090708,5.9990044,4.770005,5.4522777,2.4387922,6.39174,0.41540563,0.3068697,0.4900974,0.40653902,0.3879091,0.30338693,0.31229508,0.3574056,0.3245081,0.34966022,0.43196753,0.58107746,19.892190563226745,14.858033192635306,19.18448460048132,17.99360189782015,17.285873822134427,16.62830564680927,15.6420221824243,2406.863971739606,2751.266178750311,5372.948279747596,0.0830341045673077,0.116937034,129.19921875,reggae
-72.967834,59.430603,95.477295,22.836096,-28.098982,22.054018,17.260952,12.249958,2.1214318,16.962435,4.3027487,9.883094,2.2564316,8.381835,5.9402933,12.047122,-7.009782,7.5508823,3.2768495,6.160863,5.75346,9.433308,-3.2222972,6.744525,7.1692104,7.0635657,3.709703,6.658211,7.1755166,7.8968234,0.46824732,0.45426533,0.4572833,0.279664,0.32909036,0.4001789,0.37920257,0.39272577,0.29509208,0.5231022,0.43992928,0.3886815,20.659532313718653,13.22366794580121,17.931677429381104,17.38482301536329,17.81471129866352,19.35860442945522,17.14964230791803,2379.509853535947,2311.856499993382,4623.26153094952,0.126123046875,0.14773093,143.5546875,reggae
-80.357765,40.174732,94.31065,25.818453,-18.270346,21.024403,19.22566,14.884616,18.148762,7.4532943,4.0127387,8.578899,-8.097202,9.173443,2.3343892,7.746665,1.9084916,10.726425,1.7520206,5.865663,-12.079753,7.0989046,4.9850006,5.911187,4.1531725,6.106813,-6.5177517,5.7962003,-3.2511814,6.774903,0.3416546,0.3219868,0.4158918,0.4129543,0.21825176,0.22403565,0.25707948,0.31374946,0.41856614,0.39418715,0.5699211,0.4709654,28.16730196865613,16.049837953987396,17.820578496885663,17.402178433018943,20.5949752373766,18.350700913618283,16.47042734447687,2364.252501232744,2392.411176180895,4589.056865985577,0.1121769831730769,0.14054817,112.34714673913044,reggae
-154.2253,60.621803,108.8067,29.655542,2.3229833,25.751026,5.3782563,15.906844,30.239008,18.45845,0.94793916,15.721152,9.508066,13.851168,-9.606841,13.140219,-0.16584648,11.741988,10.857484,13.686734,-2.814644,11.065404,-1.3441658,8.080626,3.5607677,9.01671,3.1153297,8.624253,-4.0014415,8.86413,0.33427975,0.27121505,0.36918512,0.3202425,0.32151067,0.20141886,0.2802982,0.52248853,0.4444644,0.4740512,0.31405005,0.38687515,20.843873881549264,16.24496290218013,19.874009508221285,18.39345316981037,22.02699126686811,24.88099080090255,15.626581665670017,2238.255988455834,2690.296990599888,4996.696965144231,0.0872145432692307,0.105030544,92.28515625,reggae
-198.86853,80.174385,97.73664,28.811577,-28.499111,34.36404,41.31622,19.937798,6.839782,15.791337,6.3664727,11.196204,9.356551,12.16276,3.5729752,7.9655366,1.3072461,9.729381,9.766493,9.300695,2.889663,9.263726,13.368151,8.226814,-1.6088301,8.131149,3.5053103,7.0842786,5.4047823,7.6196046,0.44708925,0.3978093,0.5458626,0.50093377,0.5295991,0.5003392,0.41399112,0.449698,0.38630143,0.50774693,0.39692473,0.50552964,20.94460519385837,13.384544402065991,17.247480385534395,16.744069499851054,18.86640125351261,23.007813844078388,21.8410515791064,2279.396334347669,2210.3166096691507,4556.3429612379805,0.1254920372596153,0.07021172,151.99908088235293,reggae
-171.17683,63.042763,113.16992,25.50217,6.3410316,22.381298,41.036945,13.019109,5.5975595,13.316274,37.323963,11.189688,-11.68806,19.127663,18.760653,13.602835,-18.402498,13.421039,6.336609,8.997972,-6.3544707,9.594428,17.721039,9.188245,-9.74458,10.431145,3.907859,9.734982,-2.5247104,7.8654437,0.29523772,0.4407873,0.76632524,0.5942466,0.48949355,0.29861352,0.21094513,0.20444345,0.24252002,0.23092687,0.2380729,0.34871703,22.54307955777262,16.53713996418168,21.9912241111078,21.005862417809624,21.105877921677187,18.330522159735224,38.6324244072278,1602.0852345204637,2104.625467379172,3636.129807692308,0.045342548076923,0.15468812,129.19921875,reggae
-150.42548,62.870033,75.382195,35.192383,43.51523,20.63005,37.394615,16.461172,16.120417,9.580601,10.393258,8.355946,-0.77321774,6.434328,-2.256601,9.86848,1.1008159,6.5683002,-5.3669386,5.758045,2.4591541,5.294687,6.5658975,6.21607,2.3648894,6.0929017,4.170624,6.144075,3.6179416,7.508251,0.61652493,0.41633594,0.46238568,0.44481516,0.46375555,0.34583735,0.36836132,0.579966,0.46785825,0.47149733,0.5134382,0.6667357,20.926391626868437,15.22488840496941,19.39703127163232,15.869103678214858,16.474662457782525,17.028899225338453,15.344787754780905,2683.135720845479,2971.296585161602,5934.136681189904,0.0888296274038461,0.110585235,129.19921875,reggae
-92.01551,65.79329,76.81239,24.153727,-14.535962,24.34282,19.861704,13.787084,4.89497,12.789536,13.187481,13.660854,15.037162,15.724365,13.547122,11.999284,1.7824218,8.577832,17.447224,10.753553,12.856056,10.816146,3.8805838,6.3648977,8.885316,7.1798744,9.796331,6.9843345,10.46767,7.887381,0.5323981,0.4095578,0.38783452,0.38849774,0.3353313,0.41309628,0.53409266,0.43027508,0.50847673,0.550576,0.70642823,0.7668439,19.661490807467025,13.893696246337568,19.80737276497069,17.88463954460626,18.03397380097329,18.258857454482065,15.70424524361095,2358.1972814017736,2501.4487697812056,4798.508676382212,0.0877291165865384,0.20091072,103.359375,reggae
-254.1539,83.49939,102.4873,29.700897,3.3395138,27.148848,43.174965,22.841593,19.431604,25.535032,41.868305,12.944817,12.910858,11.395478,25.339203,9.574603,0.102817036,10.03787,18.790442,8.880676,-2.894693,9.936626,12.163928,11.280537,2.669495,8.403678,11.522703,8.233308,-6.9046273,8.447185,0.64748615,0.5266065,0.51306283,0.3844559,0.38837773,0.36864167,0.48405933,0.5707514,0.4596445,0.37748024,0.3950162,0.6037453,28.302783773627667,17.813203682238328,18.8197335204496,17.536870433215007,18.17915867961154,16.807135692389608,34.29407659080775,1462.2683226916924,2000.3130171545968,3302.6964393028848,0.0482609675480769,0.09320567,161.4990234375,reggae
-236.79579,67.90764,80.50092,27.071602,-14.031738,25.710339,62.415764,15.506738,-8.12369,18.262907,18.754887,11.016228,-19.698584,18.781984,3.7489295,10.498533,-10.780804,8.195729,5.1109247,6.7065,-15.928108,13.292728,-0.93401337,7.696184,-10.748243,7.0851574,-8.057108,7.872544,-6.0447173,7.2015843,0.17646916,0.30046967,0.5818646,0.33282033,0.1619564,0.124284565,0.15776224,0.15379658,0.2525688,0.47185016,0.3871751,0.36954358,29.362272648843504,20.933453520034007,21.9770047565704,22.105189569968577,22.07517426314159,21.28857602412589,37.28936543744666,2330.4506802711144,2139.3410653889573,4729.436786358173,0.1094163161057692,0.059518915,117.45383522727272,reggae
-122.64752,66.77238,93.371765,32.640263,20.177927,23.58871,32.470158,17.839762,10.114339,12.964201,-1.9908104,8.306055,10.196292,10.0731125,2.514736,6.5073886,-5.0987787,9.562669,-4.6668177,7.583057,-1.080021,7.2790623,-6.25956,7.015415,-5.660148,8.651467,-3.4857764,6.726834,-2.0170255,6.186747,0.42775753,0.291233,0.3816684,0.50286514,0.32759646,0.24008454,0.22153303,0.3181983,0.2748859,0.255752,0.4466833,0.3837529,23.74157752245639,17.559526380124282,19.484960097008628,18.541003788289963,17.019165329733116,19.30258231251197,15.91829714998158,2204.830133849872,2674.0207563338945,4946.922137920673,0.076708984375,0.14476055,95.703125,reggae
-135.05327,41.8819,98.35674,24.004398,6.051724,25.155886,50.24371,22.50481,2.1005416,12.512329,21.533993,16.075127,-16.224873,14.748644,28.243341,9.602754,-19.78249,10.335598,15.000992,11.470174,-14.493188,6.5741086,11.567071,8.694088,-10.914735,7.6591563,4.5241303,8.758417,-7.0290275,7.8751974,0.29161453,0.31984124,0.44344857,0.4393143,0.345304,0.5184598,0.40413988,0.3034289,0.3244096,0.2922672,0.41631612,0.3294838,19.11776627284696,16.77504275062727,18.028237063650515,18.48854907112171,18.768409885121148,18.536782795371572,41.2635098196028,2232.480747647603,2473.641817441957,5134.59228515625,0.0866173377403846,0.13701385,129.19921875,reggae
-142.80435,92.27349,74.76967,34.238537,13.578633,29.174034,30.712673,16.622717,1.0173712,13.993654,9.84611,14.841652,19.216394,17.210495,13.261728,11.256622,-0.26998526,11.533435,18.283895,11.966401,11.745805,10.431374,7.0632935,8.290455,9.077344,8.016298,7.2793922,6.9339757,6.1915827,7.247729,0.56826925,0.50304693,0.4912096,0.36576512,0.3173449,0.3669308,0.40959013,0.4251892,0.52770424,0.6590246,0.6711598,0.652988,19.642017296925104,15.005163055831993,17.456767528933497,17.0505573130064,17.141055173207803,18.2119764138752,16.2423170738173,2326.5263596518407,2599.828003387832,4950.897498497596,0.0806377704326923,0.17257823,99.38401442307692,reggae
-164.47258,73.60468,121.92636,19.085894,-54.148045,25.572285,69.375435,14.298563,1.7049129,19.263025,13.396039,9.019487,14.78072,11.5864725,5.97258,9.649724,10.52404,8.436665,5.6990943,11.3139715,8.215696,7.3205495,7.2919583,6.5817904,5.1364923,6.367071,5.004262,5.759843,0.7764618,6.0832477,0.5180111,0.441791,0.52444357,0.48613024,0.58918786,0.51937884,0.48202267,0.44672972,0.2980259,0.27758497,0.30720043,0.5164782,17.356046189441347,15.927793619053167,16.78913250844336,16.893915780887795,17.747458538232827,22.08997839781072,21.2254463446992,1599.009598554646,1538.5906925843362,3131.590294471154,0.0839618389423076,0.15449734,184.5703125,reggae
-188.14182,105.45296,110.67332,28.5506,-6.2613373,26.888952,37.19795,17.74686,1.8605868,20.23547,32.832596,15.065233,-4.608953,15.9598675,14.74299,11.29463,-0.8870455,13.494216,15.658286,10.286607,-7.5931892,10.385352,8.765665,10.2722,-3.3310053,9.818526,4.9219494,7.5506353,-10.115078,7.7967134,0.36786786,0.43607822,0.41511932,0.37461975,0.5674223,0.3979044,0.48149782,0.3919,0.36375943,0.3815914,0.4108319,0.5293383,19.18811554776999,15.231486690205848,19.287852201865817,19.762883685484702,21.712199355925083,19.878419076830863,36.38194188138144,1705.9144149336405,1988.7012477132323,3726.652080829327,0.071319110576923,0.12415397,143.5546875,reggae
-149.37149,42.390472,120.93104,24.591305,-20.728813,18.64113,33.579185,16.894335,-7.1009674,14.015553,31.144629,12.531641,-19.293709,9.540355,21.16355,12.516312,-14.960765,8.549895,11.283486,6.9238963,-6.8355,10.337408,8.106317,8.292016,-7.7928147,7.727735,3.3460288,6.96598,-4.8311534,7.784309,0.28309256,0.4278217,0.3945835,0.2952715,0.4287457,0.29840282,0.27299336,0.26596773,0.4699396,0.47852662,0.3044129,0.36932895,28.711370527866155,16.234181034273195,20.24149416591143,19.637432800782985,19.989129327642654,17.381338757136373,38.41854336191917,1841.0605926992464,2019.4469628543056,3831.2537560096152,0.082061298076923,0.106343664,103.359375,reggae
-164.51553,72.92583,92.69719,24.711504,6.643116,21.370033,10.108848,15.733021,22.18842,14.955253,11.602633,14.005537,2.7366006,15.879637,7.2609477,9.346292,-0.24803479,8.337329,2.5489256,11.926508,2.6133108,10.636756,2.065319,8.720154,-3.5852141,9.700594,-2.389815,7.9514008,-0.6248492,10.584617,0.27235073,0.37243748,0.4920689,0.41505876,0.38940775,0.39583793,0.44153637,0.18367459,0.17235,0.28041676,0.3041738,0.32493326,17.69570098901945,15.48064817210948,19.404999509962973,19.595298124623977,19.83956957454574,18.607622754779264,16.38308782415653,2301.702015900162,2696.7737102996743,5096.163799579327,0.0802358774038461,0.09543251,123.046875,reggae
-186.09726,77.00583,88.88868,41.557766,6.9309616,35.035984,11.0123005,17.93107,27.632507,11.997919,15.558787,11.301536,10.086308,10.943939,7.56924,9.229188,6.656323,8.312368,6.9216084,7.265035,-6.6933517,9.098497,4.4864893,7.7346463,4.195412,9.907871,-2.4454703,8.201655,4.3918657,6.725804,0.5067547,0.48546782,0.33512807,0.4920213,0.53316355,0.30942523,0.2110572,0.23215786,0.4288539,0.4639694,0.38879156,0.39270854,19.57455128972325,16.647929751579984,18.78020723611579,17.88719985619706,20.65623883880307,21.812127361338536,15.620505231859486,2497.6915572836538,2711.860892930636,5302.882549579327,0.101690204326923,0.09840263,151.99908088235293,reggae
-145.29106,58.985355,74.16367,31.92626,40.940742,16.955444,34.17573,13.312024,14.278404,9.604152,13.657315,9.388775,-0.78100324,6.690968,-0.69954824,8.464131,2.1624496,7.3252254,-1.4283333,7.769562,2.6269238,6.4479284,1.6722138,5.0361705,3.2363305,6.2011514,4.415645,5.959793,2.3704307,8.460586,0.51434547,0.40758914,0.5281361,0.45376495,0.4694189,0.3486207,0.36900112,0.57530236,0.4995643,0.5179073,0.5265617,0.6644523,20.596619189906075,15.294742009521515,18.819149152652532,16.376540827708784,17.310396836761463,17.610901321137217,15.999506484969125,2717.87860567044,3007.193004298724,6120.8958082932695,0.0852238581730769,0.1078358,129.19921875,reggae
-226.13881,101.47785,99.98789,45.10834,-35.825966,26.864439,40.001537,21.701164,-18.24797,13.149902,10.176596,20.208042,-33.331604,16.782618,-0.3214001,13.333561,-24.775793,9.433199,-5.3308716,8.70536,-21.037725,7.501039,0.4011606,12.0453,-17.09553,9.411334,-1.9164755,9.441876,-15.607084,6.1832185,0.2292165,0.26316664,0.42792478,0.40566823,0.4036542,0.4669748,0.5414274,0.4283165,0.21411656,0.34793702,0.3444403,0.2856662,23.50635960068563,17.251107452800703,17.404649010888665,17.664035564540594,18.227011490692,18.608594991595503,34.85452349543944,2311.758516874645,1880.3472673692108,4242.952035757212,0.1362905649038461,0.052962393,92.28515625,reggae
-175.78572,74.57026,116.81549,33.16356,-3.5457072,23.30303,54.558678,19.034897,-0.3378965,14.366831,27.063995,10.5646105,-10.40887,14.793092,15.728786,10.287425,-11.7869,12.651527,5.7566237,11.29895,-8.279746,10.469333,11.804857,7.2785816,-5.8115926,7.9394407,5.472417,7.7905054,-1.5297354,9.781529,0.34567702,0.3287495,0.4612018,0.55742,0.46322814,0.28775045,0.2597918,0.44848812,0.3855863,0.27468774,0.4003019,0.43305397,19.02520715925154,17.237776833876328,21.29710237581855,18.09991717389029,20.24685878401064,19.5428940131463,38.026507234028045,1685.9516119577954,1986.831041859672,3750.255784254808,0.0556565504807692,0.12438466,143.5546875,reggae
-121.359314,80.05429,68.06836,29.585335,6.1253815,24.055765,36.076946,16.844923,8.822696,12.469922,8.778264,9.305998,12.677435,16.374475,11.374662,8.991584,0.14939405,11.962449,19.796173,13.467516,11.001178,9.085356,6.2088447,6.6786556,7.6887903,6.445391,7.558893,6.2911406,8.662956,8.855603,0.6134881,0.5290881,0.43524805,0.35375893,0.30263257,0.34289587,0.38527647,0.40415815,0.4802232,0.64715004,0.7264605,0.72153157,20.38159936103864,15.805608620057429,18.36094079350676,17.627820918726563,17.8348011976834,18.89140654418638,16.114237908496285,2593.1246023454023,2683.3971004378623,5443.5109299879805,0.0923602764423077,0.1782718,103.359375,reggae
-130.29153,73.56326,66.55836,36.619434,5.3478518,26.976042,29.59301,14.271549,16.548998,14.111662,13.41302,12.564465,-6.4007382,10.18178,15.996421,9.841075,5.188092,13.437279,7.033731,12.186245,8.311204,9.834759,0.33776444,7.889482,4.4202795,8.535626,-0.5295937,7.6374555,-4.7884536,8.05149,0.4167552,0.4466733,0.5534044,0.4187334,0.427859,0.45797178,0.5936195,0.64554256,0.52383524,0.57547325,0.40366992,0.3700883,22.89243177222087,15.57590519932003,18.359828995376688,17.941716600012704,18.288320220811084,17.810944522635573,17.60762499070743,2921.4693793861625,2698.215570197925,5912.520658052885,0.1359788161057692,0.13466157,151.99908088235293,reggae
-116.47812,78.39945,72.05648,47.302837,-2.3282523,22.587149,23.04067,15.174786,10.121735,14.036682,9.752444,14.084522,3.1682615,11.516569,7.0493207,13.402186,4.064426,12.678748,6.2533183,10.800668,5.387005,9.556875,3.8132405,8.265721,3.0892806,8.3987055,1.0098711,8.182336,-0.8430805,8.258977,0.49223915,0.5415886,0.41312668,0.4495203,0.43120903,0.44318742,0.49815065,0.38658044,0.38569844,0.39652783,0.5888885,0.61712646,22.712509409840003,16.653899829252193,19.31598997788947,18.12533430792257,17.532093222642843,17.387694838074815,15.141228459668104,2785.109328674628,2622.7559065354662,5561.612267127404,0.1121131310096153,0.13532008,95.703125,reggae
-90.77482,53.52699,90.8648,23.888823,14.727879,16.139328,31.5861,12.496193,17.53244,9.922942,10.967248,10.677555,3.9087079,12.008343,6.23127,9.795157,4.0416718,7.3410907,3.550663,7.147794,3.191974,5.002352,2.9187644,5.8878713,4.0173264,4.8061438,-1.352714,5.0359664,-0.53581446,5.4832654,0.4848136,0.46220922,0.5194838,0.6499165,0.4862687,0.41430378,0.43895707,0.5704312,0.44475633,0.34217075,0.44449902,0.37450263,23.201456104764887,14.909647804712067,16.76168050528257,16.654586223007442,16.99535226871657,17.362203748062278,15.672013573267437,2246.35553723774,2723.942221874865,5152.067307692308,0.0755408653846153,0.16216923,172.265625,reggae
-207.44429,108.148056,112.3781,35.30092,-4.2894545,28.724346,32.982418,20.301592,14.170323,26.15305,26.080748,11.742321,-1.7907441,21.135971,19.2735,11.332392,-1.9977126,12.71103,14.259308,7.974842,-2.4762478,10.799129,15.504968,8.0708275,1.369674,10.476659,6.1480837,12.343335,-2.623205,9.071992,0.36287326,0.3524713,0.31858474,0.36754712,0.40696082,0.41065314,0.34156165,0.34997946,0.4429655,0.46717492,0.6096534,0.61601585,17.84245517456767,14.980293577147894,18.7621336046875,20.04398783303019,20.50934555219839,17.926311972126538,36.312657353807815,1666.028051949456,1959.8226417096791,3547.181114783654,0.0686485877403846,0.118832454,143.5546875,reggae
-223.92879,88.597565,109.770706,27.931293,-3.6275177,19.218525,40.69332,14.716075,-8.372221,16.918121,24.042559,14.208621,-0.14627005,13.660588,20.45116,10.950488,-0.5006632,9.526616,12.181352,8.262896,-1.1083416,9.150458,6.5920887,7.672975,-5.568559,6.2507625,4.701663,7.2532053,-4.797519,6.393337,0.4960487,0.5364415,0.71922797,0.47742316,0.4090334,0.51847494,0.4717337,0.40958017,0.3677842,0.4466277,0.42497686,0.43908945,26.15308203133224,14.805195629542425,14.97946715252672,15.81340229006546,16.035581214257057,15.47731531297619,34.14917025367746,1861.4440024270248,2122.322356852034,4189.2018479567305,0.0685546875,0.07330109,161.4990234375,reggae
-180.66158,59.02223,93.40099,23.592768,-9.350202,25.948658,36.247566,12.272996,-3.687622,12.576935,22.37877,11.141571,-10.431248,11.965548,35.803486,9.691326,-9.424921,5.938884,17.387823,8.496355,-12.475819,7.927908,11.205454,7.1942797,-2.154449,7.590582,11.385407,8.086518,-4.6951284,7.2368236,0.5212601,0.5443332,0.7450272,0.57218254,0.42688212,0.34504676,0.42631492,0.3466035,0.3567495,0.5160797,0.5122975,0.54387367,22.610692835203704,15.185391955962146,17.348544104343112,17.627763811897623,17.58730012356368,16.763869646958216,39.021683158816266,2356.4188005515384,2465.959725319814,5385.53692157452,0.094658954326923,0.07361386,129.19921875,reggae
-169.65553,64.55483,109.21497,25.053688,-2.3826098,23.921412,47.34301,15.398776,-8.626345,10.925501,22.39063,13.744525,-17.690989,11.878791,20.290113,8.962214,-14.423365,10.527943,10.462982,9.900789,-8.546171,7.7612295,5.8879,8.659733,-16.507948,9.957601,-3.2678056,8.948375,-6.7448974,7.264635,0.37452337,0.42228958,0.37625614,0.30832767,0.47748634,0.4121506,0.5113565,0.47856256,0.2746507,0.21587414,0.25030717,0.44612876,26.65366455262876,13.89088025901461,18.297712550789207,18.692561420665243,18.172621968925096,16.840145742261004,38.53840584311983,1944.2098785156916,2177.1561824349087,4271.276479867788,0.0877178485576923,0.09166646,103.359375,reggae
-84.63954,85.8311,101.41735,41.847244,-17.351717,21.933691,27.613297,20.758009,10.099252,14.98221,4.848635,13.246511,9.833363,12.444127,9.6921015,9.338114,0.7139754,11.773584,9.059568,9.012748,14.189523,8.000495,7.2842493,11.579786,0.824482,7.2681675,1.7747413,6.544468,-0.28963575,5.35588,0.65640235,0.44681874,0.23705293,0.33481798,0.39617574,0.47191355,0.39304724,0.35800704,0.3127043,0.19251172,0.24176024,0.3575167,18.233129092928596,18.257090270862864,19.59780516378613,18.8215682893622,17.32074571320457,18.7880788761604,15.437895567647711,2006.7799705107832,2235.131334356252,4230.114933894231,0.0751427283653846,0.26367262,89.10290948275862,reggae
-96.28604,84.81834,115.34177,45.889797,-16.642616,24.202085,32.586613,18.810596,12.722786,13.536821,3.1479776,14.527206,16.412317,11.878644,13.416591,10.002147,-2.170837,10.322192,5.469399,13.421554,18.126245,15.905061,14.353798,10.16672,8.945957,7.5224767,6.54474,8.300606,3.0865788,7.6431003,0.3002084,0.2802542,0.24327993,0.2523316,0.35146067,0.6003296,0.4503198,0.36762747,0.32236183,0.33010536,0.48890746,0.38222626,19.68681649923905,16.73730455477432,20.780242610289445,19.15201023465388,17.685768685909924,19.86047366114764,15.52862835701343,1734.3375573473977,2039.9305076667376,3644.743088942308,0.062774188701923,0.3106211,89.10290948275862,reggae
-219.96338,68.35809,112.73428,20.336662,-21.222595,24.288456,39.072876,12.093192,-10.58546,12.662002,12.269537,13.529745,-12.305103,10.19397,13.848982,12.509297,-8.774513,9.166911,9.671756,10.565428,-1.9935542,11.689414,6.164305,11.269392,-5.9172378,10.947195,0.15708606,11.631847,-8.239821,10.010036,0.2058772,0.25856376,0.23256634,0.33897713,0.5212563,0.4287947,0.56193906,0.5103483,0.6011606,0.3981445,0.27179113,0.28580946,28.877873934971067,16.9614898583779,19.151451810005888,18.45567065539346,18.69924299406436,18.853380382247884,35.229726913074295,1773.065948789189,1982.9666472678296,3833.4070763221152,0.0679462139423077,0.070409045,95.703125,reggae
-214.05754,78.40381,111.94956,31.52537,-16.239328,27.161592,38.11072,17.196623,12.884758,12.600006,6.177467,9.11646,5.6480937,8.566435,4.0334854,8.556173,-0.6064764,10.912105,-1.7694731,9.172447,2.7034955,8.094027,6.8618927,10.12867,4.1016617,8.40725,3.7385178,6.29162,4.9684978,7.2860575,0.6820503,0.57470846,0.55924475,0.4878927,0.5253878,0.5412986,0.34584585,0.35252628,0.38232285,0.69259244,0.42092854,0.4131171,17.432765772550166,13.890804429218363,18.158495052463262,19.239319332049,20.513336129898946,20.251868661775628,16.00725173836067,1858.6960009977352,2129.750440448953,3944.137432391827,0.0793907752403846,0.07658887,184.5703125,reggae
-158.53171,54.00518,143.34341,18.930525,-41.134434,15.4806385,42.476162,8.323944,14.831174,14.63608,-5.078367,12.092329,7.9440165,7.082952,3.7644742,7.46746,1.0176946,6.2288632,-11.784433,8.759884,-1.538918,7.0429206,-0.9399276,8.29304,-3.7871203,7.503705,0.034289315,7.7888074,0.9818263,8.153965,0.5834111,0.23300135,0.22488442,0.25344145,0.44943815,0.42853552,0.31083438,0.50657505,0.22088504,0.22657993,0.1513165,0.3463994,24.32397207467808,15.589872093557004,20.828074585470684,19.883093120686443,19.335055126921283,21.64189767870555,15.303665700101716,1470.7000304320538,1629.9271538801254,2763.703801081731,0.0729379507211538,0.11098058,151.99908088235293,reggae
-195.22029,74.91417,124.02443,30.465641,-20.735323,25.20046,37.786728,15.538243,-5.47948,23.652065,27.26394,14.991965,-7.7305617,10.950151,16.7994,11.092065,-10.608036,9.128801,10.838255,8.5603,-10.853992,9.354906,9.10884,8.631874,-6.0650916,8.990749,0.81556845,11.746862,-5.763072,8.921901,0.39915127,0.30907017,0.38787717,0.4893365,0.44521725,0.43618503,0.4133535,0.5078617,0.23475341,0.15028885,0.17056444,0.2296584,28.48204827778085,15.76102836648956,19.79893947394043,17.823494198857784,17.20802783329235,17.924537545963364,36.13673395744537,1720.3441966934158,1907.617970144492,3682.840294471154,0.0658278245192307,0.09009621,161.4990234375,reggae
-191.24165,69.22406,128.53741,24.248716,-15.02471,26.681791,32.859768,19.644253,11.744898,12.993997,26.397346,14.706195,-6.6978583,14.457077,20.39762,10.734887,-12.876647,9.564384,10.0799,14.248393,-5.8242874,10.890756,7.513673,10.8246155,-10.5577135,10.011619,-0.29461434,9.332828,-4.705257,12.244492,0.257448,0.323083,0.52013457,0.47947335,0.43173692,0.3927023,0.42718858,0.25581282,0.15763852,0.2383351,0.30743536,0.28705052,26.56513861036813,15.503092461970626,20.621487263465852,20.104294926673727,20.44053125213772,19.338179958993408,36.25912170212424,1513.4895466677922,1839.8874313299168,2930.6689453125,0.0661583533653846,0.1164542,123.046875,reggae
-119.86139,75.65133,67.6674,45.83953,0.29357535,21.198965,24.568634,17.261505,8.703962,12.397251,6.2716107,14.485719,2.6366987,14.498487,7.0472693,12.992608,2.7047591,15.200026,2.4587605,11.75493,2.6147997,8.196613,5.405838,8.053365,4.1641855,9.6795025,2.640114,7.546643,-2.5562613,7.37031,0.4502092,0.4367454,0.46977252,0.6038097,0.5369388,0.4078439,0.45162553,0.43559822,0.44763464,0.3729552,0.48893398,0.67060435,21.55942725348266,16.014733925596925,18.80706562514884,17.867454165092056,17.37092148746614,17.260196971503934,15.09731046471827,2898.48621101128,2658.991528252567,5706.050368088942,0.1229830228365384,0.1204968,95.703125,reggae
-183.16364,73.36945,105.777405,38.917393,-9.687461,18.935028,42.524036,17.82222,-3.5076523,15.7319565,25.253782,14.150856,-9.430833,17.290318,14.304592,10.909708,-8.930798,15.802815,9.457334,11.977203,-3.576033,11.454262,11.625062,10.911895,-8.496266,9.028296,-1.0947968,9.2154045,-10.130732,8.548748,0.26021442,0.28683895,0.47840723,0.44056585,0.41416526,0.36313096,0.29044583,0.4316768,0.27561182,0.26709726,0.39824256,0.40050167,18.620623112291536,17.58519465279676,20.69050443806716,19.947199172691235,21.65295891027208,20.32136193696634,36.96859282403973,1872.8523805493128,2025.4399040585347,4004.761681189904,0.0764272836538461,0.11572481,135.99917763157896,reggae
-229.06529,60.203304,85.40726,21.62936,-0.8307476,27.206789,52.011173,14.822765,1.3345126,15.887482,33.37907,16.71272,8.087649,15.598962,23.35784,12.580771,-5.759269,9.765474,12.508985,10.859871,-5.672722,7.5295997,7.107446,10.59045,0.35592028,11.753878,6.330339,10.667564,-1.5634274,7.2895517,0.6041602,0.5711704,0.39140013,0.3185236,0.3461908,0.43733007,0.63229924,0.4505382,0.37150684,0.46600032,0.4170666,0.57183224,27.713540423605146,18.543588582881224,20.114572613131788,18.634313898289506,18.151834633591506,17.443391675842122,36.63961370854332,1928.224731551589,2264.8465664371506,4519.7365159254805,0.065850360576923,0.078219175,86.1328125,reggae
-211.19296,87.94486,122.617516,24.596354,5.2197957,19.984737,31.855213,16.628983,2.608136,15.338625,31.787598,12.973819,-1.0196341,14.166347,17.803102,12.642987,-4.51009,12.203303,12.58125,9.362999,0.60541195,11.903328,8.113998,11.05905,-11.288795,11.737962,0.66145444,10.394594,0.5555312,7.963855,0.29804793,0.28217316,0.49921358,0.39433992,0.34868234,0.36916363,0.4287854,0.50569874,0.39584747,0.3764086,0.2973689,0.40611297,19.268556084247265,16.073228424347338,20.659784190961133,19.40493725071433,19.75961965663233,17.756261535267512,35.533588238341565,1409.090391061995,1911.6252712324183,3067.073505108173,0.0458233173076923,0.11896383,129.19921875,reggae
-100.979004,44.24536,91.94236,28.084805,17.628382,23.524961,29.966763,16.975178,7.2411,14.111506,17.511833,9.710593,1.1351156,9.093879,7.0807424,8.1974325,5.380198,9.3095875,7.7881875,7.8797765,6.7814174,8.362348,9.729388,6.1028047,5.2183995,5.6532044,6.250416,5.720029,5.82387,4.6748757,0.62225735,0.4140557,0.32258654,0.28163257,0.33330888,0.32426998,0.30256248,0.3380997,0.37299386,0.57545924,0.73888373,0.7213593,24.636574149588025,15.031660884773022,19.63318735890841,18.44738215802744,16.883602485725255,15.263431835054948,16.061171468936323,2062.380424561262,2582.2001851905684,4759.831730769231,0.047686298076923,0.20368141,172.265625,reggae
-146.08676,72.94986,80.37655,30.458958,2.5812912,19.652905,50.26269,19.970947,12.470364,13.92493,26.456738,15.919823,-4.284652,13.144313,10.290027,6.98519,-1.4337968,7.336369,7.5485015,10.945093,-4.2345376,6.7352724,5.9530964,6.713872,0.19304214,7.933414,5.6440315,5.2810683,2.7897058,5.676452,0.28341228,0.3043855,0.29350886,0.3873913,0.2558799,0.29670048,0.4295856,0.5146177,0.6555791,0.42387742,0.39887092,0.5036495,21.97647761622089,15.960890969257372,21.17216050747168,19.195178778612423,19.20357509617112,17.571804126640966,20.389573165357223,2271.110575489896,2402.3851267011523,4956.363619290865,0.0872145432692307,0.112831205,89.10290948275862,reggae
-108.44196,45.040264,86.36835,25.475895,23.014738,20.972311,35.68809,11.46914,10.724309,14.252942,19.592966,7.7434416,3.5468416,8.795413,7.9689903,8.796492,8.593864,6.602286,12.57343,6.809181,7.627118,6.330891,11.372038,4.986218,7.3952823,5.173494,6.8643985,4.738841,6.225342,5.783579,0.31663114,0.33020958,0.352756,0.48145398,0.7057034,0.6238315,0.5404749,0.49023482,0.48106706,0.60085624,0.5309106,0.39071628,23.173290684044375,14.88230703293176,19.236151490358065,16.683642791049767,16.17433292089073,15.23645217973525,16.172958204721308,2135.5523866534945,2694.191569833046,5156.12548828125,0.0482647235576923,0.19209436,172.265625,reggae
-234.54842,81.725586,116.977356,28.076681,-3.2171273,22.85073,36.865612,15.276806,-4.574861,17.856577,25.660707,15.217473,0.49096233,14.585359,18.847826,12.528486,-2.5757694,9.889723,10.945237,8.166221,-4.09694,9.485936,6.12469,7.2042785,-5.323194,6.1875362,4.564337,7.927913,-2.9431224,6.6849422,0.4140536,0.5163552,0.74091464,0.44233444,0.36125532,0.4649877,0.48002553,0.49190328,0.35149577,0.35308683,0.35313362,0.38145757,28.06503691543529,15.693209498608734,16.69358438784707,16.676741192530173,16.499753851761557,15.768974683230198,33.72293611757727,1723.3333149485188,2052.500674682053,3861.234600360577,0.0603140024038461,0.06952644,161.4990234375,reggae
-160.34889,80.58278,89.60964,34.9053,-4.945755,19.453552,15.678014,20.728645,16.886538,14.108278,8.146556,14.307945,1.5367678,11.8575,0.595141,9.740119,2.5505466,11.724518,0.6774618,9.994796,-0.894231,10.252929,3.138429,7.86446,3.1399987,7.8593974,-0.047187686,9.051024,-0.22955182,8.062673,0.3675233,0.2952067,0.35801375,0.52502334,0.41921687,0.36548686,0.4203118,0.5322634,0.30311868,0.24243572,0.30749798,0.30714327,17.41719015582757,14.877460818160955,18.900748007929806,17.277790778096122,18.18408580816638,18.591557941608105,15.750486419493525,2499.2208401256985,2611.518063904724,5264.8681640625,0.1105243389423076,0.07664697,161.4990234375,reggae
-134.4601,49.410313,76.97378,30.49734,-18.207094,25.382744,56.265896,20.116991,8.550896,13.099664,22.337093,10.450934,1.3389047,10.421151,3.130173,10.460761,6.815655,9.777554,12.206852,9.267217,-1.9200469,13.980861,6.5477962,9.531723,3.4080951,7.030684,-3.5175433,7.066741,1.5520856,7.5393662,0.6038914,0.49627498,0.47773567,0.51643085,0.43753463,0.37637022,0.37627053,0.6031418,0.5064844,0.46079594,0.6148151,0.5139968,18.732581044358263,16.84984481714813,19.130094637139965,18.588504873969395,19.73260084099177,20.67216362050275,18.38046977343977,2430.268865830398,2284.6115893565034,4846.213003305288,0.11396484375,0.09897415,161.4990234375,reggae
-115.17393,52.04686,99.132706,13.755637,-32.48873,19.982944,30.226513,16.227716,-16.148268,10.104987,3.8623602,12.21777,4.744811,15.819619,-7.4483466,6.750498,-3.7345347,9.128005,-4.043391,10.002497,-6.502382,7.227453,-7.4389267,8.566903,-4.0344305,7.615878,-5.2785563,6.5153584,-1.7661448,6.6958528,0.57964385,0.17952622,0.11777601,0.0813324,0.2639128,0.523874,0.2420429,0.36381036,0.19375801,0.21605177,0.12887208,0.2648603,16.249256618679667,20.630831360954044,20.482114456033997,20.08554122626523,22.453195509200757,21.174179483723822,17.273536785932365,2109.029433185148,2041.807141228488,4107.789776141827,0.1091571514423077,0.11876237,161.4990234375,reggae
-57.935825,43.820656,46.301384,23.212349,0.46348578,20.367172,21.268518,13.570392,10.927716,15.536898,-0.74144936,12.103606,-7.0167174,10.725908,-7.2339096,8.6833515,-12.2904415,13.468509,1.8136964,11.482079,-2.1324224,10.005894,-4.194755,9.980568,-1.4392555,9.174291,-0.4379121,8.24195,-9.0784855,8.637687,0.41183054,0.63423824,0.37771216,0.3527497,0.38073266,0.44742027,0.3086268,0.36959743,0.4069779,0.2693475,0.23119569,0.24030374,24.274786631879756,16.764189623383267,20.10072625338962,18.73755343148616,19.007184600556386,17.916926904001244,16.140737629102066,3498.516427937596,2997.8665345161075,7146.621657151442,0.1708270733173077,0.15687734,123.046875,reggae
-55.830204,43.93939,64.32673,33.909733,1.9164959,24.299774,32.303307,16.198774,9.19659,13.052977,-0.6577496,11.732523,-7.037515,11.903991,-3.7325473,10.238517,-1.5699416,11.230869,0.10880387,8.503475,0.68865275,10.027232,-0.69271487,8.733958,0.91379815,8.502936,-1.8859594,8.860069,-5.4850373,7.829154,0.3532411,0.367434,0.36115777,0.4275857,0.39262962,0.47209287,0.36363026,0.42495534,0.69660807,0.57432014,0.3403689,0.24302751,24.9776712653625,15.136262573259984,19.142938879610032,19.27954738969077,19.563635483401875,18.956603368167496,16.193983336756492,3016.8094960575286,2757.7619411687474,6046.274977463942,0.1480806790865384,0.17927234,92.28515625,reggae
-188.12543,29.67166,83.189674,28.150753,-15.695332,19.69775,56.373146,11.945561,-8.325431,11.345667,20.631445,12.986046,-35.549217,8.364777,20.65146,7.1049056,-36.57173,10.085484,13.987421,7.726391,-15.633103,9.679451,3.6499727,8.669757,-2.7145004,10.405244,7.5218334,7.1451073,-6.000005,10.553062,0.17501858,0.17148027,0.1883816,0.24892174,0.42042828,0.2724019,0.2919702,0.38575706,0.4648004,0.66394985,0.30178002,0.23103108,21.20567056329028,17.27614313065108,21.89903262935809,21.93438230998419,19.76112114176671,19.90992473229793,39.743313414028506,2782.7707693241687,2397.3729215834137,5600.7033128004805,0.1510779747596153,0.050332956,172.265625,rock
-171.55518,107.367874,129.82735,22.238892,0.97569484,20.717333,33.008682,12.269315,2.774402,16.949167,33.822754,11.771667,-4.961342,15.492963,20.837809,9.616734,-10.130628,15.678427,19.173035,6.6072855,-3.6285472,9.96706,14.310475,10.731463,-2.8559103,8.208502,0.7734188,7.6079583,-3.5956333,8.094274,0.29965895,0.25777972,0.28354967,0.34323332,0.5707882,0.57275414,0.5452607,0.533209,0.4815926,0.4323279,0.2808331,0.23853953,21.444377147322506,16.377192791154016,17.716158462064573,17.160994536179814,17.244969141522716,16.56576064964713,37.18496099593737,1425.757400598916,1981.103765575776,3157.5957782451924,0.0423940805288461,0.15124369,92.28515625,rock
-103.13252,43.24702,148.16457,37.846233,-16.792482,13.528958,39.031574,11.747238,2.2159405,13.960211,25.68247,6.7187457,-10.119954,5.654419,16.060415,5.7481155,-12.298416,11.583497,9.575927,7.34205,-12.013999,7.28298,9.432007,6.29586,-8.857045,4.991544,5.0213976,6.3198247,-8.8753,6.188209,0.5195275,0.33461773,0.23726474,0.24194221,0.46086302,0.50761056,0.43282378,0.47190475,0.36348367,0.33659774,0.2769616,0.3529718,25.19023515603393,17.773364200609418,18.675404889996464,17.4232000891291,18.92220790869174,17.160785268472186,37.23681830928096,1449.527877047734,1768.0874347772565,3048.273362379808,0.0585975060096153,0.2002704,92.28515625,rock
-91.41924,50.02163,78.27431,17.044268,-29.728016,17.392963,45.76685,10.834727,-21.235752,8.53528,31.338793,5.7575493,-19.418308,6.894531,25.81527,6.687396,-17.853643,6.234699,24.601357,7.7599664,-18.720686,9.0673895,13.531956,6.2780614,-13.34934,6.6738644,5.3488116,6.3017297,-8.799327,7.0839562,0.35015503,0.28796142,0.45508486,0.3310408,0.40697458,0.32554188,0.34048203,0.5044668,0.41398662,0.42519245,0.37366182,0.36176553,21.962986789415684,14.13179684215602,17.446617580436477,17.831383908152404,17.29577468165922,17.28876884013766,42.551566411229,3005.519020492576,2411.270814377829,5928.919020432692,0.1968900240384615,0.094106324,99.38401442307692,rock
-123.30657,37.369873,137.82565,29.84066,-0.7650307,19.81512,12.817863,10.356889,7.6767898,7.6096034,6.947445,5.306204,2.4965606,4.7258387,-0.09288145,4.638624,-3.1441936,5.4167805,-1.2529827,4.181078,3.823997,4.662495,-1.0059679,4.8022404,-4.2607164,5.607685,-13.745646,6.15084,-9.879241,5.354211,0.112145774,0.077374354,0.12594666,0.07809869,0.16602613,0.066685386,0.3565364,0.9803862,0.22155504,0.033691898,0.03834165,0.07688595,26.45827336465964,19.597828425118276,24.660663795743552,21.63133587613253,22.354216499051365,18.48789403200533,14.414045143624731,1486.9293255724888,2033.0918467938616,3095.563589242789,0.0534705528846153,0.17915952,92.28515625,rock
-202.76213,39.668476,101.26902,25.047335,-16.348358,13.2695265,61.08868,9.028034,-4.771966,7.93365,20.127077,8.625633,-19.662228,9.470408,17.743582,4.9307394,-15.830358,6.1871405,18.951982,8.302161,-13.651431,5.891996,9.764188,7.095541,-9.569924,6.4725103,6.368209,9.2447405,-11.526439,5.468089,0.2219481,0.48419192,0.6358832,0.45199496,0.6250038,0.20433474,0.1820616,0.16796301,0.28360814,0.52489084,0.22911416,0.13781415,29.56762403722815,18.59977367781133,23.08804860600739,19.888473565037096,19.541043024794607,17.72007104895898,36.30006003432264,2061.924473676132,2147.818009822237,4381.095815805288,0.0829026442307692,0.05819958,103.359375,rock
-204.81511,35.81608,82.31969,37.95487,46.48412,20.6022,16.851784,15.198497,0.54235184,8.825999,17.072737,10.279238,6.633516,4.796134,1.1289213,7.6813674,-7.1598406,9.004626,-2.2389476,6.470234,-3.462118,7.4614105,-1.9347081,8.131503,-3.47374,5.9062285,-8.129216,6.1928763,-7.8695755,8.550077,0.2779024,0.28974214,0.39071414,0.2868177,0.36774814,0.318487,0.43628904,0.2317464,0.2194434,0.13182223,0.29784405,0.580512,19.878893362307892,16.471758636613938,20.686859529543,21.37919302265074,18.135346986077533,16.670201809236115,16.14927374420557,2785.589432958539,2978.0602414657283,6317.179236778846,0.110693359375,0.05194581,117.45383522727272,rock
-99.35708,92.996185,112.21315,26.143425,-31.412748,24.803705,45.683308,10.712004,-6.5667877,17.780085,25.679296,9.22329,-18.359383,11.326826,16.085993,6.392383,-11.279497,8.2549925,11.307634,5.1496997,-9.461999,10.37573,12.793823,5.5183773,-0.45096505,7.717835,6.0317655,5.8851314,-5.2417336,6.4518056,0.5282122,0.48712748,0.777517,0.4362678,0.28579292,0.22936139,0.28202367,0.28161258,0.44077522,0.6637471,0.4957586,0.5373251,20.11110005383073,16.7229662686754,17.360482059314297,15.901186281563684,16.667017009624878,16.903109453422857,38.876430245573616,2004.760302908864,2039.478493353981,4161.125863882212,0.0847017728365384,0.14790042,69.83741554054055,rock
-63.217503,19.700176,91.41579,9.280587,-47.872944,8.637644,49.073154,7.437527,-13.567488,5.5735936,18.796906,5.6105757,-28.70278,4.963087,14.375824,4.138267,-21.870714,4.656987,17.10947,6.685754,-23.42723,6.150597,12.27994,4.0760407,-14.976447,4.32194,9.283848,5.3755374,-14.956735,5.298022,0.48959193,0.42944917,0.32330117,0.6162207,0.34927627,0.26467854,0.246658,0.37627646,0.6868345,0.49471524,0.5881948,0.3835026,28.2739232234732,14.275521063554024,18.60809316304873,15.590607799039711,17.46790239123176,17.3272814685011,42.27981017866914,2520.728193382043,2153.9466003867715,4793.787935697115,0.1526216947115384,0.10859193,129.19921875,rock
-116.21258,42.994762,116.88382,30.717468,-7.07119,16.11888,44.21641,17.518738,-9.233493,11.5284,28.299526,13.430633,-18.291418,10.564083,23.46243,9.712268,-13.264523,8.529813,8.712577,5.1960835,-2.9177668,7.123774,7.428678,8.710066,-12.566769,11.6058235,5.4904904,7.4132304,-4.3012676,6.2434187,0.3682984,0.27366692,0.2451799,0.24180274,0.5122717,0.40285802,0.3469897,0.28498167,0.27953961,0.3283749,0.265604,0.34434652,16.746461622137964,17.78211289925774,20.739238755101976,20.146364596623933,19.96016958753215,18.766982571571965,39.02704335201092,1876.8631916634024,2075.9596800419063,4033.086125300481,0.0903545673076923,0.14992954,95.703125,rock
-116.89384,28.214378,112.232925,17.148542,-28.327515,11.296423,48.485035,8.213713,-7.635504,9.012556,22.655956,6.296789,-20.673847,6.452843,17.820995,5.940723,-24.353962,6.000323,14.999723,7.990124,-16.619455,5.3348947,13.132196,5.851025,-18.955996,5.355467,6.4488263,4.3449936,-1.062325,5.5047646,0.21203828,0.52380884,0.2036787,0.19912852,0.4655367,0.24735518,0.12984173,0.18415251,0.50893015,0.8800117,0.4095297,0.2485426,28.990902475562383,16.382659458069323,20.775419821413376,19.104323036919286,18.30931716372527,17.65229730409328,39.67445869498079,2099.98741630339,2182.5449014010696,4394.347017728365,0.0962777944711538,0.093746156,117.45383522727272,rock
-190.80447,48.67853,124.58758,24.619724,-38.688896,20.830908,29.662607,13.951394,-8.3663025,11.670499,18.913132,13.908454,-20.137728,12.479822,19.669527,7.851822,-31.069958,8.948115,8.904972,10.232656,-6.292563,8.176712,0.07856592,9.221069,-12.691202,11.314104,2.5293162,9.028907,-9.882095,6.815731,0.28092006,0.24914923,0.25975084,0.3683514,0.51122844,0.32459417,0.32614014,0.285332,0.37316036,0.54446095,0.41682523,0.4120354,22.075929575210168,18.04472492865563,19.563163671085213,17.666986270365232,18.451445871957176,18.361474053218902,35.948549354014304,1824.3566278384376,1912.050830527593,3603.167442908654,0.0826434795673076,0.06028143,151.99908088235293,rock
-151.35327,40.074795,118.970055,16.646482,-27.76622,15.948597,36.843742,15.481268,-18.014414,12.774082,15.472797,11.110283,-13.664994,10.114249,15.073806,8.383649,-17.105291,7.1380315,10.743014,7.9066615,-12.773852,10.444805,5.7825513,6.819444,-13.186251,5.6359067,1.2299453,5.788937,-4.6377726,8.268197,0.5027277,0.5193839,0.32367513,0.28776598,0.26096982,0.27658132,0.34620288,0.5037382,0.48426116,0.30522448,0.26217407,0.40821978,19.400315486245088,17.48592551236179,19.529525596411933,18.45263574591644,17.91115996791354,18.87901440152436,38.33921919710805,1844.47268375033,1971.5684412481144,3756.46728515625,0.0822791466346153,0.08568912,117.45383522727272,rock
-86.67297,50.586243,106.71522,17.594336,-13.815022,20.461174,49.68785,12.891362,-12.484468,11.916322,35.928673,6.820221,-12.345337,8.304002,22.807943,8.1339445,-16.562256,8.648082,20.835627,7.5304914,-3.1713738,6.9917564,12.44205,6.5657907,-10.926487,4.961508,9.413223,6.793207,-7.2618484,4.685882,0.32917133,0.40055466,0.5418604,0.4112776,0.49146494,0.43838337,0.37077537,0.36143208,0.33883867,0.3026493,0.2315849,0.3350935,14.63647272187441,15.410939463205713,18.199412867422804,18.49980373930237,18.050471240249248,17.7686182700344,40.70492748505304,2021.0595795895176,2250.3760816930308,4708.897423377404,0.0860464242788461,0.16118498,112.34714673913044,rock
-95.0295,71.3859,64.63678,22.609606,1.0761602,19.734404,33.412693,12.224835,9.2279825,8.166836,3.104803,9.586162,6.213054,7.362596,-2.1864886,6.1175103,0.30492923,6.516338,3.6499274,5.856614,0.074681886,6.720937,0.25153154,7.689035,-6.006928,5.6531696,-4.3641386,5.500744,-1.9474279,6.108604,0.33809233,0.38684908,0.42912298,0.45091075,0.58155257,0.46509266,0.491156,0.5482874,0.49480093,0.49800637,0.495385,0.52708375,31.24820903953877,13.51183353279272,15.509042841422067,16.058819268988437,17.304548256699842,18.776170227739023,14.5139335930452,3042.0955722662584,2861.5061471915733,6307.986215444712,0.1511831430288461,0.112837076,112.34714673913044,rock
-25.89555,37.750652,71.04088,22.567223,-22.93655,15.232417,11.475439,13.704097,18.87607,12.450913,6.567938,7.8195386,8.535074,9.233784,1.6625763,7.408171,3.3618655,5.104412,0.8107245,6.5480385,2.8932264,6.506705,-1.1134076,5.741136,-1.9732645,4.6535635,3.5415156,5.771323,2.9947844,7.237161,0.41989338,0.28268784,0.2725598,0.4251307,0.47985423,0.3529375,0.35752428,0.47150862,0.325746,0.43142805,0.50095636,0.5645773,28.066916676230484,13.63477935416578,17.931077735710698,18.63829965575992,18.608315660819567,17.37537857190335,14.398192128816364,2973.220168727672,2772.0064197730285,5966.602125901442,0.15751953125,0.16860722,117.45383522727272,rock
-78.56076,42.893158,64.252914,20.109623,1.58169,16.94604,40.068012,16.951977,14.430668,8.160637,1.9349917,9.847323,3.671064,7.9335,5.521598,5.7064786,7.103565,8.24847,3.0937347,6.548391,-0.29255334,4.9771113,0.65837306,6.1601677,-8.56829,5.2116547,-4.331293,4.5044417,0.79341537,6.0053453,0.48823097,0.65502906,0.6451248,0.60347325,0.43766275,0.35477415,0.3297537,0.37012416,0.3398759,0.34572762,0.34225425,0.3585785,30.87313429169512,13.264921695685144,14.35253375034783,15.2587928179327,17.467093660320778,17.41276957802563,14.390969148172909,2945.7075612204544,2834.5370759455086,6172.741135817308,0.1259990985576923,0.1264836,112.34714673913044,rock
-141.05045,52.444695,71.08439,23.94561,33.901554,30.137142,38.33796,21.989882,-3.2611911,10.038888,17.14689,17.186987,-7.6893287,7.930363,10.514267,7.4135227,-6.7490616,6.883676,-0.8838944,6.213759,-5.8505588,6.681378,-3.0068634,6.1105676,-5.3905854,6.1841435,-1.0684315,5.4158654,-2.189139,5.7434444,0.23435465,0.29757065,0.5543025,0.5809037,0.6988908,0.5595798,0.3656399,0.26695353,0.3097323,0.2435254,0.31036493,0.4408421,23.044945885082296,14.505943883101525,18.965889606316697,16.968574664790232,18.12559421686956,16.914092092065005,17.53153371894012,2832.100063031515,2816.81383332302,6202.473520132212,0.1097994290865384,0.08981033,117.45383522727272,rock
-106.020775,41.96632,145.5979,21.76978,-49.355034,15.285143,44.52599,14.547106,-18.53264,13.960201,12.71064,12.165637,-14.249258,9.146138,19.016079,10.603867,-12.800845,8.523991,0.29363894,7.678479,-10.622592,8.832566,5.788945,8.290001,-15.531192,7.6471753,-3.9167702,7.8306003,1.3344156,9.759079,0.31342143,0.39854783,0.3331351,0.4500303,0.25028196,0.16582537,0.31590375,0.33078015,0.5683205,0.32769287,0.29022446,0.18018538,20.518052276549792,19.47741930217626,20.89093359099651,21.693041465530584,20.268539363641025,19.32145749118134,37.95930429658186,1574.8599832863367,1589.0402217984074,3040.9852013221152,0.0813626802884615,0.1726608,107.666015625,rock
-13.933171,17.8285,105.348,16.453432,-46.337612,14.34221,54.326683,8.529893,-26.695465,10.479531,20.09663,9.139754,-14.766883,8.32086,23.244698,6.0104933,-20.039799,5.4506373,17.888693,5.754149,-15.403533,6.283617,13.680693,4.46699,-13.765509,6.8824005,3.572466,5.7470975,-7.549057,5.871902,0.25338176,0.47747666,0.55015564,0.38397065,0.41068074,0.433734,0.50468165,0.5880719,0.55202276,0.5265481,0.3360815,0.37393117,19.434824549798005,13.371522182342073,16.50570833211633,17.22558144650227,16.246370248739964,18.235517314088494,42.963066492112056,2375.631624378799,2048.777693683671,4553.609900841346,0.145849609375,0.19513036,123.046875,rock
-225.12283,44.693657,140.62784,22.553484,-31.050259,13.381535,43.991722,9.708222,-7.44448,10.858395,23.779459,6.4503565,-4.523216,7.5305686,16.65501,7.365764,-15.64049,6.2304015,21.093967,5.8178053,-2.6136646,5.6101627,9.415339,6.7316866,-16.645525,7.260536,8.285003,5.579932,-2.172949,8.960913,0.3030117,0.32878307,0.1586584,0.2710998,0.458454,0.28355917,0.3483323,0.22847569,0.46335265,0.41006464,0.40243343,0.5291445,27.920909093313178,18.041453295231825,21.26693174077886,20.769154317520474,22.445820431671663,21.201686671148504,34.13617001431078,1503.2386793901776,1725.5149913661678,3024.586838942308,0.0728853665865384,0.04967994,123.046875,rock
-142.32478,34.33575,69.41693,30.361834,-11.557342,16.31547,46.090076,9.997132,-37.099724,8.438605,32.231037,8.396152,-13.981285,7.304879,24.187841,7.9318457,-27.99121,7.527286,3.7338846,11.166913,-17.597195,10.053883,4.908927,6.5553484,-13.014028,7.186194,5.139581,8.253083,-9.656924,13.189488,0.11438571,0.1280371,0.35630938,0.21358815,0.23484206,0.24227478,0.15806615,0.36511204,0.27765724,0.5160657,0.36403814,0.16717833,18.136925700865365,17.10143715374918,24.80797456105929,24.37102329511085,21.648735268237264,19.09046602058229,41.56982122174267,2710.4542757705944,2399.0268061775014,5701.246807391827,0.1286358173076923,0.111665934,123.046875,rock
-39.41067,19.418299,109.08257,11.129019,-42.60656,12.880081,53.08895,9.64949,-18.958656,10.717444,21.964115,7.826376,-18.91133,6.1937337,15.595717,5.301407,-21.582441,11.393886,21.050474,8.058211,-16.925678,6.941441,7.6531305,7.591639,-11.353298,6.4235125,2.019694,6.099905,-13.056908,5.5975323,0.29857185,0.2517455,0.43494397,0.28040037,0.38428563,0.5920698,0.6681979,0.4096681,0.34171364,0.45958155,0.35777774,0.29055968,19.6306188602742,14.270375216232184,17.614749758622565,16.47353098333972,17.404969209544163,19.627041286098468,41.89765099517847,2203.371080627858,2038.160757553547,4258.439378004808,0.1239520733173076,0.17227192,143.5546875,rock
-234.0701,32.206944,171.80676,13.690481,-7.0794234,7.190941,43.457054,8.869021,0.31757343,7.2732315,2.9984002,6.883476,2.7108016,6.787345,15.423723,6.770491,6.946648,4.972521,-3.7286508,6.712419,3.9002938,5.939027,6.646843,6.1640067,3.9930222,5.361015,-5.476914,6.7447634,-7.8350463,5.3799233,0.2787578,0.6721889,0.2885311,0.2257401,0.53187525,0.4017117,0.61756694,0.38931718,0.368186,0.19013622,0.13551486,0.28044075,16.80137345865357,15.868161742598478,20.664757290885547,25.14197220232992,21.11590228619908,19.346530808931515,16.73375806502344,942.764384570518,1405.2446028682575,1770.9403170072114,0.0448993389423076,0.07190183,83.35433467741936,rock
-117.48562,27.091099,76.7731,10.858106,-35.460052,18.197975,55.544373,7.925651,-8.454742,6.3555346,32.841873,5.298706,-17.585562,6.6171427,23.01647,3.9964924,-16.023474,5.1159525,23.405258,5.0412383,-11.591116,4.9951606,15.348008,5.056132,-17.637018,5.7540936,2.0466337,4.226884,-13.091273,5.578602,0.32738894,0.6727048,0.38213447,0.22718717,0.22608455,0.5297312,0.8230718,0.46002826,0.28691208,0.22655196,0.3448761,0.27705637,28.78145742928413,15.573103680656269,18.89821281386515,19.533119911539654,18.546001951364527,16.62707805890257,40.40696259942935,2732.8468739345303,2357.4041887793724,5486.5773362379805,0.1370229867788461,0.08012765,107.666015625,rock
-186.55087,60.367817,100.64142,34.150333,-11.46081,20.16775,48.00211,15.446788,-3.5261853,12.051351,28.77775,11.206393,-9.267683,13.275552,21.95446,12.09399,-10.549994,11.223073,10.643132,8.965459,-12.300971,9.168901,6.521196,9.599473,-10.244337,6.755453,6.9938326,6.631739,-11.603615,9.330306,0.40253538,0.5014383,0.45519435,0.35465118,0.36073583,0.31506595,0.23201719,0.271622,0.43843058,0.50159395,0.43579805,0.39042148,19.082622095682424,17.725246400552656,16.854827172820393,15.28876620740543,15.604473231625564,16.64365295608813,37.03043312740418,2187.3684282593795,2199.1564996321345,4549.303260216346,0.09365234375,0.073772594,112.34714673913044,rock
-168.21342,43.012707,83.70116,23.691593,-26.42654,19.822756,45.193157,12.412885,-7.7325625,10.9867325,22.285257,10.2578945,-19.58641,15.8975935,21.135788,7.270306,-28.192127,7.6313295,14.661026,10.046279,-13.80148,9.695529,3.79981,7.8489647,-15.357902,6.6878066,9.889577,5.607076,-9.734446,7.408665,0.2973609,0.3661434,0.4645513,0.37804773,0.36343208,0.34665486,0.32550633,0.40025166,0.4688878,0.6796354,0.45843428,0.3510726,20.281499789438502,18.259242527428142,19.98965352782991,18.422945749814847,18.333444406304316,19.66990634895517,39.22788971808443,2598.0010920940163,2304.1664241742737,5081.8359375,0.1450721153846154,0.058457553,73.828125,rock
-90.584236,35.24854,135.4894,22.210413,-45.67872,10.075458,38.939533,7.9989567,-11.778938,10.651781,11.305623,9.839508,-5.8151507,6.567325,9.918164,6.5721774,-3.5257256,5.875187,-5.5496883,7.028424,-7.048044,6.725772,-7.1236234,5.6082416,4.627851,5.7043214,-3.7303379,7.6417217,-7.3202634,5.015737,0.25333998,0.33429393,0.6417888,0.22562616,0.20424464,0.1266225,0.18083799,0.1940498,0.35688856,0.69937116,0.40053505,0.257535,27.962560153071333,15.176318319046546,17.646576054449486,19.146959691417845,18.6364842257207,20.168292142514677,21.18466704085434,1683.134840190923,1719.1389065405988,3278.43017578125,0.089990234375,0.14270708,129.19921875,rock
-161.72122,54.387966,106.62714,23.468481,10.157315,24.693356,58.840214,11.594461,-1.4403975,9.620574,25.24265,12.506683,-14.548913,8.357879,27.031212,8.213826,-11.665285,7.3958807,16.02775,6.9204674,-15.255592,5.334551,8.215295,6.656046,-13.975617,6.6071773,7.7395883,6.5395336,-9.248225,6.9770756,0.6146117,0.4189665,0.29367822,0.28806868,0.17503057,0.106411815,0.13758667,0.32981753,0.55128247,0.39727312,0.4406831,0.44385815,21.22289524696706,19.244782096384604,19.26008241325256,18.683778044239816,17.326321921447693,17.758126081064102,39.17813876114104,1920.9905446727057,2284.8964139078507,4354.924692007212,0.0680513822115384,0.110750146,107.666015625,rock
-45.938354,26.544712,104.59997,14.949294,-46.728394,15.089921,44.473648,11.567445,-20.717142,9.948466,23.787594,8.555885,-18.936237,9.085931,19.432835,5.995,-20.738672,7.3082294,19.2708,7.115074,-19.608849,5.6734138,10.794032,5.5426626,-16.195953,4.7520795,-0.664381,8.790959,-13.418171,5.793835,0.2997565,0.5183437,0.5690989,0.32978135,0.52198815,0.36477897,0.37523767,0.21973181,0.29973057,0.4292616,0.27645886,0.33396673,20.68351768092485,15.133717868787368,16.95485876243314,17.861568148777778,18.7419951639957,18.881019997706293,42.20849257064663,2319.875301175879,2084.0845919635944,4536.9630784254805,0.1352238581730769,0.16632155,123.046875,rock
-127.11603,61.73866,93.223755,21.47411,-1.297436,21.489166,58.779675,11.965524,-9.429535,12.004892,35.164093,10.17686,-22.841114,8.474083,25.643509,10.838468,-8.538539,8.384256,12.274602,10.407084,-12.446655,8.46439,9.2578745,6.987332,-14.915401,6.429179,8.990312,7.5075974,-8.278434,5.4406004,0.35587963,0.32787836,0.31322956,0.31051004,0.3879488,0.36897817,0.4671473,0.6595288,0.42043847,0.3966078,0.31546086,0.32831326,16.792128257852767,16.05681133978539,19.119723667835327,18.05844297320668,19.376110793799004,16.54953717650445,40.44344113500313,2232.861998737272,2356.5046964652265,5093.844839242788,0.09677734375,0.1265842,117.45383522727272,rock
-84.760124,25.752674,97.28576,22.144072,-40.914185,16.722477,53.339417,11.765646,-20.884789,11.064347,23.964916,9.573915,-16.750555,6.7340055,25.75737,5.598188,-23.918112,6.213676,21.803972,7.2490892,-18.02147,5.6590295,15.643277,5.2006865,-10.532228,6.4999943,3.2022436,5.5763183,-12.457334,5.978285,0.3154727,0.3850998,0.5014297,0.465614,0.49728665,0.275685,0.40195417,0.27876052,0.3726063,0.74070084,0.39227554,0.3913861,29.117392965734016,16.354463605018175,19.64150123268632,18.612990331978697,17.380634067230194,17.958076116349844,41.25816499409361,2537.7733627888483,2176.1504191122394,4905.677771935096,0.1485314002403846,0.101134434,143.5546875,rock
9.270288,21.381073,75.050934,25.365452,-11.795654,16.783567,21.246965,9.486175,10.879378,8.052098,11.584473,8.438851,-4.7335825,5.888372,10.914917,6.7914753,0.19898763,5.7897468,12.553893,4.894244,0.37652344,5.9667697,8.307449,5.601413,-2.8290193,5.3194475,1.4183491,4.348274,0.46336976,5.868134,0.50040716,0.3050086,0.4113493,0.39064693,0.6190016,0.76129454,0.476326,0.43541476,0.5093201,0.64130205,0.4063612,0.38208815,19.587199940023584,13.908712891907706,17.199658657643717,16.639953031743136,18.08396197767705,16.576946959360814,19.01707065316152,2887.9614793473306,2632.1130905317905,5817.774564302885,0.1553485576923076,0.21828903,135.99917763157896,rock
-33.923737,19.043388,91.08412,12.73719,-47.79191,19.012,55.927246,15.549073,-20.347116,7.9780846,17.415163,11.162139,-24.03906,10.618388,20.913818,6.883312,-17.500177,7.065123,24.66864,9.549459,-19.448305,4.902756,9.425636,5.292262,-12.469215,10.251764,4.1604123,4.371306,-12.028784,6.4141765,0.32512823,0.29387036,0.31003883,0.35593492,0.61574024,0.3660324,0.4013095,0.4726897,0.53446376,0.60093135,0.44605237,0.50000304,18.96827362336587,12.5672033474968,15.684148634060689,15.55543798469952,17.324053704250172,18.614753021550843,43.07116830457164,2548.3595641677107,2090.033966974906,4696.640061598558,0.1623948317307692,0.17162026,103.359375,rock
-192.44092,76.11762,93.152115,44.661247,16.951515,25.195892,23.256765,18.207314,13.446847,12.738244,12.170005,12.647462,12.805056,13.396685,-11.009444,12.571355,-10.571986,9.232305,3.0301228,7.255179,-4.3171406,9.605768,0.5294664,6.0635037,-3.9582496,9.782927,-5.7044573,6.699298,-2.4573145,8.635601,0.207731,0.18062516,0.25903556,0.5882959,0.22757013,0.17113757,0.31956828,0.37952852,0.5352799,0.36384785,0.22558974,0.28220272,16.895781950358522,15.987627099953194,18.66072023455969,21.216006708831078,19.22279393690209,18.453530810522192,15.329813740856494,2365.4037141878184,2585.1847233340536,4988.497783954327,0.1047588641826923,0.09808179,129.19921875,rock
-193.21764,65.52792,91.43128,29.381296,-15.453266,24.874239,40.561592,9.204695,-5.0882263,17.826262,8.171611,9.276214,-6.7977033,11.224304,17.77376,10.619172,-7.9727154,12.735361,7.064868,11.466827,-6.550307,13.836184,9.75702,12.794443,-9.653895,11.378986,9.40072,8.208973,-5.636764,8.094769,0.40595263,0.44081414,0.8454717,0.38059157,0.2284981,0.2891549,0.17590185,0.24616814,0.1692497,0.16620378,0.2813176,0.25433385,17.134786393622196,18.71895237465116,21.78300456110621,19.14919165933857,18.65708324605952,18.67504300550068,38.40405293307925,2195.7463346633253,2194.4737613878237,4525.782376802885,0.0921349158653846,0.07957293,143.5546875,rock
-39.259,15.500069,115.53941,10.406537,-55.614243,8.832824,31.816008,7.1818695,-15.979383,6.795584,23.290909,4.8611035,-39.241585,6.5251317,22.804909,6.759469,-28.4008,4.623324,11.897572,4.678272,-17.074556,5.204808,7.5338473,5.948733,-7.0270195,5.2219863,1.7675862,4.4835305,-5.399859,4.7154655,0.99542564,0.30213255,0.10363745,0.12560327,0.30560175,0.08776024,0.08093545,0.21815743,0.08023938,0.054238964,0.07884949,0.26381105,24.74775045484681,15.96287875477588,23.14569645081029,20.43379816556997,21.000571755205385,20.23971160981441,46.11698318788576,1888.7360213460065,1913.1403449827,3532.687612680289,0.0927358774038461,0.24478322,198.76802884615384,rock
-130.09474,41.719364,84.940056,23.213923,-15.945808,19.582119,60.44153,11.540083,-10.88962,8.217456,16.081886,11.189306,-28.252748,9.826301,26.01726,8.469269,-18.401197,8.955355,16.875244,8.222011,-17.975574,6.841585,9.661106,5.7447557,-13.105018,6.1878133,4.7203794,6.327122,-5.8571687,6.6762185,0.33611384,0.38864002,0.34310147,0.23125182,0.29297343,0.2664791,0.38724312,0.3121012,0.3690642,0.50686824,0.42228228,0.45765322,20.96055203421027,16.429601595262003,20.042021695840887,18.73122605391812,19.042138335173792,17.870531015422223,41.40964916014638,2629.4716246221474,2353.4309002931595,5442.102989783654,0.1379770132211538,0.0839178,107.666015625,rock
-81.14684,45.7494,104.52345,13.06199,-9.948607,14.870636,42.994778,12.074103,-16.30587,10.069441,24.50219,7.2606254,-15.876626,8.571223,22.285519,8.158722,-13.267257,6.4178324,20.681984,7.238797,-10.639524,5.9930134,14.923394,6.248264,-15.019727,4.638294,9.145642,5.6689215,-8.471423,5.047017,0.413796,0.42648447,0.42772016,0.42948076,0.6254519,0.43627176,0.47249955,0.5857322,0.49113846,0.50763124,0.32353193,0.54081947,15.794451787325482,13.83765517835754,15.887742281749365,17.994168091753313,18.66781778402335,17.658118768329693,42.03600665780102,2216.581398485985,2381.651226949997,5101.878380408654,0.1041691706730769,0.13894211,107.666015625,rock
-54.1278,25.281586,109.136894,13.431081,-39.502277,12.316205,56.22191,10.159048,-20.181269,8.668729,25.492409,7.1364994,-16.816124,7.921694,20.156096,7.316043,-15.960823,8.705652,16.38525,5.54488,-15.075757,4.519513,12.4132,5.2082543,-15.102442,5.917585,3.8780687,5.1450577,-9.200898,6.253566,0.26214442,0.41614014,0.496057,0.405819,0.55778396,0.37184572,0.33189312,0.30861425,0.56853753,0.80185395,0.4014812,0.35271367,19.52334582520762,13.685149735819634,17.18162814280194,18.834312425054947,18.69243366401963,19.16950052441966,41.80436187513688,2223.6008590268466,2072.770107327836,4517.914475661058,0.1323429987980769,0.14951815,123.046875,rock
-58.433937,29.717112,105.14251,17.566996,-38.244366,18.163857,49.83931,11.463894,-16.447708,8.49481,27.460203,7.2796884,-18.620943,7.7064137,21.653507,5.988777,-21.350576,7.136726,17.661606,5.469229,-17.357775,6.295257,9.925761,6.404061,-17.3643,5.04801,4.913206,5.7600265,-10.711033,7.4669304,0.30636492,0.42169824,0.60210514,0.33985624,0.41583467,0.39246377,0.6468088,0.51373833,0.38185713,0.4868531,0.29157603,0.48325506,19.68145202854461,13.540213741692066,17.260241766963947,18.140234917820287,17.73965241383982,17.92359022956793,42.06127038310141,2362.515499233685,2171.5840152715077,4814.078838641827,0.1368802584134615,0.13976564,123.046875,rock
-77.42403,43.465134,140.40439,25.346441,-45.804565,16.648207,45.11808,13.747063,-18.37763,13.603246,12.275026,11.513944,-14.368011,15.328853,23.091846,8.507624,-8.606485,9.121239,8.773088,6.7755527,-12.441145,8.323911,5.7404084,7.941062,-13.64283,7.1126256,3.1084096,7.374288,-3.6632743,8.062805,0.25135186,0.3637099,0.48610154,0.52454036,0.3457496,0.27302247,0.4396504,0.516212,0.51614183,0.42103046,0.3242353,0.21653314,20.393545703040378,19.5145391604302,19.713653020811083,19.90508489192155,19.399864446467845,18.54334581645602,38.68527461414328,1640.2432567015749,1674.0763984751852,3204.886005108173,0.0857459435096153,0.20562539,112.34714673913044,rock
-127.50814,26.901966,74.558685,24.806335,21.944742,22.962074,4.516473,10.9380665,5.290329,8.729466,6.9561563,10.053259,1.1195662,7.4699855,6.1096706,8.64488,-0.1170166,9.946986,2.4998915,7.995787,-9.004321,6.079236,-7.045517,8.344558,-11.474739,8.141125,-7.1216908,6.039029,0.608746,8.677491,0.16881435,0.119140364,0.26107964,0.39176837,0.26986808,0.24498174,0.32757494,0.65725565,0.40297475,0.19862342,0.3881538,0.32804313,19.32660752795293,16.96161038422901,22.167433470608348,24.109709315806874,21.404021159313643,19.9056116649936,17.03658974152541,3050.6167738937565,3004.279803745892,6624.110201322115,0.1328650841346154,0.09264242,117.45383522727272,rock
-126.43762,72.845314,85.48031,36.82127,0.9072519,22.498344,28.779041,22.15628,-6.3196826,12.894299,-9.743652,12.849813,-5.945245,10.687648,-0.017916694,10.818272,-7.6276393,10.090872,-2.6772964,7.8510528,-7.369085,6.2308307,-3.6535954,8.271136,-7.1669097,6.088396,-5.004722,6.9161625,-4.721521,5.58562,0.24938442,0.26081708,0.52330935,0.34663364,0.2706942,0.3720689,0.44065875,0.7987654,0.4391428,0.3317804,0.28821218,0.29229796,16.888701311007377,15.97769652000954,18.810799139256,18.685053271918925,17.113775998737296,17.287844378899255,15.18186524295929,2499.5280838529766,2519.9910533300863,5139.561485877404,0.1092923677884615,0.10551758,117.45383522727272,rock
-80.53623,27.541796,72.53162,17.5869,16.029171,12.463616,29.7998,7.541107,22.466125,5.4149756,2.6109543,6.197588,-1.9274243,5.452417,7.049028,6.2079597,7.706391,5.798153,3.037185,5.2865973,4.9440475,5.2770667,-0.8302042,6.619893,2.778878,6.7309413,-6.586753,6.8926563,1.0715034,4.5473228,0.36829346,0.646567,0.29752064,0.31864607,0.6548255,0.56051743,0.818524,0.5426471,0.48146012,0.44318587,0.33657873,0.5400869,16.709689540163314,13.70472663995392,17.786025726606564,19.276232720294196,17.224337451763347,17.23148426380722,15.715601059309511,2979.94920926776,3169.892140794798,6891.287560096154,0.116045673076923,0.11502766,172.265625,rock
-215.3505,101.0521,106.5606,46.747597,10.886832,26.822441,25.555147,15.133812,10.659153,10.905249,3.823733,12.242064,1.5374705,8.989475,-4.9060407,8.092204,-1.9206946,7.913888,-5.164442,8.714486,-3.5963228,7.064038,-8.249166,7.8189096,-4.6053796,5.586764,-8.270295,7.9590597,-0.15357172,6.5683665,0.2778814,0.14422464,0.13867491,0.31035,0.17244028,0.15115555,0.22888944,0.30585814,0.5685351,0.46420988,0.56507266,0.6238115,17.752069489999073,19.1506224977878,20.066424322589796,17.122957657978894,16.953506870797188,16.971103746934386,15.67631448015424,2183.9334947115167,2432.0958917962253,4553.361440805288,0.071709735576923,0.09485589,198.76802884615384,rock
1.6272317,29.387651,55.232143,17.804321,-1.5032914,13.105364,24.772375,7.885744,7.8538985,6.932903,11.16427,6.842416,-2.8288536,5.2064967,4.0230365,5.060269,-3.0716743,6.4389668,3.0785599,6.2027383,5.830665,6.795789,-1.6272302,7.21779,0.22083189,5.3623157,-3.602605,4.9993167,-2.3221374,6.228219,0.34212643,0.38426378,0.38916588,0.4213066,0.71335447,0.5874133,0.49900746,0.5266526,0.4660272,0.5135281,0.3956426,0.33018035,16.105847087455096,14.629562336128298,16.424502634410942,15.380684079358735,16.082531709813907,15.542183387001364,16.807022219716075,3451.811829550087,2957.4333361470426,6959.282789963942,0.1936711237980769,0.17625411,135.99917763157896,rock
-70.69826,51.297493,64.24851,23.886515,-13.009768,19.811956,30.63673,17.051107,9.418138,9.8225565,-0.46045896,5.932888,6.231667,7.196709,-0.25272605,13.251368,-5.9752784,9.750693,2.5313292,12.415476,-0.42736363,5.6107483,-2.2146358,6.172469,2.7943676,8.921408,-1.201336,6.314398,2.931142,5.882404,0.2746448,0.35560966,0.43455622,0.35516772,0.4616253,0.47664297,0.50460607,0.5906492,0.54562616,0.6555045,0.5461102,0.35552856,24.118659475108625,12.26293306914107,17.160064522150446,16.66551771216402,16.458658950270227,18.30400561322633,14.999673698820756,3010.244662394305,2721.2651900335736,6051.161358173077,0.1555814302884615,0.122511074,112.34714673913044,rock
-182.39568,62.83381,153.21735,27.196537,-1.5241321,19.787157,28.913326,11.859456,-1.1781539,9.589975,21.087957,8.025712,-6.4138937,9.062271,11.560613,8.3943405,-2.1181984,11.090808,9.319379,7.542488,-1.0274403,9.275855,7.1940956,7.462604,-5.801766,8.330973,3.01216,5.0591836,-6.798471,6.39949,0.35285574,0.27681908,0.36051807,0.34648597,0.3537231,0.6447113,0.68944174,0.71020484,0.42112052,0.36550963,0.2740786,0.24366397,28.47702778099244,17.71276446635757,19.435536979528045,18.500404276741826,20.151869827066665,16.359450426010763,33.86655561812267,1123.847922434638,1614.4644286591256,2306.123234675481,0.034209735576923,0.13091707,151.99908088235293,rock
-143.4592,52.489105,136.50719,22.56576,-28.778358,13.78241,41.135494,12.834294,-16.71387,9.712123,23.389776,9.79613,-10.333896,10.003096,15.673596,7.1226997,-7.467406,9.786283,6.846857,6.817542,-7.7459583,6.537967,7.243163,6.226516,-8.050096,4.9308157,-2.984996,7.961607,-9.040888,7.636797,0.14926194,0.15744068,0.41635093,0.38333067,0.433248,0.24168096,0.27135256,0.16024156,0.18346314,0.5079055,0.3478031,0.22281311,28.242919706176515,17.281822618053102,22.769454422361346,22.80795294745548,20.776377313643504,19.359749003893004,36.61141609004535,1537.9915350115325,1745.8913177753202,3196.272723858173,0.067803485576923,0.12202731,112.34714673913044,rock
