PC1,PC2,PC3,PC4,PC5,PC6,PC7,PC8,PC9,PC10,PC11,PC12,PC13,PC14,PC15,PC16,PC17,PC18,PC19,PC20,PC21,PC22,PC23,PC24,PC25,PC26,PC27,PC28,PC29,PC30,PC31,PC32,PC33,PC34,PC35,genre
-4.134698491605329,-6.052978598563164,-0.26563552877253205,-0.0007141694545068551,0.5540275101771581,-0.2551375387107183,-0.6989392593431641,0.9142101021950658,-0.04731162828134194,0.2997012824965305,-0.0307593803540307,-0.08671304219366449,-0.5335549979712733,-0.9045373718178173,0.7265960815187454,-0.8411130580960522,0.5971440869233312,-0.07171190025872426,-0.11516758762732672,0.651747577112823,0.222628553673845,-0.4023831237608162,0.4112561551023532,-0.9448804329186652,0.2718934038810995,-0.8181636295097996,0.02876765273065185,-0.6041865520777031,0.7572469753352848,0.21413939336621424,0.1732377993353241,0.250173324654768,-0.09872021756895903,-0.09092766806947226,-0.1174657390163723,hiphop
1.4140382163932426,-4.63594156115313,0.6586791290792483,0.021468240213262095,0.5780323558444966,-1.6329917253030017,-1.0827753391917752,-0.18579795464640675,-1.5278842451633576,0.8195806329595375,0.3386422854443221,0.846651814829006,0.1512951615634877,0.19118730316995808,0.2481046472183116,0.7813762949685585,-1.1052059811124777,-0.9897112875375738,0.4760664508677449,-0.24455290787575082,0.36478280051805956,-0.11998462742687484,-0.09989383866000763,0.8783424484766507,-0.865441775128199,0.4671253676084453,-0.0003397309369481129,0.07218007228048849,-1.2334751977420981,0.7415844221372896,-0.7623550373237542,0.11645635773377856,-0.04105927437897571,0.7437042381938388,0.19161576869799668,reggae
-3.206811699833085,-4.9404348653016505,-1.4563371089042212,-2.3430960277552004,0.736357526196885,1.7254415347439584,-1.0682863197336063,0.26583067237344415,0.1192673997950901,0.03541961440910431,-1.0531741999010695,0.3205157578592315,0.1545245560260753,-0.7442698096450217,0.9446757251187602,-0.5933489051301146,1.061292186443572,-1.0201929502873404,-0.1710725165734731,0.2054748785916965,0.1208144289622608,-0.07310296153468791,-0.9561837204899803,-0.6337679116218533,-0.02577611226930759,0.7489248723379136,-0.21452717775063043,-0.4874974074372836,0.42405055578566875,-0.06939865072521183,-0.020682795983087907,0.2128020441884301,0.09959233532330569,-0.010758282748357089,0.9335425910620463,hiphop
3.658238872860427,-1.2880584212417536,-1.699050905901402,-0.17636033934543152,-3.448153742179016,0.778324943204409,-0.778526417982404,-1.2197449718901379,-0.7315114967830031,-1.1358619618687162,0.03930437462908975,-0.4465905135779306,-1.8182552215173837,0.47875882012427756,-0.08478988347299596,-0.8763995212144005,-0.34581521023118655,2.168732838051961,0.7308179689405985,1.6491358055436036,1.9230138741647087,-1.909321994215317,-0.20210667202083343,1.1377713520833668,0.06861422670892002,-0.7205703834975021,1.2819441736527872,0.30208190947974967,0.6561632211951031,-0.9614814637350265,0.5146586065724901,-0.660847198462685,-1.1504222002699394,-0.04878113492708107,-0.9853545196075462,country
-4.465597588361798,4.7509119889065765,0.1897020667503787,0.541907741749846,-1.3762693665916952,1.8648851858988569,0.0424321786126321,-1.5268427247321235,-0.44298251013066103,-1.502163420190791,0.5391289183267941,1.1125342707012102,2.3450896491301507,0.40324160035640066,-1.707513369935006,0.09537223860516894,-0.39918401956191946,0.4916916995069064,0.06730973141783947,0.7724319109144915,0.03533628486354801,0.08831080894865469,-0.22734636486337637,-0.34469729327580845,0.16072809462328516,-0.6845362096039791,0.3712404094434653,0.6170130223785039,-0.14680893551526153,0.040954336721410044,-0.2526167366948122,-0.42281553194197347,-0.08278808461770608,-0.0770145707876495,-0.40569555564586296,metal
4.217965086278038,-0.2973794097591232,1.6280243926227478,-0.4186952188589465,1.6222111559817278,4.073760196375716,-0.2702510286130593,-1.3011578130051633,0.4279162888494661,-0.4521021815934386,0.5263915782319067,2.105953700400507,0.1609727448544455,-0.44093244478518423,0.5035343968535747,0.8231741183471987,-1.445064353186618,0.4375956423344197,-0.6207575836016068,-0.20200754754034694,1.1789889526115649,0.6876912073564496,1.4115010094109066,0.32779827330223094,0.8196966952618536,-1.4446537389933016,-0.1627158810498923,0.42373804896311773,-0.3115346686656968,-0.002534606530532149,-0.1533201638200848,-0.31717061388109935,-0.1682810325286475,-0.5769369260626156,0.35365995242610115,blues
2.6511530879382956,-1.026090378109023,-2.577139011575944,-1.9322828891012767,3.0489704420868406,1.0828220690071086,0.38467648255739617,2.7094894126262434,-1.4027104259596652,-1.3737543977545772,1.2033097128760477,-3.6114974507709277,0.38618392704458787,1.2282080453653925,-0.09945711915335044,1.4117482835337714,-0.7062857418133199,-0.28629857201912257,-1.4275511245188852,0.3812956689245054,-0.6011208949739871,-0.17937412647251708,-0.16185009811971446,-0.2470094773178294,0.25601903421250705,0.8261927256535869,-0.08391311884979674,-0.5710035224306851,0.29739965542372476,-0.8178627675753555,1.5676833427113546,-0.07130396977277541,-0.09685895999637935,-0.9818612915955685,-0.04886093191232441,country
2.035792366489488,3.2435011122153408,0.3209329763576656,-1.3852293985637547,0.9194754897039169,1.2135994990782195,-1.1465918976627918,0.31391244352152486,0.40521086713217863,-0.800150440887229,0.5685403695744692,-1.6401465789638188,0.9931714075386897,0.048554584537091605,1.2856693061408586,-0.875184856164383,-0.28316583364546954,-0.2866702535584973,-0.7383769550001075,0.17090800757069127,0.6696052650833463,-0.8185499283740256,-0.29683440655425714,-0.7216453496689679,0.11863599875600223,1.0059193907585737,-0.256753261142465,0.9717241312007451,-0.7622950021116791,0.5329879036897811,0.16838917981327825,-0.2891212011722951,0.20824775077222285,-0.31585255831056525,0.30415382075100883,rock
2.649133726647807,0.22683044314474726,-1.3756151064322555,-3.3099960203379277,1.14300200305481,0.6423751375083241,0.8334186677892458,-0.6476137220633555,-0.913229758569411,0.28540680003413954,-0.33527556277974085,-0.17390578574932847,-1.9848031704983942,0.4144647548235429,-0.4955451155690508,0.7743793643586303,0.36747754559731977,-1.2038523449326988,0.8603438473926668,0.06754268184452672,-1.9902182836930173,0.29390678384818614,-0.11334635863778228,0.19801154594732562,1.4199550199109239,0.3609352354703479,-0.9493139203250761,0.41739071708137193,0.05522313444191992,0.8829686678803463,0.7459743811166225,0.0905629370180587,0.5908433798333533,-0.9405774555736507,-0.59175471966831,jazz
4.637625750485071,-0.16851489435514735,2.7298755459493558,-0.01669683971153499,-0.8378628798140213,-0.797230053001115,0.013884845711748339,2.197385060984416,0.04348409987214307,0.4106305559589854,-0.37687613049988766,-1.777619034397843,-0.18042134179878444,-0.9449693083810393,-1.0211062255652261,0.309431104648296,-0.2776060542220991,0.4099495084764975,1.5672432401414536,0.26207523732118776,-0.4568340842884252,0.13416963255442754,-0.503460054241232,-2.004884510449862,0.09065302418584215,0.6548642840128968,-0.7970115983040351,0.48105880300457693,0.22203727948046897,-0.23516957750903877,-1.160532784141759,-0.05597121666232852,-0.6496201908773622,-1.3346750173190807,-0.8883627099645758,country
4.710861797549415,4.335971747597187,-1.7491126199278149,0.7979271392397979,-0.5340319740343225,-2.59858870116502,-2.6536853687575506,-0.38626284053907906,-0.7329990292236799,-2.002463294371938,2.3033097094719914,-3.655315403807591,-1.327427821924725,0.43961198428128795,-0.44606785075533567,1.3332142150975768,-2.2754166899054415,1.4991459100173017,-1.1828876044239298,-1.039717924587473,-0.06526462286113159,-1.857001352946653,0.43919112899027185,0.4665167165611026,-1.6654238775486583,1.3099270554884175,-0.5641454550584034,0.4420874740315257,-0.7785316709469532,-0.6850252339394378,0.26498151404777376,0.8239732458034958,1.03628447109222,-0.3957306660226273,0.30205928336091004,classical
-4.513807737017371,3.5670424337986337,0.187531434676184,-0.012014183575834081,0.11218881427542426,-0.3899502397632851,-0.6517649213238064,-0.1658527574639746,0.16968097134698293,-0.6351832946724761,-1.508403382568866,0.6827993701537778,1.2083090607095397,0.7916585792491468,0.2629627784477791,0.8325884131633983,0.6524269415482391,0.9518046150666963,0.1267588188901316,0.26687143604494007,-0.030278951739912106,-0.5354343465673814,-0.39290542882284524,-0.2162710364303559,-0.27018911775536986,-0.17576128640725472,0.04730245915777161,-0.8251446160836885,0.10614759198696415,-0.31484292584049,-0.436226026785808,0.012485875398283752,-0.19154085210542207,0.1177160349238282,-0.21394754469828306,disco
2.5730225812998975,-1.8526467631980552,2.187938942137094,-4.132109826867951,-1.2719742421438953,-0.43638437349467585,-3.0614639225636777,-1.2570485158308777,2.0840000289598604,-1.093817173478932,0.09520720894164363,0.8753441089590251,-0.01006825430241198,1.1769481086566134,0.5465137034342709,-0.10647514354443081,0.7988705576065079,0.41664239968553013,1.1079035264677566,-1.3650703761418521,0.13506641108704076,1.3323138026966554,0.6209703826618839,-0.18573753030067122,1.2794464048227947,-0.02368849095245263,-1.2044861428523856,0.1780820997707397,0.4507128671139365,0.8253744005173498,0.4709786489344876,0.8546217101871861,-0.19360817738979333,-0.7817893715103265,-0.07880376690207123,blues
1.9254432199629257,1.6872056072168464,-1.3942661919199395,-3.095833895184949,-0.5655990187328456,-0.4464973863814463,1.579144447067338,0.9396297365909166,0.5525869232737636,0.9281933637976614,0.25477911240038176,1.1899923339783245,1.072190479462612,0.5639130980800157,-0.29752034877768946,0.12673868236664676,-1.1224851265028148,0.8563088095433634,0.4865115971954187,-0.08149693809787656,0.9311607283291456,-0.27874342965148485,0.030179771719713862,1.1270476895004047,-0.1345512895688523,-0.6282359434360301,-0.093575152799247,-0.3696755198511783,-0.6830933167884462,0.08819767191502727,-0.7619358516403,0.2637735943509468,-0.14326643135291675,0.42026311941914,-0.5835914529536208,blues
4.1962321053792655,0.16155606637078285,-1.309079447369599,1.6125177718977215,0.3070465935310284,-1.1418146352846088,0.07468779935463779,0.740347963438662,1.3457771686440496,-0.22577900517982527,1.1770836687270418,-0.22929892623709486,0.7300259017128188,-0.5497567169747116,-0.704675206176696,-0.9508380405119589,-0.7593576127045542,1.4708472266294066,0.5504902447508228,-1.0621787791386157,-0.3903670870720495,0.9123237399794137,-0.008469561772944079,0.06424928347070172,-0.29173104578397074,-0.08292348285629118,-0.5951822101084282,-0.8909620361041476,0.16180524717545228,0.7716306392668433,0.10605845154953636,-1.4657716413527133,-0.9095578908109279,0.9823911366446499,-0.6173323518354948,jazz
4.4198862523995155,0.6484372555244958,-4.370604821361819,-3.585821112542883,-0.7567304836573493,0.7996145108628634,-1.3391616685265801,0.5929226156757873,-1.8428898020815567,0.20069549854183702,-3.6638229963509383,0.14852395483354142,-1.2272041615158993,-2.36398436305011,-0.22822556306205247,2.418224651639091,-1.250145384026584,0.378440695487607,0.9279803420218173,0.5913138177835566,-0.5976530840425953,-0.12142867141984152,0.9878660256057727,-0.9471522996441288,-1.3681157771656751,1.210424637314713,0.5731341796212422,-1.2596784117118747,0.007574996781090931,0.24471314655823054,-0.2914972565446892,-1.1392652196264381,-0.18662470078440482,-0.006057410276740475,0.03688384340350877,classical
-2.918467247489628,1.6340388900268625,2.2513769311758924,-0.10699776551349241,1.489507234516448,-0.05896263492025483,0.16868423824933812,0.9276113276752204,0.37787036589008544,0.2983198734559688,-0.8209576626270167,0.7226755137032909,-0.3291766560646136,-0.7489228577764009,0.005756287514907896,-0.36757962347901535,0.9152712991228545,-0.4427370759852812,-0.1445947371764323,0.3679027410057236,0.6692012253838904,-0.46523999627426105,0.21752742935808728,-0.07534201146042696,0.3270130832599623,0.4383722756715035,-0.6550646607728235,-0.3759825318770394,0.2918014314792647,-0.16008148738054112,-0.1087653124809883,0.8124447467551404,0.03825161263611716,-0.8774650792840709,-0.4210402385992617,hiphop
-1.5294776491817452,4.243401038902354,1.3952348466019868,1.5434069478425194,-1.2753527159902445,-0.015127611169417627,1.1686966788666784,-0.21816883355944003,-1.2768683288615277,1.030305689393184,0.892910773935929,0.04262612152089804,-0.10164473939637263,0.050078500895988,0.6623382650380669,0.027377379459776773,-0.6299035861555585,-0.7525962130872461,0.8532841047925785,-1.1207600261083248,-0.3396849002822713,-0.20260620466994358,-0.11431061821396318,-0.3055214225027941,-0.21349217970844733,0.33973505490081063,0.13797687768029265,0.47269833880468604,0.13694262922677725,-0.3242245913363606,-0.28929172359647093,0.5788236681567521,0.7891451657774071,0.28774381659513937,-0.5559406527595684,rock
6.371423961952876,0.4441933357463596,-0.20511610708032282,1.131215175237249,2.21406356615984,-2.307940507347398,0.17846106625853045,-1.508408184640856,1.5738831258916186,0.4735973243643495,-2.3858854859331218,-0.7163233765160063,0.9569924638372411,-0.3461835130970701,-1.0857714441230237,-2.005332767929203,-0.7556674505380997,-0.4966812971777988,-0.43099884868755295,-0.3484300393552064,0.6631730865096974,-0.8589650763367913,0.32398397593914113,-0.011411267765619284,1.2677190586533882,0.5201044479307846,0.9689230015231788,0.8146384875894318,0.6576680011346824,-0.17901422611697831,-0.9128336672282388,0.6438564503426405,0.5430878366801358,0.5793356910846856,-0.7707237761078283,classical
5.306427649315092,3.2479937347017085,-3.7961059153898558,-1.6042528460449843,-1.5971326784194722,1.9109921581258216,1.509529362837553,-0.8982108928908507,2.930644691816547,-1.0458416112135969,0.1470499945979737,0.511865113514563,-1.1365927311112862,0.7217189090244434,-1.456766969569244,-1.037697527868521,-0.7911944413931989,-0.31168629121162766,1.2689602001614986,-0.9593801613021162,0.21755348836155605,-0.2995380997096839,0.25688228476389396,0.42033181936858266,-0.4672573901319867,0.8504297424591337,-0.00548224394841189,-1.244621957252111,-0.0217286260573754,0.07517319239899212,0.29623457723507773,-0.3939210898104915,-0.09851911489833166,-0.27902395410132425,0.39923416283813473,jazz
4.95275518473435,4.548757062192713,-1.2710940227368948,0.2523610276727836,1.7598647352123797,3.7372880894740668,-3.479406148057821,-0.9733686604697077,0.9672419207048079,0.37513079300141944,1.7629201986092389,-3.0367696454669035,0.1610968524756987,0.35221832830267774,1.9267665319779006,-1.0550599603555315,2.39306978991598,-0.6921333415996832,0.38000105628469766,-0.4677522347051343,0.7738669862997477,-0.3090593501644206,-0.655933137247558,0.2877625257622939,-0.643016653484534,0.22053188081967495,0.02553358931033937,-0.0004074170273894509,0.5399833759842299,-1.6492441343752833,0.4258665512589457,0.42271991928749464,0.14820064380164719,-1.156808153836448,0.5811093294493183,jazz
1.3898108664603148,-1.1385432860824383,0.5436470660880742,-3.231392322810234,-2.1341670378194335,-0.8578977263692376,-0.48573588604322704,0.9491907314765684,2.340545251664262,-0.31106620149372316,-0.09045258423190398,-1.286862250986601,0.2615568641851019,0.8897563458653923,-0.46785804883830573,0.41425877038027775,-0.36007640284492387,-1.0182548230899096,-0.43928661484696807,-0.08916258997857103,-0.07810732062987477,0.38389252313501127,-0.20386603547942272,-0.6889918817037745,-0.44378663449279576,-1.5106365375380661,-0.07758960613426782,0.9546329263725131,-0.48483492187089827,-0.9400488944838017,-0.9440301172070188,-0.2751067804914855,0.5366358960610049,0.19720076160725902,0.4867696690013113,blues
-3.158730179975932,-2.6497364092678874,-0.48823623644464914,-3.365184728441274,-1.1635022821565588,-1.399874118778678,-1.3482468895701083,-0.8074298764518891,0.5878592157442291,-0.7098566546338032,0.6718861287059288,-0.7848209805553547,0.6730036746028664,0.05049769364030971,1.2568609990625443,0.5154217250251041,-0.20356963389303123,-0.8346325824447786,0.7965048767665445,-0.16960779275762447,0.4996098620561236,1.3780259024545143,0.4393364719081494,0.7254987732207366,0.30652720286433477,-0.11399285040196265,0.4504618549225707,-0.19049794881829188,0.7475089420092141,-0.4299796998788856,-0.014041799592060715,0.5078054921539298,-0.4069235223313915,-0.5224264489860703,0.12277606845763495,hiphop
4.92944060215505,2.308357230061479,-3.8715042224119705,-2.510018478049986,-1.9842714195123987,-1.3595178700696258,0.7151595827626598,-2.114035419218696,-0.5157284419358633,1.4016779893792337,0.40501146506558233,0.6317635089364294,-1.2211472806381958,0.424054652896579,0.20118209637550405,0.8050792214414866,-0.8256610586102944,-0.4274265515074946,0.3823626148019214,-0.12772412417516307,0.13378664306388133,-0.5100511557219382,0.4776901535185125,0.029465007990677614,-0.4385875851212166,-0.5870404749986373,0.41996818847741957,-0.4307965133517699,-0.04378181299312292,-0.6502349877615992,0.07834414619308283,0.29713806444781976,-0.22876831855521498,-1.0420574763446488,0.5806574947069625,jazz
0.3114465521270192,-4.633326585038433,5.131465892230123,-3.0321417560013715,2.1751592459607934,0.9092226667331723,0.13090542106050698,-0.6429647640333976,0.39407568179445407,-0.6174640363990931,0.26695054817554964,0.5516313009696298,0.3322479865663957,-0.07132557388028644,0.6275142178820328,0.8327628521296854,-1.2181940954981973,-0.42030523454952384,0.10490640033179612,-0.41165909538994555,-1.868263364171712,-0.5368795587113308,-1.7575675212435065,-0.802323272958815,0.4872407177185692,1.9229372254558503,-0.7402507270973222,-0.5406927867997182,-0.5283059707395237,-0.18364894936615678,-0.08418599663725064,-0.06165441138862138,-0.14122088034286143,1.547316844139732,-1.1231244110043896,reggae
0.9867768400597711,2.868026536187628,1.6825351904884327,1.8696644390400528,-2.3284233474078757,-0.4915950157393296,-1.5418945684173186,-0.5685298215223046,0.44724836414092817,0.20372437538674665,0.6988656683791064,-1.1240294755094604,-0.8672547454004683,-0.5216017482856865,0.5978139787203444,1.0108925261791397,0.19210077222898003,-1.0887771726612803,-0.37842715308809116,0.35862873960974917,-0.736482679843876,-0.11303023880819284,-0.6128341563929377,-0.08182645077324148,0.18172966928267595,-1.0760039096155574,-0.6981742586943219,0.6273922901984756,0.8310126827571446,-0.7522176389869,-0.04769026864487762,-0.15210429966068795,-1.1528810924929884,-0.2049054138691111,0.6191921236780006,blues
3.7588077427438624,-1.636400906061465,-0.5608218794848344,0.002040669955912458,-2.726991587401102,-1.5670422106211646,0.5252168652266145,-0.44140509193841254,0.6482307135403504,-0.6346582510955043,1.2707984183711103,1.488679468418393,0.13433397884248938,-2.3012527390045054,0.4513313294817319,0.471880129836115,0.8020024960244955,0.8102324306095853,-0.03421320870035228,0.5701012227623237,-0.5320669776659966,-0.09579354695974353,0.35216977586328224,-0.5335563340192524,-0.981892859717621,0.366711347854405,0.3582586267257072,0.03583258768199983,-0.10374982147757432,0.4507491672211628,-0.05431681888140317,0.10461572730966208,-0.24121241545645938,-0.167149213284257,-0.07386604400058565,country
4.495583885623359,-0.20104395975634023,0.751523956153027,-1.572636615628546,1.7437457683332949,1.601763679630689,2.360126720629646,-0.3487823578441327,-0.7894070764137824,-4.431333787049916,1.4471366712851161,0.0847737167715019,-0.7488907702080517,0.6692639285979537,0.38903806529456697,-0.6159421825961602,-0.8990503222763161,-0.3184122294386218,-1.4028059270864104,-0.11289779261267445,-1.139291477713729,-0.8505396309572177,2.363467148349094,0.6154435227314317,-0.6174281879867336,-0.7819029741040024,0.37401378667458657,0.18885246218950785,0.31032366559150654,0.6005413638024575,-0.5164161949730042,0.5639403574332451,-0.47023109441689687,0.2510390122883161,-0.10497046781733398,blues
5.456182301871295,-0.8974401163318624,0.7851738797796054,-1.3520236902787108,0.6113076100920991,1.2739057187230598,1.2119764772539032,-2.2690136265263905,-0.21515337259659134,-0.9228953052283839,3.2724294672879464,0.8990579132957564,-0.708567652848032,0.8567357504988354,-1.0977574759051123,1.332324543173774,-0.6571532969587209,0.20823205138289194,-0.27730344499716186,-0.2924759189605693,0.5296014788481116,0.7798774143401821,0.08578439009720619,1.729343210232088,-0.01283186235368254,-0.18486303424600348,1.0814991039822164,-0.06226837758528343,-0.6161997424425232,1.8199142736721265,-0.09617808421404513,-0.03214227070125791,0.9142162888621861,0.15433151381031718,0.17312062764940703,blues
0.6545327568449115,1.5823053504255107,1.4378795118510814,0.18060906663304696,-0.3887361215867729,-0.0703985527220942,1.5215507078813844,0.6684732402620646,0.745369109511472,-0.46906559659958824,-1.0499924979116864,0.22261859190435176,-0.5405607788871765,0.14301509598353343,-0.5870612715033724,-0.4480388487655775,-0.2474807750591827,-0.8384196321809283,0.6128379833957104,1.0156231713527104,0.13774209883494198,0.31335939273773034,0.5853605293569392,-0.8352088152482232,-1.0995624865233933,0.864656702892388,-0.04877868110255219,1.0405660292044572,-0.521092834240835,0.49873336077800756,-0.30580652941978115,-0.13312867941321627,-0.1612537804922322,-0.05890849172290601,0.435764198404114,rock
-0.8370337960785772,-2.7511304927407956,-3.684473913590254,1.9966751094094057,-1.4474638441514063,-0.46445766597507454,0.09481909103574747,2.754775654053467,1.5071054832888626,0.6373152313897616,0.9540550437662888,0.47599294006893345,-0.864526116786106,0.40310701489584577,-0.9113694688058713,-0.8500183318575242,-1.677257334497385,-0.13300600757325926,0.15527111714013528,-1.0534145663767545,-0.5176516388176442,0.37749973842117307,-0.5030177526585601,-0.6287536707225612,-0.2938864335392277,-0.3221639302797248,0.059288148838066636,-0.6258290511133471,-0.08920893229175382,-0.12023140476782616,-0.9310996367556268,-0.6816098454243537,-0.8709818210798859,-0.0631279294895613,0.5098849514598552,pop
-0.6677861212464239,1.540985958862366,3.0877900695813887,1.0501344498614547,1.0772224762686644,0.5136093081970448,-0.7780183709609392,0.10465611240569239,-0.03589379457916313,-0.19126233960353808,-0.5934598058110625,-1.1441117246714587,-0.3535338707499243,-1.222102980507466,1.4394393211066547,-0.27485016455249095,1.3710711872136216,-0.22166527215817414,-0.027311433142150197,0.17009447577631545,-0.77841464778969,-1.0417460424264873,-0.5708238013665624,-0.049583660560267445,-0.4392439968453575,-0.19809834160970738,-0.16245246228780688,-1.1049098555672092,0.1054938603442762,0.12645086016314214,-0.49601121473707804,-0.010962815377839505,-0.2830294735545461,1.2866258496994678,0.7103149531996936,blues
-1.9444544139426505,-3.321871520884068,-0.06508772479086031,-1.7050477190017113,-0.8687254389890494,1.2263114725300601,0.7857180990021975,0.3947511444876836,1.1768576214544806,0.3696611909202659,1.2930140732522706,0.8076025699298387,0.3455918216653122,-1.24794721054593,-0.7486865650081648,0.007063898914817467,0.6636511181193262,-0.613990483083108,0.6071867535322353,0.8098937042038103,-0.5416270042023708,-0.5660542807633587,0.029197093995313454,0.19073246207052258,0.47121130208698436,-0.6297757393312907,-0.13970157275018313,-0.3771685680889997,0.36651865404121475,0.23291748109986082,0.7431524938896276,0.33076251441893056,0.02433294766244203,0.2870654823326458,0.013153403253456368,hiphop
-1.1117730758719593,-3.3405275323921293,1.0290003434094526,-1.8509265686689418,1.600582609189376,-1.047057040098711,0.026624571582764156,-2.8001712420700273,-0.49717700286588057,-1.1446631750235148,0.6026222832803335,-0.12488079738595136,1.0849581720961425,1.3471722453198165,0.6819418593208865,-0.8795655588382557,0.3286771072659449,-0.4285757502038849,0.09356260873491552,0.16526424690552016,-0.15573651577720385,0.48301675388503107,0.2936606318452343,0.21445180652308418,0.09398275081086262,1.1829313055865354,-0.22119980340946974,0.7466298292173066,0.5418018811814147,-1.326244556951994,-0.40144283739344605,0.3420895424461405,-0.11288154329507881,-0.1981227485268884,0.5339128308829462,reggae
5.0099327882451,0.6806275605332986,-2.6572219257079404,-0.3106743822868615,0.013964969871674096,-0.8430538496197945,0.24547964340919848,-0.9302915964535712,-1.2199890598463121,0.2276758333788333,-1.366065251901473,-1.3307640497394309,0.6254827623258391,-0.17897062537535732,1.564737121837418,-0.8310337621401763,1.6162589074455416,-0.07400801766502677,0.6570482517068854,-1.137338499205681,0.12037067188876992,0.8092940241406297,0.37679670585068836,1.4598801439789781,0.21679968483464912,-0.26950846176442683,-0.05859233611255126,-0.1860644425458648,0.5832788170472827,-0.550929444173065,-0.5454407912964557,-0.15013191893910932,-0.050716009700284115,-0.034154532919320094,0.4445175763920199,classical
0.6561627190474226,-1.0353977896598883,-2.1362437415153117,0.04730284830286334,0.4205704770879839,1.5875571605796217,-0.4954211005477971,-0.308168088895366,0.15773267491830947,-0.20172668730322957,0.6227979069470106,0.6322817577326934,0.4085719145986829,0.24975214787869127,-1.1525488238050632,-0.46848012304031017,-0.7327194269872164,-0.5574473269146648,0.9259041679176764,-1.13753880124355,-0.12385399005030112,0.03613899784404449,0.021526894035164987,-0.1204768482706071,0.6411976799155633,0.4084465794795851,1.271327191571749,0.5695311132754742,0.06318403314465798,-0.4291868719491873,-0.478455357475908,0.4098144530996523,-0.2531999674492834,0.0018065594198886266,-0.38384899952337725,country
-5.084164876894945,4.979694459749314,0.3308651309045618,-0.006015631279172737,-0.2712764114323948,0.8642344309681534,-0.7709806502643719,-1.8491883970704561,-0.0013462694309252614,0.6540537689553119,0.0035216138810694126,-0.9759936428095356,-0.06369657817255749,-0.11070010747585507,-0.7019024305073437,0.23795771279966693,-0.451043139739876,-0.24533631853673865,0.5524733957351187,0.4847089481273346,-0.014242530641754288,0.3898090651819158,-0.654496647130225,-0.1756231206420829,-0.059524922403153414,-0.20217980402246546,-0.47544669878367896,0.07456482190290284,-1.0362536049457285,0.06028054996656231,-0.16012838730237042,0.0983744058153615,0.16882589978989693,0.2305975248651663,-0.19279917455500328,metal
-2.8452685936123867,0.3253519125691801,2.265503578404143,-1.5367785937867722,1.9785060573078666,0.10292957496731177,0.40391891711904604,0.8059181899359905,-2.072170793168049,0.6844340963957307,-0.4931666831072269,0.5584441677860124,0.9978261039221379,1.1612242518102374,0.12180770540186216,-0.2167726066203796,-0.02694028281122787,-0.37715739908086837,-0.23942273640875394,0.19443972931071846,0.1225670846249146,0.765473251719401,-0.3157142068226726,-0.537254046144691,-0.22914489310430997,0.14996601513693253,0.2789101295504765,-0.866035853821153,-0.5760656874321353,0.3875127894358192,0.12676988654804988,0.40260408206583065,0.19445998813768997,0.08571925377773694,-0.10946119501996347,reggae
3.1109992353174785,-2.850402349245089,2.685435991683892,-1.1936458274803547,-0.654012522242541,2.507552460198095,0.4483737229408508,0.15929094865171312,2.15738990416285,-0.13343102052917413,0.7416947920181667,0.2146869018708978,1.7391488802874517,-0.12008336928460545,-0.7123303366291605,-0.3606777573711927,-1.4296039102197216,-0.13917325967237673,0.7498923455617781,0.1309431079756354,0.1322572684008935,-0.4468003705473306,0.445695033726226,0.13838789152670786,-0.4725140813842357,-0.04915887028396353,-0.09493836956070853,-0.6203067624456196,-0.39756083968894884,-0.8100346013455738,-0.5073700630395407,-0.3975969966449576,-0.2762008844421199,0.997548667632058,-0.3036012554932522,blues
-2.1382377506783006,-5.885159537785289,1.2180026676447695,-0.8256193223147191,0.42219357566616167,-0.5476831189789885,0.21242619456240674,-0.38828169411137625,-0.9362419544741911,-0.261752306812308,-0.47925623451756894,-1.3216620125769396,-0.8255396600131858,1.0527474439056832,0.09234469971690333,0.38230118084579673,-0.41127146814345106,1.4618002192645598,-0.0645519997169441,0.5777496646314637,1.1789506003255594,-1.2339347187974763,-0.9681001163817323,0.6190484517483589,0.7971326001644302,-0.05173151625565006,-0.5014991862386384,0.1565675037666004,-0.12906795125162834,-0.023946709552055245,1.3643366705437074,-0.6098018309899107,-0.33830164348857256,0.25670557910845976,0.25794348742198536,reggae
2.707594081744609,2.1973106205134028,2.7604327561754767,3.608352354328982,0.6012277761055775,2.326567627205884,-2.32981990210842,0.5454127975782631,-0.8307304453090641,0.7170203797072182,-0.5111287324589914,1.2967958062047096,-0.7447800482869599,0.06126393753856355,0.2362055754768727,-0.11352669386000584,0.3661493337620125,1.0596730392129676,0.3725644220827899,0.2751659088277154,-1.2924080349726572,0.22613920666003884,0.5070053426977212,1.430603985350917,-1.6300842804191378,-0.8718639815417175,-0.20709475311541634,0.3689701434968678,0.34521303494819344,1.1745438050188397,0.23110353721023005,-1.3345702624017943,-0.4830768491566019,-0.551285334361698,-0.24685929555975542,rock
3.736217119960083,-0.5371054547481314,1.5087653776617482,-0.1711592546327212,0.296411309488998,-0.8139506358373654,1.7775949725866225,-0.4957498102069446,-0.006313301999636276,-1.8778962582116652,0.40505249229920387,1.9047489312916546,-1.9525777963838444,-0.6920977256187933,0.3728393359896142,0.5548659947224927,-0.37976726066700706,-0.46011836717054005,-1.0239094965037192,0.29113341130244863,-1.1071507931589004,-0.6671318097619023,-1.6712357735735996,0.17053470076073046,0.05588416939532216,1.0184087157514914,0.8214434826990311,-0.0502672725246722,-0.43566732354190896,-0.078637421440818,0.3419219664402441,-1.2499229438997235,-0.7151049074631993,0.33554835900012137,-0.1038442180999751,blues
-1.4148723949995934,3.8507949422486445,0.017822914819218112,-0.40300084880759623,-1.1796810135430622,-0.6735919589359596,0.23600788281684615,-0.7503524040601214,1.216071645978987,1.3534850402332983,1.0778668354583854,-0.6227744104942405,-0.9279079965437979,0.1385495778415374,0.5020887637970941,-1.1377786490365271,-1.0593205996120771,-0.3140929804643474,-1.3277372582578473,0.2959332537074745,0.6896814058299574,-0.01708155676119025,0.6668298303706663,-0.1432583997207467,0.3335900557369492,-0.9777374994460455,0.16651998775921956,0.03574861850256911,-0.0433997870399787,-0.21595567799275683,-0.1948033492170239,-0.8282274953408318,0.339778869568961,0.41588538822329696,0.2890543509915747,blues
-2.573204170574278,3.6704933070455357,1.7201688714284875,1.9948486139691255,0.25766891194379465,0.47649757955789335,-0.9991588964875721,0.08992285034114791,-0.4479613316621473,-0.10309525124316296,-0.9272785189019287,0.255269836893952,-0.23383347024415288,0.06481007563846214,-0.14947828550474004,-0.4417038951276769,0.7837418323869205,0.06605772933234577,-0.7283790293240117,0.14232209557431091,-0.6014136294364394,1.1873576562832346,-0.4704723485423294,0.5915108836793311,-0.711695003505256,0.5145883391289597,0.10330755541087377,1.1083957475287696,-0.5268662145206007,-0.18861983493999684,-0.0549058600267198,0.2254859618856234,0.049575580384675216,-0.09436221551662763,-0.4358477818217492,rock
-1.7240464580088675,3.181780000371323,1.134761902640425,-0.390375071049106,-0.7503687523589024,1.2802329472041105,-1.214465000909423,-1.102123290774937,-0.04023883083685176,1.5031755701965657,-0.5833471996869505,-0.7673944963656807,-0.9268752902840112,-0.9139736799346266,-0.23039082036492364,-0.7660811723324175,-0.004755503572459668,0.39214431866101956,0.22095320555611891,0.21647488722468725,-0.6602597907288233,-0.9787451184859712,-0.9790596769786483,0.4634786034824279,0.08864892734333513,-0.5911554275341968,-0.364933053683609,0.03236210367185366,0.4515156333169683,0.45781087897666245,-0.04014695885647005,0.7305957662386098,-0.5678692609725557,0.6058800036369442,-0.17595814412237498,country
0.6550843371530543,0.5789360599001719,2.4740264745097216,0.2228758685502536,-0.6453730002983047,-1.2891725013135715,0.5622297171146499,-0.30273732157000344,1.3381082957400265,0.8242904404182693,0.6142220602239254,-0.9407426045606474,0.5247936895240105,1.3240851159532356,0.046360404502372145,0.8965081576366974,-0.1761446050356712,-0.1295134191768409,-0.12368118555994302,-1.3915676818532565,-0.2139298853481273,-0.3207849344562575,1.1334488879012594,-0.44014831905197344,0.4559662810106174,-0.16639070852101095,-0.8109128699889224,0.867290987905454,-0.4115849328160399,0.10444257661935355,0.8905863777774395,-0.44650389736149915,0.5708644383862882,-1.2459707466988892,0.30328217105537236,blues
-3.2252601221276542,-1.9365468408081172,-2.1999390810514012,0.5521167205115273,-0.7065380795959402,-0.8666127184718894,1.4973324838229631,-0.07641757832831732,-2.0419621833402073,-1.1117703269871493,0.01813211760298246,-1.261521719460362,1.2888640621338758,-0.307367666854378,0.5977512405424404,-1.0197444654393821,1.4202462273499679,0.30462022115283405,-0.25958140092018256,0.7614860531977838,-0.8596964248977622,0.4577982446740475,0.14990143273054374,1.2977612026589864,0.6029254105593048,0.20749647188267573,-0.042775454216029705,0.1705099216188736,0.46223197038897545,0.7499116099344377,-0.9010103012993476,0.20706255653075012,0.3663157570683552,0.04662537641037923,-0.9861248081368396,disco
-2.3982213648154094,4.63456024649032,0.5779664334651058,0.5398579357109327,-0.043040444478948496,1.6337664825987321,0.10742155972999058,-1.7452724063608398,0.4667218952028293,1.50532349720112,0.37691422772450367,-0.4789439912514562,-0.1988771975653709,0.0228089275707695,0.2515053585548712,-0.4060801249070437,-0.11297330749354742,-0.5306291548175684,0.2229963045967557,-0.5696322245228622,0.21692755209519532,-1.0975775847092608,-0.4745549043060731,-0.12447799842464345,0.019375239007118947,-0.0454471364865341,-0.39659178221001407,0.07718095459010783,1.0802555565128957,0.04633324750876838,-0.3092872990376564,0.08603323144990228,-0.24513363692841877,-0.10791455492187066,-0.13967832387740525,rock
-0.6282501379134832,0.11768255980502355,4.091428558513646,0.948699290995863,-1.8902661422864404,0.5983643727398825,0.5566178992010006,1.1865487451424919,1.5444328622509174,0.356909606233303,0.025089746616525757,1.0968703519263088,-0.9325574639541561,0.5460041140110119,-0.1988064714096473,0.5107656766996863,1.4288935549104747,0.4707119990185286,-0.09418854448506568,0.4038709164359204,0.04172049826649179,-0.16511266594686932,0.2531116385369299,-0.5436252177340785,0.018887937578983393,0.7306781147557916,0.13515478005600975,0.1384536143184973,-0.47457226051395823,-1.2994467507035583,-0.11536221996243873,0.3510615860580894,-0.07420403905432468,0.3335892617124274,0.3358378997177794,country
2.259010804425566,-0.05586356790728262,0.5532192916005252,-3.158299683223798,-0.3752130880705736,1.1117495641663402,1.085625237024859,-0.6579109025154856,-0.3433791402210247,1.2816592227157657,0.9485834515945356,-0.5970248144036022,1.8168306532317742,0.4827672850529075,0.5082496057866208,0.14699912057938272,-0.2692736946420416,-0.7313769910369915,0.7994352660379795,0.39128314290943084,-0.016521262503849197,-1.1922747480750746,-0.5342294735725983,-0.3835886861847553,-0.8767039483392565,0.8218806068684875,0.4251968674355552,0.1300714852413685,-0.014066407888866133,-0.16442319040408107,0.15913757142456675,-1.1276229704434275,-0.19875455958412713,-0.4940024766177085,-0.4294923140440132,country
0.6772131561866983,-2.5594028901460537,-1.9476286069367708,0.17548252566453865,-0.3785549884839186,-1.4224307794168416,-0.8808525834221544,-0.19041734282041456,0.10918032332105258,-0.5157446343016785,0.6400163486604837,0.02027790107850517,-0.2871196016995286,1.0984210999877972,1.1946643016115381,0.17867125626094066,0.7159783291417575,-0.13150590595887615,-1.5460235748042954,1.7067241300337195,-0.6170092763965604,0.2883359941562164,0.6881324335093436,-0.591312769342817,-0.8684483282188671,-0.372448909480411,0.6874782658813406,1.5396504568549887,-0.2708785072138838,-0.5743919406607074,0.40373987097340336,0.31171868435488803,-0.9747331321151921,-0.1951060974164523,1.1868229606457623,disco
-3.02924134779157,-5.623773584271233,0.4018285449863096,-1.1633942743900059,0.03800761471367803,-0.3794891235583521,0.8577012014561156,-1.7226584065388224,0.5139201344163367,-0.28400009605302556,0.16506827997504653,0.4617634655273929,0.1745477014009924,1.7231210491758049,0.37159582519118234,-0.3022275278189942,0.36072864772378743,-0.4113608711284303,0.21983691942601996,-1.1510694411028546,-0.9065584340174673,0.2744977623303835,-0.5812353658899589,-0.1012360008289939,0.719883055359854,0.07669599476711451,-0.4283257461268039,-1.0988096076319176,0.34785731539778414,-0.003986414883702816,0.004629694220041002,0.09020117655522975,-0.2973930670746847,0.9912116999448356,-0.2629501371158129,pop
-3.063174480938174,-4.101968899262973,-0.49176518017063925,1.1123966182074452,-1.1693604416583427,1.0951476652444432,2.5394466672246345,0.28196224386175606,-0.9133869153572746,-0.39477757658378815,-0.3886103500214864,-0.7928740713551342,-0.6328546675115783,-0.198835932980882,0.6512503141302385,0.46210647821040257,0.8207416194795925,-0.8439051008043497,-0.6189390941774375,0.6366330242884397,0.7222368519415889,-0.027915343899734837,-0.0463937521103235,-0.08526631224363139,-0.21912533483429023,0.3624906095774474,-0.17139193196220845,-1.0442464964517661,-0.8638223198835185,0.23326154629954393,0.41314989348758174,-0.20774130372326347,0.15794696851014972,-0.6257586382429209,-0.32861010378882566,disco
0.6042357933620901,0.4728961183495726,1.6855072615311626,-1.7591020558343085,-0.5282801226426646,0.49142929279806635,1.4313766853800298,0.5904524761146229,1.4858580284670335,0.22068837211726536,0.5297134709084123,0.2727138331055116,-0.12760535477505192,1.2022187927172745,1.2226704154906334,-0.7037644671755855,0.03228830415024334,0.1448979339846581,0.013396452050657847,-0.2318349322162639,-0.48800477328490555,1.3683697464651075,1.257784374694489,-0.5791575555645945,-0.18309024270326077,-1.0741746174937934,0.7112681654957099,-0.2743593312567762,-0.40686856389715326,-0.11559122157123175,-0.7875109317638289,-0.1380923370640483,-0.6094232952991419,1.0252876080185085,0.100722637078699,country
3.6360863490937754,-3.7454769063939053,-0.08407860857417246,-0.1288981192820788,-1.5040338723546203,2.06080626675158,0.7906364828621086,0.48755234225605726,0.6493056634902075,0.28762329069357084,0.5724856702410638,0.9665452295590695,1.5165517775420665,-0.07262564560612277,-1.7786690206509737,2.9101987329690804,-0.005496589258069736,0.08162622148201809,-0.9017920109460474,2.6204087611479796,-0.5701089590457488,-0.6499552842333581,-0.4519009973317524,0.40647778853590044,-0.9142668442152307,0.376859888608628,-2.074912334584892,-0.712354818681978,-1.3143620502254745,0.9722420327498889,-0.6003354959440369,-0.1386393684745295,0.43467052788094773,-0.3141685623026785,0.6011664541119008,pop
-0.7522637433354288,-2.7839210626823414,-3.111468293803823,-1.4158574733254599,-0.24967105562754283,0.29095423336759574,-0.14706941214380642,-0.2045369138960179,-1.1379409763675867,0.9260332407753906,0.9081574264624305,1.435248519973067,0.5797426454823736,1.2930132956516964,0.025873019159615568,0.04241371301492694,-0.44269324894477025,0.3440715762330762,-0.2738027865362629,0.6353393620869474,-0.053977126207330146,-0.4765568029332997,-0.8849900649962898,0.08362847066943264,-0.44530572620488085,-0.5362040404767745,-0.16558744245976456,0.37942781819349813,0.49652506170357974,0.42673874378294896,-0.40964923319529534,-0.5424103870645752,-0.11036348633255467,0.25088475444276265,-0.33919461641145204,pop
-3.9714920742199062,3.0253945935478064,0.7212849553215992,0.561659665409427,0.033898093848315894,-1.1197180037383205,0.23856491093501614,-0.07654583796881903,-0.5542314013832802,-0.6412933890253477,-1.4013760631991825,1.0826650188509426,0.5887726772628372,0.6475049660828791,-0.16444058846395185,0.48703947945000364,0.5695701240696095,0.2953696050044123,0.6076081907645895,-0.0844396315089455,0.029652132022622547,-0.47902864461755335,-0.02931391225086116,0.13316510092043243,-0.422423163515679,0.25795818550566285,-0.018626662532209057,-0.6451409977678625,0.2308809898831328,-0.37619080728461735,-0.33911967201217197,-0.0868610232961157,0.223125404835913,0.30858236117011145,-0.4697890730606473,disco
2.1411709338900216,-6.022522440283427,0.9622908329880914,0.751844319467365,0.5990418010387335,0.205325610933432,-0.07162473817699425,-0.5179639770751928,1.2146319684943545,0.524578380857216,0.12419325930844427,-0.9242027560901295,0.2837951907251807,1.754793053912989,0.2047788519194647,0.1428922162683577,-0.6426882145929125,-0.16507712999052493,0.2336446663161146,0.422661736582883,1.6914437929474553,1.6042865241099515,-0.4703047364036797,0.2833267124531722,-0.7910207723584182,0.5854260268021112,-1.9126806464818618,-0.4984412005910183,-0.10197023578843206,-1.0808619719133101,-0.1537699392102264,1.1371506165843104,-0.33040761989000395,0.4182645378736996,-0.772474592680977,reggae
3.998039711107743,0.15715800783978323,-4.942463752355001,0.41568404637833267,0.5394180997206532,1.4865744565564258,-0.31824644659478807,-0.12846352172698575,-2.5538940875860874,0.9774089639560966,-0.471397746441607,1.1432539750095345,-1.7297961465462233,-0.8214925823756235,0.37518544343716737,0.23770062825858984,-0.29889378280902873,0.7346466627557642,0.9382509094616537,-0.003601631686209946,-0.3458218611917507,-0.9595562893322456,0.21114184750017786,0.2688709403432031,1.0636464966454955,-1.5215638270297827,-0.6793702670535731,0.8057494119595604,0.4042757998015233,-0.20553670139756305,-0.3710848947225165,0.826966205288003,0.8424103853041418,0.4854114606736608,0.1959471900890302,jazz
4.785406925110587,0.6061393654512592,-5.006318075433649,0.47240614848127416,-4.4151449821408635,-0.36036774576868913,-1.1916580575082958,2.1865051602257752,2.819344454878085,-0.9480966789045618,0.37169018617995186,1.1537144875156435,-1.0391342795917484,1.6903646545676432,0.3809905716856115,-0.9612708421423193,0.34254002345964407,1.325034479488334,-1.4663220122435232,-0.600967361989144,-1.685025322663643,0.573476198279218,-0.47377226338308026,0.3519940098842193,-0.18871290937030788,0.7705272765713741,0.07603785292316398,0.2501257645603463,-1.14224727046773,-0.5432173273364876,-0.10908820522331172,0.03805614037775935,0.8700279395696771,-0.6613530320705484,-0.7464016877066201,rock
-0.3267700759596454,3.4783387618980273,1.5742186613728972,1.4946729241659849,-1.2476072450919176,0.07099217268748552,-0.6990830275660538,1.6507855889413678,0.26767981874776686,1.1132042284912496,-0.23869172818623902,-1.2722093109694437,0.9717388917137861,0.46551517858959074,1.726410077700395,1.2896277877586526,-0.15057364548092464,-1.0751632610683834,-0.6733044009268435,-1.3886980433173064,-0.045014166274177286,0.5072652535340416,0.5099533069450194,0.37985924058441833,0.849463521572717,0.7342730703351446,0.25405656714706554,-0.1524676535929785,0.5323253244377814,0.8700993052010103,0.11297639191384513,-0.2828780662520121,0.2860463081100908,-1.1172913114228966,-0.23985087387366158,country
-2.993365079567005,-2.939457026208081,-3.310129091639348,0.8987579397528596,0.8622971196355457,-0.9676370985708899,0.19232297769275788,1.9501506397139827,0.5454849563317656,-0.5216403476344899,-0.21151443429031358,0.2606864167836284,-0.08956733678792528,-0.2931300683953699,0.367544034502885,0.059779474007764365,-0.03923613398896048,-0.38114710921235734,-0.4223453844613221,0.0994409439115568,-0.2719825472537359,0.65279789713202,-0.6105588957167172,0.2535803024642406,0.1559058029349292,0.06308456818058125,0.4936929992974218,0.1722936934507487,-0.42608335339911224,-0.12792815725353704,0.3153224113245637,-0.34603804179232717,-0.13595789166162073,0.29620552425147645,0.14508404113678192,pop
4.700204163299177,1.9498478897880502,1.2413789294389166,2.808247789653946,-0.02963040898601962,-1.5727976310287137,-0.25210363456983254,-2.7546663098376314,0.5567394781919028,0.18273583100831414,0.3229314891844141,-1.5273008085150048,1.8949600021165933,0.29565261562686657,-1.6260885901169133,-1.2941079664962043,-1.6206101624955798,-0.14369963408797642,-0.3093721537075476,-0.6943657888840212,1.1301372545888542,-1.8215607199248633,0.4606301886020828,0.4232051778746559,-0.04477933770108295,2.083664132707056,0.1976952028500231,0.049419398990920335,0.3428648296082904,0.20579488953760222,-0.012608333306737707,0.0771950275160662,0.5487045795036487,-0.34920098668757144,-0.544731438958218,classical
-2.6594659313980795,-4.645317611926179,-1.9619826907822475,2.291035621766867,1.3391002630618147,-0.103174546067277,-0.735238630951195,0.32490465732099333,-0.36680361967872843,0.933661778059648,-0.8026298244644319,-0.47495966751197977,0.14114324658425276,-0.7851835594355938,-0.10325541034978608,-1.2426490122546343,-0.5583126825600103,-0.8460374021951425,0.23343431462908454,1.023483988317795,0.22784565992423433,-1.0940132297120095,0.3430985345382397,0.40845634033890854,0.46745033059921,-0.16893725949943939,-0.28394089490360447,0.10952482527131341,-0.70517598004278,-0.16456258381332267,-0.9052882763777628,-0.10497627886711533,-0.3006043323918875,-0.8930163913541137,-0.3361489275631052,hiphop
-3.531835716242319,3.0419061047164906,1.7029388373733918,1.2143216966889194,-0.6196168544939885,-0.5900308143309909,0.3030449990962874,1.2863070285413802,-1.3874603172628057,-1.6290689279984742,-0.5655467007727777,-0.4059853416980563,-0.31632366429349107,0.3024876234174941,0.34774540590607744,0.5620599469234575,-0.08277875475033412,-0.40216311646050845,-0.920705850054068,-0.4387870098552202,0.5063681888572916,-0.4760641193201124,0.5449075235599046,-0.6910274391731412,-0.4059463821679763,0.8869411521863441,-0.2774174934550136,-0.3070246808442629,-0.569831577416783,0.3769320879073926,0.9374432739608677,0.2124876810003181,-0.36927534324853295,0.42244273972967217,0.14784810106225754,disco
-0.0032335319926963756,-3.3168508749515575,-0.5138856769644694,0.455079816786632,-2.900515406096681,-0.055124645315738505,0.6939484834635204,-1.2572539401473068,0.3625060059322214,-0.6867936878853479,-1.8703918074030088,1.7189475713064357,-1.5940714778834624,1.4630610926858023,-0.17050896840486804,0.17213644295207106,1.126099879403811,0.43987581493721306,-0.4741520370215677,0.1182233382507874,-0.26956344481901373,-0.5576014178725744,-0.03828023910900404,-0.25196153747506117,0.016642826274878383,-0.21737535546674222,-0.11523311296816774,-0.310757072509057,0.5630700687184003,-0.9502220191036358,0.0034700620035698505,-0.3533038496710733,0.7747446437845118,-0.2320948013132361,0.28364611426199865,rock
-0.16910817202351147,-0.526115468534332,-3.625285454724705,1.6001518629117557,-1.7192889478897684,0.7056626324902882,0.08488382480093797,-0.336041566506137,1.7719611239992241,-0.03384252265084793,1.2955937605915993,0.875554271478148,0.06723884747679798,-0.623129249840135,0.1700059668605843,1.3026632610771096,-0.40678401033070843,-0.8406400223031377,-1.5182389318490954,0.33345356451035263,0.9477964712912896,-0.8231615334453094,-0.320620905709205,-0.2604789950469948,0.8392681381342059,0.47489512995289745,0.6368042449004675,1.5335319363078954,-0.20016398196370278,-0.7131825135625458,0.2412662408895116,0.28769955349559023,-0.5502074814729471,0.44478552981406205,-0.1789063568675604,pop
-0.5662010639978874,-2.974503560190559,0.018104055054311317,-3.9483448636269096,0.13587925129661882,1.1215349380880848,-0.3671840650795405,0.30847485980953354,-0.28901370962474837,-0.6236562204167138,0.7596744629336578,-0.3122913254216041,0.7970411696517294,-0.17011287551396923,-0.771572472496815,0.3643038301009128,-0.006136422476565333,-0.821861651206732,0.19670559667401438,-0.3085182339433059,-0.3081959790792131,0.0869301434735783,0.49332254261967856,1.1808158062804217,-0.850851078305631,-0.9030569009523235,0.9895288286696344,-0.012767118004368949,0.021408926856796455,-0.9845490218870265,0.4960106370905935,-0.3465536224449051,0.12589478392677578,-0.21121810867318336,0.08642168671057748,reggae
5.498324006046243,2.9016427178839854,0.008593366595744957,1.7570883277178646,2.0424708507488214,1.3663909117039175,-2.8048178870809366,1.1170109761195133,-0.6280351217238563,-0.910796406302919,0.02564905321971686,1.7028453540559791,0.8808726552458408,1.8089966818692302,2.5123107182312516,-0.7908953741637588,-1.1313553274245218,-0.4535872782097879,0.06830671450418072,-0.4828189189624489,-0.7709887517236411,-1.1506105879730488,1.6149960525455604,-0.18232313237361256,-0.15246546804625638,0.26933610164398025,0.4166321990532067,0.45461423580272264,0.3401794006087806,0.6234051228008562,0.07258474911703588,-0.9007760499390783,-0.21618446551270445,0.1719295483116123,0.3554858808655208,jazz
-0.434334972571602,-1.416239738356906,-3.3180777663788756,-0.17971460405091955,0.3495299600367533,1.470974641366859,0.8126258029100382,0.9654941481591868,-0.7809912033328568,1.487558895476465,-0.7181416197212794,-1.9522458803615896,0.8699145618433026,-1.0136180615875752,-0.4841247562958583,-0.5026780745988444,0.22744536670151225,0.0158080483987479,-0.18467222751826673,-0.2980747151520326,0.23468632606090273,-0.5182779119230079,0.5423130914888784,0.3116551557579892,-0.5805031996248011,-0.06437566084351853,-0.2891790622383588,-0.8753192904407757,0.4475820521916068,0.12229071706267323,-0.5032829566082164,0.17821438877467488,1.1431465795284588,-0.5216361199420043,-0.4603354656751726,country
-5.392872011507902,-0.2946301941394801,-2.772415989949308,0.9962100433133927,1.6564716798299217,-1.7371655432581632,0.43130597352455236,-0.8589388199289777,0.10078788079735002,0.3752212094650229,-0.14008636351281445,-0.24053922439691983,-0.6377745923600785,-0.13552139347119482,-0.08415329298053631,-0.14322012263077308,-0.35132742677553097,0.07683711121773137,0.4903239867410107,0.2739250749701421,0.09225238772550128,0.32075843232539536,0.3269130844930231,0.590087405662114,-0.018615320382030755,-0.30771025124642154,0.3701339974392843,-0.08473873377363782,-0.12118009033311729,0.5383260001163513,-0.2975339014012862,-0.27314837279196663,0.7340212398014175,0.298656372364247,-0.264588700368498,hiphop
-1.5028209147178477,1.483054747520266,2.9279164066194836,0.8346750487105217,-0.6275678862095343,0.6460092113229075,1.4364157857956095,0.3696804197374144,-0.2192289491343903,1.3457246257154378,-0.031005143193622554,-0.0026919450276126707,-0.09380061584406939,-0.0734138992156106,0.4546593683100068,0.7265950670717077,0.7833369428032121,0.5987206074291592,0.10064487542166065,-0.287650769705958,0.49823836929108245,0.7933680467578552,0.9831229698510768,-0.5286931547233695,-0.4138980693449968,0.09386406094210363,0.19147107097174468,0.8916364700819198,0.5633673945188875,-0.7857514603493135,-0.2637009196196163,0.79985808873919,-0.33209308032284823,0.851701035766483,-0.02098496705515403,country
6.313023827205184,4.6058513953277735,-4.075735637348803,-1.6691660428008226,2.358100445638847,3.2831546004865504,0.14776115902912582,-0.996543509801329,-1.337340981474781,1.091250071869308,-0.28372624129415275,1.4433286532116887,0.5883542446594097,-0.42927055335054926,0.579710001326505,1.103731127228204,0.43779304059120305,-0.7275518798711267,1.0984512102935275,0.2804160006965407,0.1753309604192399,-0.6054229515955644,0.5536872370607395,-0.3661874435007734,0.014288184989685378,-0.36211375751256997,0.01752316820961718,0.06274482878986867,0.041702264707603034,0.18379853751340705,0.34637042338995133,-0.7199336129353864,0.6945223303957528,-0.15783043860277662,0.6109982907065121,classical
-3.443626107851952,2.3986509060867234,2.0402628694584766,0.8285483119871484,-2.2084484827302626,-0.4714365878698358,-1.4787231502092366,0.3719931099226239,0.4327355387804726,-1.234236814324812,-1.2090106952416386,-0.7800599112081407,0.9607391380587776,-0.3452300132065154,-0.9018082350454388,0.9719844101433407,1.0831919476621714,-0.11357472840778184,0.49615332006404617,-1.2064864484801472,0.7852319444127632,-0.9718703496938962,0.8639481743300729,-0.5451199772614851,0.7646593470871994,0.15636135475995683,0.415304022661749,-0.2618711363611177,-0.47498754896831286,0.26886018300932346,-0.0021434633631911503,-0.08587191794338123,0.16988964854837,0.8371619938688603,0.15477461685433874,disco
-1.8563124035522893,-2.2762929121626634,-4.705409989293406,-0.502712829255204,3.0157359188562727,1.6512524316168333,0.8652191556568107,1.944497997087534,-0.1203888425984813,-0.9073819700786742,-0.7558710011342253,-0.45312641633240136,0.03856377178132132,-1.4690807081016806,0.7853458286762899,0.8340739059665742,-1.1188448803873567,-0.16149474451164134,-0.3128636507584407,0.04320778374214407,0.44179351501334524,0.13688390002920134,-0.22701596888307932,0.28812224670580966,-0.2104750904574167,-0.34283475335483576,-1.1784148449022895,0.23790857377330193,-0.09985816364592887,-0.22404778948388326,-0.1544721860173803,0.3277870227620402,0.5019119696200236,0.5715714561855164,-0.12144502379032575,pop
-1.8206663505691598,-1.9059235410375104,-1.0442610543117545,-0.8473644213169651,-1.7340498794443062,-0.22346682810983864,-1.350644370364461,-0.8191376202907421,-3.389169643131376,-0.9206083647280043,0.3582910940877349,0.6111765021766633,-1.5068059236587785,-0.24720265329010438,0.319614172768163,-0.7533224275643216,0.24355499811705394,-0.8042608823740471,-1.2548311378107895,0.28176372407475275,0.3363224910019154,-0.07515035127372592,1.8124265488571165,-0.029752550262370094,-0.026091390116537723,-0.2893466777284632,0.8195494469310236,-0.7631511260846497,0.35415477195027273,-0.02753400187422748,-0.6262691785426049,0.6818961508286624,-0.8210790444200838,0.33660463999594326,0.1689889900627819,rock
6.906933831460716,0.9469628453267417,-0.99027453516746,-0.7760563764814016,-0.02161121864681557,-1.5580900395558388,0.7520419721473179,-1.872575098114068,-1.7050733183634283,-2.1948280463863328,1.0699688772826963,2.5646221137917995,1.9681922502610316,-2.0919612078397694,0.02048825431543231,-0.23141065937912883,0.460586123949035,0.5433251189775928,1.8841908418991338,-0.6905776602393222,-0.047218418304385806,-0.40774182433363076,-0.5888469427115754,-0.5697411505433116,0.5261149661618298,-0.3446626409869528,0.3437872550523662,0.43972229243098626,-0.6599624908568286,-0.09733546371563867,0.21309227992343338,-1.5005592379654622,0.21217955919084522,-0.045363544880001834,-0.14088778725911197,classical
-2.055122543815494,4.155805166568234,0.6055203245224692,0.877309604594144,-2.559367978321404,-1.1460139353503567,-1.083353361120299,0.3175667525725649,1.7566040023995795,0.2135282866573132,-0.012793624555922515,0.8962936627690564,-0.5283194532256551,-0.43165987196262007,0.5242400128994157,0.6934127828057683,0.17583899456908356,0.06872726086579307,-0.12492962961968679,-0.24944826263710845,-1.3765900104794746,0.38090049915547064,-0.6975373028674751,0.10868390390148916,-0.14702825984478762,-0.43980510874701,-0.37162293854844564,0.042932216740557076,-0.5003172342279948,-0.09884022253169078,-0.15101828142831078,-0.2805981474055568,-0.13132323129391835,-0.08032712838902221,0.16116636702684925,hiphop
1.915663148291102,-3.450110768104401,-2.131876011470112,-2.624120256190256,-3.037784796422169,-0.08528229054882489,-0.08642535421773292,0.9970054207238929,-1.61096611521308,1.1923407978965495,1.4131915379589273,0.7846546523168622,0.6432840224908908,0.23868249294522637,-0.5376702820171557,0.1646023159457501,1.6455541905290125,1.06759241953392,0.9075742346905425,0.4662573636047506,-0.6862780666609232,0.030775292441401817,0.8589903067390392,-0.30406760033783503,0.22842341653700676,1.2386352587409766,0.6173987122306359,0.6514523467663895,0.9498929760631977,0.22787865436365362,-0.3790182443460327,0.16585879558900646,0.5757239753974245,1.5654888136687044,0.8664512526941129,disco
-2.3325000808846315,3.7025446697146833,1.2715707687810485,0.09872649083426371,-1.3614123410836085,-0.3123112470978194,0.03382346574339743,0.8084156560221544,-0.06183576027129611,-0.4729663700457645,0.20342493295607,-0.0838935893570111,-0.1783481753551566,-0.6902650310526387,0.5106914642966659,-0.7256314663920473,-0.05358789276751446,-0.3097780941202165,0.2976700982025998,0.3912227436045596,0.8144268242014652,0.6315835371412849,-0.5008573905847542,0.2461848164818287,0.470065281653743,0.5595490254623376,0.058274175815883136,-0.5143220444709445,-0.37151583616200445,0.021995488038527983,-0.19987767454027516,-0.5763543598049632,-0.32116913566383215,-0.17092106693695955,0.08809274866378582,disco
-2.7794738992957653,0.09237193730113132,2.6171126586489204,-0.3715624569391813,1.66578257152986,0.36241343853995933,0.020453744382772504,0.2103661817234108,-0.5627014425272944,0.12439151052681256,-1.6776854443158398,1.3476589577626066,0.5498053373362358,0.5375428072574739,1.7095637187386277,-1.0882622385921026,0.5844329308643647,0.8593795595912975,0.1851636217565861,-0.705606532663196,0.8980907733531678,-0.17823124193062787,-0.6626252780696004,-0.7724389838939167,0.4292050034963412,-0.03657936022856594,-0.37652801107979056,0.3981700211747565,-1.0075571148636637,0.12504255781858584,-0.08616087719450313,-0.7580837435856833,0.4450851094253403,0.7961621535173488,0.4692059576375639,disco
-3.823274250339936,-4.201662256771762,-1.7916762514461668,-0.8464926134695863,1.477752422755775,1.3750633367413876,0.6172049510961812,1.5024600600263764,0.6208393561686644,0.4003575198671846,0.9356128658909191,-1.1373982134345015,0.5960379540350113,-0.9743456223152479,-0.8038332003555758,0.30862287035582764,0.8390883766341444,0.4489791370943013,-0.12374944127661912,-0.19799581752884024,-0.9979077067941002,-0.9098074302879834,0.9122975384970421,0.06661787465646682,0.4116244090595738,-0.2672890026770525,0.7473618501039304,-0.07975820945221736,0.816061375654794,-0.1468893511453484,-0.4538025101104709,0.42191451966530424,-0.6305644964736006,0.16819001969897912,-0.19950570240025597,hiphop
6.704224402336225,2.7464587390134145,0.7804227170013757,3.2555916996332797,3.0961827537080797,-0.14167398058351194,1.4359426981094854,0.2036114533957268,-1.4764945962729232,-0.5486651617642663,0.7429981495675942,-0.9970914923184758,0.4904683822250954,0.9907878263680377,-1.2708896440656017,0.37981996164811876,0.9977629662301877,0.0500150430981282,0.34565021238850974,0.603618642320482,0.9347048743309548,-0.7155383627876647,-1.0751471345599077,-0.6581770983760682,-0.8013523764624515,-0.6055111035476716,1.469760205450862,-0.565525561332637,1.1923704068612673,-0.029148738039145156,-0.23378423771859108,0.9078815622209605,-1.0791933158171039,0.18325185255643284,0.21510757863817417,classical
-0.0637573186035312,1.8709541065571138,1.316807622558391,-0.9867006590688275,0.813167193327521,2.410279942389966,0.7678156738671561,2.5382798151567254,-0.057044736427543055,-0.9192022209669627,-0.8892802487366744,-0.16179976598575072,-1.2258053261637811,0.3724463477122173,-1.3309667290993012,-1.291794659188646,-0.7027310424375331,-0.5629292808370896,-0.36876876783589596,-0.8702785982640793,0.6054596221895279,0.8248021492984796,0.09067290816874025,-0.38205241167983706,0.4799541357934676,-0.5739635581009452,-0.10655970155629427,-0.20183756014974463,0.0733607935462864,-0.0806148337672673,-0.5716695926096651,-0.6382194005212579,0.4998272753833843,-0.11679590480160394,-0.021166646139511195,rock
6.2775551619465295,-6.857417920016427,3.8768622056252378,8.1076615349827,-2.9310273326018503,1.42477229268069,2.461756997128185,-0.6703381193845754,-1.8161513175940558,1.258731241025169,-0.9182441247828127,-0.6260576690023613,1.39913279937594,0.31784437931888015,2.828793269744059,-0.7000906862205841,-4.09459518540211,0.25989081505448225,3.0767081556899045,0.529292201484272,-2.5965434420188345,1.3166836689715942,-0.26991415972546967,-1.8314792478247124,1.6030313437174684,0.7389951951838939,0.9645833653020565,-0.7777236178172683,0.061797199965864316,-0.9720555229207906,0.601919677362753,0.9908989215523311,0.7958475749839131,0.052600101711614326,1.4436028793421058,pop
3.9106162359077943,2.484885123812985,1.0144110550113494,1.7954165896480452,0.9913769814255604,-1.9652958675806969,1.8077696698192036,-1.7049339955753593,0.3245603327275236,0.589161112936899,-1.0858200428619489,-0.09653285149396362,0.8812862463014716,-0.9304936084663288,0.10809936282999219,0.9744760607933876,-0.557175239506541,0.2992572904668562,-0.9270715047329572,-0.3107185690901317,-0.9747872271671706,1.6698933195740218,0.3637712675593824,1.5420186995719545,-0.9521643681656451,-0.1456993342040032,0.3573635262301648,0.09843962785198714,0.43173627851655705,-0.7506296336173804,-0.6436704343084658,0.23214732236567467,0.18443308906922196,0.3130294262028964,-0.2488275082577143,jazz
-0.12587648313323965,-1.3954741679103848,-3.0535554470112274,-0.4714605873377547,-0.30121874713714025,1.5345147467948896,1.0593459132935061,-0.19837008916789703,-1.225015815757411,0.7962027816328808,0.11119190984459978,-0.29441342826218364,0.6108103975069678,0.4520691993760532,0.4898582535897813,0.13436598111583525,0.14913399975669436,-0.6524911377693832,-1.1889188430193511,-0.2215861885155834,-0.33135522725467886,-0.6764927167403164,-0.2820650333990366,0.24779634239563708,-0.3318952391699148,-0.23038518653379803,0.33975335061225703,0.3183567759497131,-0.27599384667118104,-0.5106433362672461,0.1715028457860495,0.7552603546451899,0.038639962745954715,-0.7518758119955683,0.2869364270366973,country
-5.4953565512190865,3.7050717066193153,-0.37745686716434584,-1.089462115211121,0.4176325531417365,-1.3723334893493289,0.6213095507723412,0.21198453307654322,0.026370856219923723,0.8220069230332644,0.24051938472274645,-1.0886583553346592,-0.18378899606186336,0.07435659612234222,1.074988209512113,-0.38486507237525724,0.12041607623206853,0.2634485640836355,0.11508006505211264,0.13217282571098063,0.0550970114892757,0.32106745651372764,0.42320252633280064,-0.6982667351407554,0.2991557966506286,-0.5266501472954187,0.17425289371279643,-0.3092639132345613,0.6441495071221963,0.42592767288526856,0.5207026562666887,0.24645768145425098,-0.17258301899561568,-0.4724171916008835,0.4748639311219491,metal
-2.2947105617583063,0.4296384179915049,-3.802882336149768,-0.318953753324284,-0.7938858072779433,-1.5043461606690767,-0.07390266958704772,0.36431377507227003,-0.4961007622951911,2.6863908914630925,-0.009934907733344274,1.3328510414867225,-0.6464537769550084,1.1454167505238102,-0.3181828380613101,-0.7671769291796079,0.23950904028934442,0.42575606783861786,0.07302403621607731,-1.2150850924141634,-0.8348684766449503,0.44602326037406803,-0.05059936467433673,0.06327617703117629,0.25668044584118993,0.23069646002371633,0.027059462289982343,-0.02625542361986288,0.13734667333197367,-0.9714524148435864,-0.7700108872572435,-0.05821760373487282,-0.37486535500777013,-0.08413374138758338,-0.1615430384972057,jazz
2.8138304761703727,4.079362805855437,0.4979264882189229,1.6527770245521713,1.1862899888560692,-0.5120064545379417,-1.1640804606614028,0.0790327044102519,-0.7252375708374399,-0.3512791131456997,-0.2576558962046735,1.233935468934557,-1.1920454257815427,0.48869444775035936,0.7365154515173524,0.3654243079567607,0.7963053714319375,0.020043176196141797,-1.1877604471297711,-0.5280603327407536,-0.1247503911409575,1.0828559600573895,0.12847235607407834,-0.5895176120146461,-0.4768556160840013,0.37720193231412996,-0.536505113888225,-0.9739654215455056,0.2854883818902038,-0.4254979535001307,0.3504893584451862,-0.6359262904602445,0.1544119111187194,0.5634492625205333,0.1363998687292442,jazz
-1.3510784986447497,-6.6700807599159235,-0.8462404926858418,5.29273096375524,-0.4844811892076382,0.4831468982886722,-0.3673655714850181,0.49096697242014575,0.8076574498473771,1.1072761101487598,2.3060925045441154,-0.8231827632608034,-2.9831626617394806,-0.22841114724352363,-0.30256454130350696,1.7496017614173591,0.6448178579139855,-1.8367549595052828,-1.0089575890031595,0.5957992266590573,1.5621199581868292,-0.42429325651479777,-0.4987158781040565,-1.0004795486331082,-0.8072256895873092,0.6616035238490188,-1.444828310358322,0.48910554834441305,0.8815379852913028,0.48729985430031936,0.09316963314182103,-0.10874323089461702,-0.3540933719720691,-0.3829298437357998,-0.9801766452785038,pop
0.0576214414730246,-5.480618362556791,0.6324613364014617,3.368600159151197,-1.2000748200430749,0.3999236297800158,0.8545483099198783,-1.107504981373417,-1.749665086512872,-0.4783758132432714,0.317926620923989,0.6590904130095693,-1.8372592859764996,0.20951861544114625,0.5424260341383546,0.5893164561126724,0.13226121443269054,-0.037181327374938566,0.700002126970728,-0.3870888507851339,0.07657280128594701,-0.5773015932475936,0.5953025928385345,0.7395446226956233,0.1480650580875464,0.3852454339933452,0.5819651149987414,0.2183079318987563,-0.18311117281659758,0.4865751999810685,0.1579231465170216,-0.034777282508827334,-0.01628738814984641,-0.8890789508554647,-0.9632334175393501,pop
-2.9163726774129146,2.198646355840653,1.5025709544223398,-0.23289829085644728,2.471062582250153,1.075933331757451,0.6099040125141552,0.5091930495028669,-0.1371281301255092,-0.3053638356533372,0.09707625600238497,2.7275243056604905,1.5059295625663023,-0.3665089802703423,0.2690101638246146,-0.44772221750534646,0.5220247963206406,-0.05155422049176303,0.3411917439748497,0.9672098595323242,0.16017603184892776,-1.0177963912541539,0.7031602984102501,0.21677522375840402,0.28140768202984495,0.9728568712308704,-0.02927724605956264,-0.16200424626322144,0.299561342030503,-0.49392383956905,0.57058093331148,0.2475896293548616,0.1226885879206136,-0.4405738127221006,-0.3975363852509975,hiphop
-3.741645202032609,-1.2143599981892075,-3.601938813800097,-1.755773925480782,0.2392905377172361,-1.0348028177079742,-0.02223446852285856,-1.4568026957957698,-0.48981288388337224,-1.128037069499461,0.7013835065293846,-0.2157290932256721,-1.3190206187970785,-1.2332694378169684,1.1929665978991233,-0.4765740447701602,-0.9225022140025072,0.49604388315513426,-0.09952265603368134,-0.4201487315945543,0.5519314487640442,0.3853120242697987,-0.05348102812119009,0.06481879542199408,-0.11103420493627823,-1.1023746703930708,0.41624067311661567,-0.05990591229275362,0.22376035299038485,0.6395894889807092,0.21643232835279447,0.7745738793097955,-0.0847594464295504,0.3420180306107716,0.31261080489403714,pop
-0.9011976356854976,-4.05590436267776,0.44615884479188156,-0.8090608172154959,1.065809193867228,-0.19915744223126788,2.144336887856822,2.2867949919223065,0.806471589652584,0.6092386155656951,-1.0681478682862078,-0.7188324483988618,-0.47753375815438626,-1.3516032697809781,1.2285337282480626,0.1467382994908048,-1.0461364113989926,-0.16789836086240031,-0.21803358670024522,-0.5081855105375827,0.0121776369149142,-0.9753023352031052,0.10290011124649842,-0.5863266169625747,-0.13596640868511156,-0.1228656162126127,-0.2475211015325741,0.9469392618603278,0.756187616744723,-0.3396550042370824,0.5870843562169292,-0.322910632814782,-0.3032534882583125,-0.528524197713222,0.14629441197344523,hiphop
-1.180528744547388,-5.575008602199227,-0.7486681564203334,0.9338272530858643,-2.1328351538996144,0.723127352965516,0.40020538894201774,1.527829325280796,-0.31738269279899195,0.6728073637454043,-0.10343673987261048,0.11834136042539736,-0.5539683369723482,0.22903830458079535,-0.5915066065215815,-0.13300352735454454,-0.6696936615455062,-0.07984710182642737,-0.3752748827356659,-0.6263186797509942,-1.046319573154657,0.6314840958160352,-0.3005938137031579,-0.6702321891619643,-0.7616346775719098,-0.2528682179642143,0.6220572872813599,-0.2833583905153135,0.6516049013479716,-0.275206027402875,-0.33148901441703293,-0.588637892811395,0.5333803510973328,-0.17286055098807895,-0.2481348596013902,pop
2.5019154115603914,0.9777024852942513,0.6848943449689515,-0.8505306497525129,-0.7382758700061801,-0.5880970418442496,-0.774498641491877,1.5470888106385396,1.1734166057304616,1.2419195700944123,-3.4587592928406794,1.2298024829089444,1.3239036025712665,-0.8362128124128047,0.37578339718778414,-1.1133206507206437,-1.2230925958309362,-0.11089297413230753,0.4384938277534635,0.04538225781421206,-1.1961192564160639,-1.067540474084064,-0.7070394282837378,0.7617168300675861,0.7743358304190494,-0.3867316333589257,-0.18935405032795952,0.3582752160876051,-0.9004200275550686,0.42400908690977357,0.7575559469283718,0.1861964007047338,-0.8098462731063941,0.28135035960938504,-0.663571597775042,jazz
-0.0354634128231555,3.2856904652290146,1.4408333354844287,2.0367713463251045,-1.376067999494779,-0.27922439399232674,-0.7128938037086693,0.007874178385309986,-0.7002991439438936,-1.731991397985783,0.1120005429201488,0.8168055654053646,0.8691279460037552,-2.626430906249713,0.8129600580502429,1.274097709359233,0.3882268425086304,-1.1406348122897425,1.1833617607082465,-0.5148946722083859,-0.5766992028712107,0.4790468261289109,0.1564693802987783,0.3630271673661739,-0.4716725228246629,-0.1991018495282516,-0.7342449243445567,0.7558379335905223,1.225389727032852,-0.7575689721819869,-0.010192297622054782,-0.9274397133266302,-0.35605373914804567,-0.005099167082759891,0.5108025044924579,blues
-0.6262691319271819,-1.8795000926861023,-2.643512301481002,1.6522088272496125,-1.9595453324383907,0.22791880424401872,-0.4778753167213317,0.16443599678675466,0.9416696161356956,-0.2927845838977572,-0.18586302255882806,0.1133072408775559,1.3622981339337277,-0.9298005382162831,0.41827409932598414,-0.8815315215440278,0.6419814628534689,-1.0534657225571884,-0.06895109196349941,0.10342750172428515,1.3498419793016454,0.7004130072582095,-0.23384433945376706,0.8049720686342376,1.8496873080092857,0.9638438881375864,0.8563190839650135,-0.08384638219103654,-0.7258113779979957,0.4747532109963346,-0.29820885753976156,-0.0578990298238586,-0.1337455578185495,-0.10949454157479263,-0.18504944596096454,disco
2.0723963728592336,0.9805789241548787,2.776443993136012,-0.14411104590513774,-0.892499948598911,0.6584881610075465,-1.1537254836079915,0.4720111757743502,0.9247835526833543,0.25013566655805747,1.6557010956711096,-1.5142302501110867,-1.0650510101229103,0.19286759235684553,-1.2161690708412587,0.08309480765056865,-0.7180554922297974,0.3006357896864833,-0.5041079623772525,0.8957407661197226,0.7625126013556043,0.8204112008867164,0.7031679676779563,-0.24427429337255188,1.2271026381342023,0.5615857918410974,-0.656714317751129,0.5384382780952732,0.01258076692145464,0.15435892973538473,0.18693421874620078,0.18355966773567314,-0.9214479783072637,0.9906094567927403,0.2488016009590272,country
0.6516382018271681,-7.681095616121241,2.6070061841594834,2.883528552321839,-0.13934003756024385,-1.4589460240223726,-0.8371490140341828,-1.1720634265439793,-0.14307179619376467,0.22609297223646838,0.20320043467818874,-1.124940725634273,0.053097730105964205,0.28489893398944693,-0.8377947485992205,0.309624024089858,0.28521348814651454,-0.11869209360684298,-0.5221374894410225,-1.774419647749661,0.23447875819476074,-0.032406769819041274,0.1952683548736861,-1.1899395131058292,-0.9145323829982973,-1.3231135614915057,0.25254791543938226,0.6057012733512311,0.5678201510176127,-0.3127331507747888,0.3852628235146798,-0.3341718026206146,-1.0879178940499399,0.9861936420441373,1.2593728803673068,pop
-2.9074320106530824,-2.5169520980293902,4.044732869560123,-2.8366633831784474,-0.6448661264176633,-1.17913050333434,0.2879304714818359,-2.65625281934512,-0.1084421206993934,-0.9119240512951559,-1.259521332548735,-0.0891492876447243,-0.05445520962271477,-0.2558866352575075,0.9809048327956356,-0.3616853098247524,0.6394381072886641,-0.3508813027099632,0.4740334932385639,1.431442595262169,0.4181096542076567,-0.6615554440334399,-0.448104372562865,-0.5060456397746047,0.6826428112797978,-0.2650757589005016,-0.4123432937171853,-0.2789142863247579,0.891396840278254,0.4340312666113561,0.27355645951305524,0.450705758574886,0.31087583729238266,-0.7524341627137313,0.03847530276613183,hiphop
-0.7458617573782359,-2.9584812151840896,3.871235695987575,-2.139759163086001,0.9948806527972973,-0.4498517332928254,-0.3642516822774372,2.572946798858855,0.44510046133647796,-0.8584586620693772,-0.6850673129737955,-1.5760441493728796,1.6427322072254924,0.7709352052854538,0.07790973358858619,0.23790183636886644,-0.10160230438435973,-1.375432865239205,0.6957017591511393,0.05374211366719156,0.15556433874732692,-0.5716987787730884,-0.2258659537108512,-0.5282908280412139,0.29775642691679227,-1.0134688148705622,0.9642529270653604,-1.0483787790170198,-0.9682440386552102,0.02937290492383061,0.5196177974453966,1.183987351259559,0.23520960391777035,-0.9590265696403256,-0.04057936293568964,reggae
8.554422232566344,0.7714723435316118,-2.4388292108869316,-0.5720378577176147,-2.0834953501394606,0.4148662254075489,1.0204833582328297,0.30544745875026946,2.304201773686046,-0.5596999443157651,-2.370695733900358,-1.1158628536044286,-1.3483004187128083,1.718203846977551,0.885557043269688,-1.5280321747396894,-0.16845666052892425,-0.8612663116392961,-0.1686572562616648,0.7266399132774555,0.20324273343200733,0.9442696741366995,0.23963587064267347,0.3369250160523822,0.5475153572053723,0.5090948804181166,0.4305323570941974,-0.784998997078106,0.6985020363066579,1.7919615348479778,0.502424727207757,-0.3546396618110741,-0.0762796219008221,0.09694060563607015,-1.1021544971786454,jazz
4.900466537622499,5.019299483178605,-1.7157359944989272,0.5974532748006335,0.21330260806108664,0.42863927425532033,0.6312403173432628,0.5357297441179969,-0.140369655196143,-1.6788773960225283,-0.24431791067479938,-1.690307308317205,-0.24049279941847684,0.1423981481797683,0.9908506699740846,1.0967715093520845,-1.2136739293039662,0.1370210636180352,0.4975908579416448,0.9608828256187014,-0.7975685999338302,0.25474121230927615,-0.1944584337519077,0.15057497420286542,-0.2434902338074262,0.3116109611051813,-0.8212219941516546,-1.5503504907108243,0.26660268775730356,0.16878903786289173,0.5049522234385039,-0.5012873468143145,0.4767240084847824,-1.0855523499351518,0.050583549164462026,classical
3.8264260524954774,1.0189998836612624,-4.320871348797991,-0.9013769264095635,-2.400962046086391,2.854612423170989,-0.9316273494998211,-0.400243586548145,-1.2220533551649244,2.2170717178037407,-0.7036307052374687,1.251301382025329,1.0405543170574931,1.4076181938857446,-0.5598238967423173,0.3703804448549558,1.1751996053915645,0.22829404593932198,-0.006211730099222274,-1.5694091845190794,-0.9875912468706158,-1.0965901433426894,0.9455398570726393,-0.10375124332823499,-1.4093701006236117,-0.760054700270078,-1.5418123182594565,-1.0584100645714634,1.1853534214966173,-0.19660625198573703,0.19915404500594275,0.2339338536790256,0.08617616822014239,-0.6002206568687065,0.5206922403661569,country
5.95945874231283,1.4429432741553274,2.891866005043195,3.8341283118151863,3.3078609242747783,-0.6274502588586138,1.7157348416391311,0.7551049474461763,-0.7378884828983885,2.3775923209292236,-0.9194498400025369,0.7997081761659767,1.9838178844266132,0.9176944370984051,-0.035383866467258974,-0.751233920635392,0.9250752073540787,1.2128806011964353,1.3567262804253584,-0.34691864222249924,0.7516762091146001,-0.7374481021584501,-0.4258576404526317,1.0945723091683104,-0.7354575344476281,-1.0781642965898466,2.040763689171773,-1.2460225470073691,-1.2055581148548797,-0.36921357332395716,1.9856298579652836,1.0577043218288837,-1.0881207543071805,-0.33484302001399524,0.1311921658566474,classical
2.4141074016925868,-2.4266028690442476,4.68484174264423,-1.0528075091729376,-0.3841933704676724,-1.5152926125597155,-0.9409075370545487,0.618111587614433,-1.2784744756545001,1.325341625332924,1.2820969755897302,0.10853727877374875,0.8999582094608063,0.47980221355275854,0.9835108779866675,0.1336275352910835,-0.8080516997023247,-0.1201638486450049,-0.29854781316823237,0.5594029009312967,0.7038276939962603,0.5811225624116858,0.6357569680531276,1.2155774875518999,-0.629584415395063,0.47162254269943044,0.8050122511128677,0.10989415774400668,-0.5211769075084464,0.7090597539161537,-0.9123173139429732,-0.25847665030859157,0.6044204815254577,0.20385535739704644,0.23214161635580602,reggae
0.5305683760569616,2.3783550122691226,1.774059913987691,0.47576530375291776,0.07770202958848124,-0.45789543655116915,0.7929933430887335,1.047572847345245,-0.876746760255936,-0.08122090164084594,-0.5060246120251773,-0.8831645711086515,0.7778849996346812,-0.8002082085234217,0.31949668729011627,-0.4135758417605728,0.039997887780039855,-0.7678710187279183,-0.024275141060532104,0.17184800017543087,-0.5901935013828299,0.5212919559458973,0.21830633622980822,-0.018024819252231174,-0.48015002490516684,-0.3077739604714119,0.010174342569090607,-0.12788900118239488,0.5372016563171214,0.20305406831683406,-0.44672268410485655,-0.76545790134717,-0.6490227745438767,-0.03965482649251753,0.7863020389757396,blues
-1.7784070476445368,1.2738430951716637,-4.821153935382345,-3.0807319459336973,-2.0836239788846775,-2.7128567765677865,-2.4387820938611515,1.0343753312632644,0.0009307619656751544,-1.190249650721949,-0.8821508535752342,-0.14269366522734805,1.0339388308275503,-1.3999403871226834,0.5754941479062539,0.2420459943651242,-0.8569591192520908,-0.06617031048907998,-0.18534887687301857,-0.4506633203417641,-0.3450120220447072,-0.1644944016385013,-1.1566387176935846,0.24960453651592418,-0.014294858524029808,-1.3141960451311654,0.11545774791024793,0.3383371542251455,-0.45174323035784386,-0.6434615756175408,0.12612370040521334,0.8023974591745896,0.0175248107506915,0.1076509094352154,0.5756410395806464,pop
-4.075471226214488,3.1193579164825724,0.9907856276893177,-0.2175048381556873,-1.761090626763542,0.9607386918150224,-0.31079074926331357,-1.211537509649741,-0.06435462449130647,-0.26098161071834314,-0.20523645988223885,-1.033293806661273,0.16608636969631296,1.341168958507805,-0.8511250919310187,0.24937646810519032,0.05169337149432025,-0.1387830164069655,0.7353492882273037,0.5279938420181857,0.6653720182058666,0.14051003820466948,-0.6341013036694256,-0.5361337154403651,0.8476745040696141,-1.043512289067855,-0.14118676977574918,0.7256938590773403,0.01197493955489555,-0.5812386310386,-0.17563777928029398,-0.823215812960614,-0.13898757112696708,0.5976508042934066,0.018141694165318908,metal
-5.3857837050952755,5.625956052803225,0.3743854011849355,0.9766524451710317,0.5619183182200838,-2.1437921799507675,-0.6986302295430274,-1.281843596967371,0.4082421630109186,0.2344053160030139,0.7749889180612258,-0.23495217076474934,0.3362085072500254,1.3180044166920928,-1.6372233320612708,0.3376666444380114,-0.171640546651691,0.3027540582097557,-0.05483944988340522,1.044626918585063,-0.8965508573157828,-0.0661096793118311,0.9618000250445679,0.24659454221546684,-0.12776049730444597,-1.0203475851429007,0.24664386930428514,0.2646170565027315,0.07432603062077629,-0.07686400220470303,1.470649313779446,-0.7474219532520165,-0.3762916011956294,0.13231812080698435,-0.8227146855310338,metal
-2.5719071555275876,-1.0313006240103864,-2.3022976602384766,-1.224083888324389,-1.9672946328047354,-1.6343653127280457,-0.7137696414966161,-0.8128088973552082,0.6441014012377961,-0.46468612699431244,-0.14864369236333827,0.9848730001245309,1.1457798871027247,-0.1543652469122075,0.7100623240896836,0.011736303440255821,1.2606294818009158,0.35903512437265317,-0.341525252526223,0.8947826778012501,-1.0502779177955983,-0.1502405400782578,-0.42929666008323053,-0.07925371341290796,0.0831704617441966,-0.037672895861528236,0.5226491599250481,-0.08364616113562011,-0.3341143520638841,-0.041645468966544634,-0.12831227481576676,-0.32123064733516754,0.6694989028895724,-0.8448747087108458,-0.07438966400615395,disco
-1.6838877958942666,-1.4986963035880752,-2.0186331098274892,-0.7649895741974335,-1.6134073608936939,-1.3356722243084,0.15127858403338654,-0.04456577391651112,0.5842999512049559,-0.8042840406933678,0.49578949820037954,0.7065459095797706,0.8630139799156576,0.03488207923304311,0.8510611941217496,-0.0401426886393156,1.3359342054837269,-0.45872232594112666,-0.033595652647297726,0.04437560154988564,-0.3051495893227297,0.15104641285422352,-0.476704463886183,0.5189201425331935,0.4486889127684852,0.012068768112044121,0.27588944969139584,0.48587032483675985,-0.4762196212281748,-0.1673287381081018,-0.12117876781121788,-0.37314190741659614,-0.18058240284820343,-0.4690576599734901,-0.024845119164409638,disco
-2.8877418242639727,1.6424225049548695,2.4484314040533026,-1.1364475359935258,-1.5353002536447453,-0.03372949819977839,-1.3316868070524324,-1.6024558868720356,-1.336065490162777,-0.868352295470339,0.20756077943251658,0.021525291051304823,-1.3185885754664266,-0.5932428436114073,0.4876101578887318,0.26284244472775087,-1.1816201646420514,0.9576809100357461,0.249764271251116,1.3735041856836079,0.4883411862503259,0.22143088384241683,-0.34001029036015556,-0.35364933052736763,0.31673121956510386,1.553761092227652,0.5749579317180044,-0.06348120102506208,0.48890118941735045,0.4100545052478745,-0.30993616951946124,1.1556960457987995,-0.7325868943078441,0.6421871568297958,0.09004403166813461,disco
-3.014332456598906,-2.9691158225277525,-3.5700080079153165,1.993665884021491,2.6099950513010537,-0.6858442904339309,-0.13095632019416698,-0.028181401000841558,0.5376590951007674,-0.24341811682053907,-1.1117973688455163,1.3112098521145523,0.5662710121215186,1.214671956934801,-0.0045682030725653425,0.6351832268340344,0.02820146352460811,0.03828163985280063,-0.6415470713944369,0.41406106855973335,-0.5895568430546814,0.28505484219569127,-0.9464988586935376,-0.7276053641207755,-0.31127812519688647,0.0975812731238032,0.35808737640650845,0.1661849581975888,0.10730450752512825,-0.1272150145529368,0.07882109167630261,0.3713858757400258,-0.3870581441974795,0.09630413604432674,-0.3827741250608348,pop
-4.018993020305009,-2.0424557293081538,-3.729907365337292,-0.22528187256958834,-0.1260655107072586,1.9165318515207284,0.227194673233907,-0.2546296174026755,0.12507961520904864,-0.31819710956965436,-0.11003277221585706,-0.8472260450108794,0.5139571048449575,-0.9448964296496953,-0.17983147801115523,-1.0850288428890567,0.1951783818182063,0.3336312861078366,0.6419447795236962,0.5944596252579535,1.2852575223345575,-0.13468867250813235,-0.8370622120705491,0.8555755649208774,-0.6596509559748177,0.20452434820962795,-0.25546332577115244,-0.2791083506610541,0.26184674072485975,0.3422648277867015,-0.01344599943798355,-0.32724946871552335,0.6096561272905044,-0.07815940885574509,-0.48939728012984735,disco
-0.9545725554193591,-4.324322596193933,-0.12494540581007003,1.6051049289521677,-1.0453479080040347,0.40700043214664977,-0.5243832630480655,-1.149532938128287,1.2261270059531324,0.8077106992638416,-0.3020994726449162,-1.0993619117068334,0.34685468132200425,-0.6391620946125719,-0.35383752901511284,-1.1153346062028235,0.6577883598214647,0.27159023681007743,0.38293985030303807,-0.27022636436330305,-0.10817840743887128,0.3650537794580477,0.7818399933973735,0.24582868407603917,0.6092843404199317,0.4434549378474614,-0.49742626668410994,-0.7267835851050264,0.5849949671725037,0.09815805663082341,0.3260828609228705,-0.49034334307281224,-0.21940549403766407,0.6362810101394639,0.0763857605200457,reggae
-1.6357813052770407,4.416387906903514,1.3815457601957672,2.410697876735959,0.9106198109266257,-1.8342068312220126,1.8967230406035727,1.4406415400577752,0.05012634638687301,1.2208954571008794,1.0219489017259926,-0.21592985933589717,-0.24244432127997118,-0.1256486400280502,1.2336212903722803,0.20230353890563585,0.0688055202295113,0.8392898186028895,-0.23695108223597022,-0.9836419453754165,-0.7680878499253911,0.332682856130569,-0.4830937980138259,-0.1470305246229846,-0.8312859633651093,-0.4181848794959146,0.26129109427820035,-0.025482595534113868,0.9122570395060634,-0.24946927244146835,-0.0889240650515919,-0.07141179361891581,-0.2403433897042654,0.6467598560923146,0.042192309552356096,blues
-2.4395825391251225,-5.864325625947534,-0.951200608576801,2.061472376647219,0.15969927625910252,0.10121362776627567,-0.9459273480309872,0.5746734096127025,0.7481840564425153,0.8263520628996595,0.251016302942778,0.06807393790979743,1.3740751221075294,0.2241916516243821,0.6034240037402426,-0.28993803031915394,0.526871762328344,-0.8756777813636729,-0.2858505468505634,0.1769159907334517,-0.21819647607213877,0.08456704537134027,-0.8041870729157164,-0.8135984274751323,0.1282741142769963,0.1812776413557527,0.02419099332423284,-0.8393649203946559,-0.3353692477586641,-0.18436610278064838,0.2983970903219612,-0.1251007530926518,0.5703128450205939,-0.43537368675207005,-0.9911190948344714,pop
-1.3412764104925297,-1.4057181538365844,-2.580184093389747,2.108426797499188,0.7024290838607994,-0.06748025063455283,-0.5008146157943996,0.8791835982669213,1.8425577665154698,0.5809352385116698,1.1276760008464033,0.6975988010298743,1.989805005062813,0.4553915461750939,0.7833279194816739,1.5857236979519187,-1.1021992314433393,-1.155495918371701,0.6198024515528756,-0.193339644442644,-0.28269646809138954,-0.9909890881366394,1.5001829082278804,-1.335708877021563,1.9437687684598013,0.19409770314837885,-0.2188176536846986,-0.0499010271125285,-0.3544236640985139,0.9717939873423982,0.6743089026994975,-0.43922312951806375,0.11312699193336105,1.0000901153716097,-0.06242351116914173,country
7.823033116272164,0.4150749537914338,1.127149759923776,3.063514235394599,3.755835862397281,2.3265415391702318,-1.8627952449113676,-2.745008845659344,-0.8589296534563594,-0.20843391292946023,1.5219147985703068,-0.6866562771516981,1.6276480631012489,1.9027815432271373,-0.6017670224852304,-1.1523740264843578,0.23136142542047028,-1.9190347741840925,1.1398755732978387,-0.17296292126046736,-1.5540203539643778,-0.8481813144550062,-0.9986668705868179,-0.2588148460951886,-0.03185373759228114,-0.8866875645621314,-0.888712299255113,0.9500440700699128,-0.1689074284293258,1.3111164709029552,-1.195375612361906,0.03987697304711087,-0.35352037689457033,1.0229926926876496,-0.3606882121830335,classical
1.836407655671541,-1.9099433135176038,4.341264927302601,-0.5606528154694146,-0.5865627948875048,0.527389974647369,-1.4119140829200025,0.740092428156553,1.224600749663925,0.26667005977620584,0.3276652931121377,-0.7225173761042436,-1.332923973502533,-0.0212580475746247,0.16609301293365605,0.563909973700753,1.1954564203679015,-0.08466130635536347,1.4446151630758572,0.7062146462080071,-1.0327495312643915,-0.9324690632246615,0.20227748501020906,-0.4988075650096311,1.0379602716149954,0.29851415773649825,0.4468601382145571,-0.003744056509340674,0.2658354018630359,0.37621679394487234,-0.2780198354627879,0.5879774898697534,-0.003741271573159358,0.8594866512057545,-0.3418743073510164,blues
-2.6925137073176693,-1.4994196108252749,3.7924975469102167,-2.679373889914637,-0.0503787452727524,-1.0050287999278242,-1.2393425953595238,-1.0061311169016889,-1.839045231151643,0.8732110197977241,-1.7720885376851987,-1.5877324277594955,-0.1371583356784161,0.14474308473635927,-0.7375459227940897,-1.0725136482705775,-0.9340930542597415,-0.13153011144587562,-0.16312675971583976,0.05081731798787443,-0.07941796570567532,0.47243508529170297,-1.9144814387984908,0.22750832196023452,-0.339804462563053,-1.1485695277075711,-1.0992791697185698,1.303722546172759,-0.35232168802089664,0.6512231056532254,0.43262589698945986,-0.4903386805192009,-0.2558897443989886,0.1859327189023613,0.6585262355317002,metal
-0.4139920968976695,-0.19669479161827302,2.9134325816734687,-1.5948549556896132,-0.7389224854223433,0.592181981171664,0.3890553918954853,-0.06109286296805634,-1.019940113434905,0.6197770622915542,1.137541753681122,0.7720522820406528,-0.7931611332385343,1.9652167134024812,0.4286984960256902,-0.9252895671628146,0.09462138905908352,0.0335215213088842,-0.9814397346511469,-0.11316714599566313,-0.23984669583366436,1.1256981407465068,-0.3206111186014795,0.19661065841463618,0.4825905624938399,-0.5586840363738838,0.7016502060299086,-0.2743463063362853,0.9178084844296432,0.5262136417803497,0.209616364517888,-0.20242711887648818,-0.11431080414532577,-0.8071676363773219,-0.6360180335997576,disco
-3.391842307823475,4.478571137328127,0.8591257322199226,0.9495961599915101,-0.8399551380052359,0.031323019957369434,0.6413421504803729,-0.8715771093410886,1.4254640540669894,1.0138125694148161,-0.08535962488288318,0.809670344883405,0.028656659024879405,0.6252807902102974,0.555723929232065,-0.4389008759628579,-0.08688112054972165,-0.31099640924462,0.12060118062742568,-0.5048191773253824,-0.44333756302691574,-0.5632508071838207,0.48829857326038134,-0.3773358921146559,-0.3860184695592704,-0.11746006295640514,0.22367073777423346,0.13208396853979434,-0.6474933641141805,-0.2505405532024033,-0.07829176875813179,0.11406935108161355,-0.7566228280668162,-0.5461969710446574,0.01944911121952454,rock
0.9869170737086992,5.374239611608658,-1.3515562055178512,0.07123641341235763,-2.0871854702649055,1.375571217544835,-1.2556372373053946,0.18572692281605563,0.06294041592398994,-1.2182014503072258,-0.18955618069013427,2.556939272792876,1.1766281547930884,-0.43480448927830745,-1.0022437268899353,-0.9020215583491387,0.6819122853458596,-0.5251562539453375,-0.8758353004386352,-0.007002568206999557,0.4821768214977665,0.547612029826725,0.4932529023737572,-0.12951796093249637,0.237210732999776,1.287339817437479,-0.5761935876191718,-0.15726784388144727,0.6482929753613682,-0.3911136636463132,-0.3851675411032275,-0.08540103452544907,0.019517455871827936,0.32376938673085826,0.45271363467489445,jazz
-2.6050841882632683,5.425934427317033,-0.32356870744659194,0.6674521194727964,-1.8678819669649676,-1.0993192417811604,-1.1792204100983332,2.309335737472681,-0.21106373679865492,-1.176401060318942,-0.5726107892167276,-0.2072909563905148,1.9634151226096146,0.7467285764607757,0.3456018729540553,0.7278987212485301,1.1135839606794076,-1.2552758459534776,0.01188230977377757,-1.6047404730122554,-0.3441022935412921,-0.32736405329848556,1.3845870909362603,0.19976394606583403,0.8697898573038552,0.9514643290782756,0.043654540105586205,0.9947998041352051,-1.0923085347286925,0.6894774420144848,0.014748937350939462,0.052673022241184864,0.28455543695182467,-0.6167151458841362,-0.0384657689180478,rock
-1.247138816210752,-2.9779560174416075,-2.276456786965973,3.2327889763940663,-1.3732613783115233,-0.3516552995248647,-1.407843465943156,0.3089402863960074,0.8317444781763917,0.9953872518010871,0.054672229949879816,-0.7744736799847849,1.071520535866158,-0.7001182583538333,-0.5433067107443669,-0.2576308847310278,-0.06943302674250866,-0.6686017870636263,-0.568775465728918,0.336555096579841,0.3148006961118992,0.627619053522725,-0.12761625352805528,0.4240495680539375,-0.07733993322138782,1.0137000004065313,-0.23209403139268203,0.6232260135241536,-0.8354718400000024,-0.28246156159320746,0.6633792176158569,-0.08751947296281633,-0.4206514780716023,0.08497981001101969,-0.5390069959101459,disco
5.462460336593267,4.002489063953343,-1.6195331535984765,0.20578501877105276,-0.6316869929529295,3.295011297119005,-2.2719374076827896,0.025302893433430146,-0.1411907293993167,0.6473181354451906,-0.15414833668064984,1.004770774663191,-1.764095655583582,-0.26213470724104804,-0.45850759645715733,-0.692020734965672,0.4540825232135592,-0.9393607605581044,0.2816219477569042,0.041350093544184376,0.4693527813216894,-0.6733516839556656,-1.032933477221008,-1.1629933759549205,-0.24961355859950424,0.12862431502049146,0.5504415659760232,-0.062398160277546605,-0.3999931364527887,0.61881356714649,-0.06879329095573404,-0.3572925616518892,-0.08984394597785292,-0.11262827570028665,0.2081592913478901,jazz
0.7388584790958466,0.37704375609328694,2.555918368363075,-0.8442826563166209,-0.31948710428869315,0.7747067839230304,-0.06547405318445106,0.737845357536594,0.06352186615596023,1.1608221912412868,0.24763727724444917,-0.670501498497281,0.21619532225503466,-0.9248046861890962,0.17497269546538008,-0.9126706848396308,1.152432798667578,-0.3492848341056687,-0.7806724137266849,0.22010780353949239,0.6681618149808055,-0.01699936356657485,0.207450452597278,-1.0457868484014794,-0.95796009693647,0.7452282044329567,0.11869995520055317,0.508230237950936,-0.4573071305910517,0.7908475984017882,0.003059026267630395,0.10252536840768384,-0.10700049069671212,0.12719424181389075,-0.5133851570490495,reggae
2.9765959338863612,-0.6164896721124934,3.677097873857105,0.5113340916613479,0.08875749676371499,-1.128125932770233,-1.1738407964659594,1.2700131962724583,-1.9520161589791691,0.7175001655118552,2.029797664779412,-0.814754593459263,-2.4684780679241576,-0.39059328674540117,0.8208249012272159,0.6080756868703325,-0.19278333479171794,0.18716650200769977,1.3699307538873027,0.5201555711352026,1.1933248592473633,-1.6438616902013248,-0.35521947180716723,0.7142231399579021,-0.0900904683392559,0.11888685097969472,0.711237756842805,0.18848473308046834,1.2293621066288387,0.059267518513308276,-0.6717904600897731,0.060198722611921156,0.7863836053078296,-0.19115840938845222,-0.06508939297884571,country
-2.1174969823518723,-4.499978206270721,-0.8974436488403966,2.6336605052174966,0.7274767165919419,0.027999184867131363,-0.9559640149986953,0.44635584146418705,-0.7163694789154726,1.0120099768214057,0.6522303137327063,-0.12424245310147249,0.9528604141389307,0.5785520626743816,0.21762253823540414,0.36734898973227675,-1.398310904194978,-0.2759614460866679,0.6268973438550439,-0.7665449255102509,0.5047817469769073,-0.14682359166412662,-0.11645258075881217,0.4368784800280576,-0.8325536666358514,-0.28883058788598986,0.21541815701598346,0.30326198311980646,0.09396411450510593,0.9541668510076744,0.35578204526323,-0.4535699124529797,-0.11566007940010632,0.0018361951317741679,0.6204489567856823,pop
0.2497244748746661,1.7273056098147261,1.9016622480953782,-1.0147022853649104,0.32849645786824383,-0.24562235506965122,-0.1717706987438839,-0.8315308932444658,-0.5825913420465971,1.4539853863359888,1.1631601432258418,-0.9589654229622853,0.13145063045016683,-0.9087517640200556,1.147181314586024,1.5863017591143167,0.03949647788541773,0.5897466618422262,-1.471471601474581,0.7132236506017331,-0.4898509019110077,1.9869770894578151,0.4990220347182018,0.8956724335623681,-0.01383805472766837,0.050445762768840476,0.9124299254018026,-0.3033199750134731,-0.9190890905862742,0.49096800284164377,0.5629209137873447,-1.5365408601823332,0.15124739421129585,-0.6957748220526055,1.159279167704225,country
3.9129784377350822,-1.6629857405032538,-0.9658851497411051,1.8264880437233249,-0.7999855338634241,-0.8009937334442792,1.695100709783957,-0.9097777438013227,0.47152428772957866,-3.05249858501875,0.9850347910871641,0.23123161395745717,-0.7307894821655405,-0.5644501068782902,-0.5184429869712796,0.7644006225149963,0.22454802929161935,-1.5429866660949167,1.8111323543143127,0.1546190544291794,-0.4570552779039983,-0.13057883364670403,-0.8555161142795032,1.3146663396046672,-0.009644856388849274,-0.6826035758419456,0.9905848100877493,-0.29281030207101755,-0.43120293287946454,-0.17483779714400494,-0.6942665460159037,0.26568672018003175,-0.3578190842649329,-0.0648354844888688,0.8911625807495402,reggae
2.535238608720102,0.7773948878182575,-1.9100507494954484,-4.1373272152958895,0.5921345489240839,0.02935963859576656,0.2690218355734394,-1.0322868403329784,-1.0437080407616286,1.2432695200540795,0.17455917675227303,0.03724969341618488,-2.6835022203878904,0.26833415892182655,-0.9067109634607127,0.5964832001450798,0.11111808059850029,-0.9719476984525661,0.5873079594656299,0.4534803125383779,-1.3083174764346353,-0.40945061764215696,-0.8126862071842609,0.25567597151399507,1.0228676220069923,-0.10944237900388343,-0.49472997862114376,0.9230408500403536,-0.25473682861767666,0.2045908078961314,0.6649026147561198,0.7401900562770563,0.36021627281184215,-0.3873679677900742,-0.2706728906018218,jazz
4.138594855375447,-2.042675081851011,5.09213223348441,-0.26370062141616113,-1.1791354757139663,0.4271518363715603,-2.095030134984063,1.8923949138609533,0.3935793530287318,0.1360688637631588,1.6222023971044648,-0.840790141239988,-0.934675725197996,-0.21810861678011856,-0.45997932625665167,1.9664207377769667,0.9008190909354872,-0.525463876627124,-0.9150304860722015,-0.4323264386356315,-1.3805020786073925,-0.8666508244490625,-0.6971798088243573,0.8280509896450509,0.7399513822711581,-0.3978305825893554,-0.9045762875986264,-2.147145686890284,-0.6604330160658141,-0.30742995651333194,-0.36465936679277705,-0.1771296212528699,0.501244345121489,0.20947359461142936,0.12807201595627127,country
4.603761004630208,-4.073329015569975,2.074906059901752,0.7208865613528316,-2.264308288734264,-1.0205842061733337,0.6568247825282537,0.9450276977333123,-0.9855533988057651,-1.3691250961289847,-2.681841182624234,-0.7596614746490123,1.5533600884277616,0.8865664031691176,-1.120390072654358,0.577430934075688,-0.30613888802908995,-0.08611705304371384,-0.650943639028603,-1.7750409919363466,-0.11057229647158141,-0.26482457201188697,1.2842423695253034,1.7706604415441238,0.11560444421085479,0.07417853427749602,0.0025624629279243677,0.8091866486124497,1.3886182769166726,0.9210068129752423,0.8433235017070159,0.597476034747025,1.044828655991293,0.5152162454721851,-0.28297778729504414,pop
9.084116071266113,-2.232275761103632,0.6850404631605838,0.13725381735172093,4.089829297053305,-3.344009404489263,-1.1270961284966885,-1.6779440048115737,-0.9196441227847539,1.350278399011963,-1.6703064836846204,-1.02335842930601,1.8911766668015486,-1.7097860475363937,-1.8534380226974159,0.16236254827032398,1.9899417351317699,4.197370835800201,-1.3747540243686918,-2.3599401209016087,-0.5549080330196454,-0.5862896885070308,0.2707211878778784,-0.8254255301601343,0.7370932299063915,-0.09144826184446658,0.5084921055849438,0.013206312196650784,-0.6782768153616584,0.1897419848938455,-0.7231427960982781,-1.3551067009689424,0.15942002677221054,-0.41225892072158554,0.3376616624630099,classical
2.6682284347538667,-1.3909077213661118,-1.8062313284027585,1.6882485410288939,1.257808829594823,-0.9940839722834123,0.9634115378880086,0.1197061695722268,1.1441116085313865,-1.9769552596664597,0.39444752431522334,-1.7194025690889538,0.11418293782590754,0.03143095899178208,-0.1942832782417588,0.025152539208435146,0.6513944090392197,0.7103057580403058,0.7255552957999982,-0.04511545715319681,0.1856441843031263,0.13572655989053065,-0.7274723529680936,-0.8375530796414735,-0.6046439895494259,-1.2506370044014288,-0.9312178588966694,-1.0795506256926448,0.8716417473049852,-0.3763076320235658,1.0750721820052542,0.2494181502554492,0.6046538672352417,-0.6731609428572075,0.31310546823265045,country
-0.16822090905101417,-2.6819794779278983,5.5630031559764905,-1.2168001431827113,-0.8171510082413745,0.21105082995050448,0.874876865948355,0.03414562842372579,-0.78633932576457,0.6843673631600425,-1.6538316504066515,0.1425293674710233,0.005373680544074777,-0.1384510900251173,0.9274342883680076,0.14019060591052296,-1.2357155985026744,0.643118393081486,0.05933022114751025,-0.32203269013929586,0.4263824534316473,-0.81972547931977,-0.12032088821660193,0.0493107973339192,-0.004366191583189662,-0.37546444236236065,-0.5884059932280543,-1.3689392878259632,-0.5190007848382862,-0.684997542595012,-0.23402146995145445,0.6249759994588557,-0.6485892776960404,-0.6777844766916299,-0.08517689858207239,hiphop
-0.7507289980021375,-2.398314621326327,0.35202563749998406,-1.751491793086081,0.43443433225198663,1.2590440308063138,-1.0488079362292324,0.7378895558435212,1.3993815980129791,-0.9505820563473837,-0.5163282131264811,-0.025484321513563942,-1.3047199011696644,1.41026067506043,-0.07226255318046348,-0.44418460452398556,0.7830908074580731,-0.7422178436591862,-0.08149425910146949,0.027389899268223203,0.9097922307608102,-0.6927738360971869,0.5801301293389421,1.2839062831695878,-0.29336705858727186,0.5224744918472477,0.838510148876501,-0.5556823719365169,-0.6289375408514295,-0.7068485157023107,0.22479780653597659,-0.44500474409685303,-0.5564110826613154,1.0082960485938504,-0.26687518255543613,reggae
4.881954728031656,2.5773273823832605,-0.26639558538016533,0.8141569870960902,0.07935703049367587,-1.620156658354148,0.09131516982617471,-1.5826169416185982,0.9818205706141148,1.481452639233516,-1.4484667915305138,-0.82300837432089,0.4551241961385615,-1.3218582079890653,0.5761299010137468,0.3998995522137012,0.6044198212818399,1.2426372408821416,-0.13144743609691892,0.8884445378409562,0.5413093800967055,1.8302911095042864,0.05684076368106645,0.2526298775149876,-0.5943817476625854,-0.27629327903547085,0.5673428345094029,0.9917845865703716,-0.7893104142417838,-0.251737600990168,-0.28494309401125756,0.08633589942161415,0.2524394523065987,-0.037704896210415964,0.5991206499640231,classical
-2.498773654243132,-2.864084742142638,-3.2093149558124763,-1.7461917715393291,1.3071011162394657,0.5965782732412878,-0.17497934086489317,0.5233262517766606,-0.564601132799086,-1.480612059527183,-1.3633497246690338,0.6070456578660169,-0.4881201030919699,0.13761098819210343,0.4319621594113385,-1.4047779028087073,-0.20731590614208503,1.452072736333117,-0.6917396942972242,0.4912392648361449,-0.14662913620972118,-0.6400211058681087,0.6086754724093715,-0.6034634371392025,-0.5690817604946034,-0.35149327284684123,-0.4730036337666578,-0.4966311585459734,1.1610569282472625,0.03988715814357563,0.6515460710171727,-0.03100402056250275,0.7873222025638154,-0.05143390674938213,0.3931807112033516,reggae
-0.9814626956306588,2.8636466965959353,2.1407619840008985,1.4502294588376436,-0.46743491948265053,0.07867955153576237,0.1491224861780499,0.5502886158576634,-0.179225589319382,2.378381812894769,-0.8341235934590095,0.25311936325322854,-0.6386057689564208,-0.206047155056583,-0.3503469620392814,0.6568981905532411,0.5958538152713299,0.27187022078841844,0.6031264104528018,-0.10771110543398574,0.0866135311358967,0.2826252700823699,0.12160270357977315,0.2552187127908007,-1.3294273852307315,0.529358310593268,-0.26314578711449005,0.3954397516965091,0.644026880736975,-0.5848987702602357,0.27129942435898247,0.5305915036303311,0.09600233364098558,0.07238735410654731,0.2698743050299864,country
-2.1696732007953474,-1.971793713675377,-1.7462189296362403,0.11473215934116818,-0.2542777713475625,0.12423397545672422,0.510262064517545,0.29029737094406566,-0.5628566051949072,0.410297148080369,0.844753771324773,-0.6788205582812986,0.4295128172775233,-0.8979317198193174,-0.6813237429819072,-1.3794900339993192,0.12204201259854719,-0.1359341893635337,1.1056095725694468,-0.5400176190871319,0.15522946883000968,-0.7308059760202033,0.002633233567153523,-0.19727676982527206,-0.5120517600289134,0.5907025193748402,0.9769333264633387,0.2771646991320153,-0.48222125273079103,0.0947758214638679,0.5942854807497113,0.11126267336197483,0.710795634002524,-0.03715353737207017,-0.09978625029978351,disco
-3.8222373027410006,-2.575860487369338,-0.32790824870040375,-1.4183181040958632,0.1609147744813037,0.8540673641391914,1.4136290651796366,-0.9766683778360935,-0.15681801101850779,-0.11833129914492206,-0.32915396874384845,0.13416445866476434,1.694132749031336,-0.23354092028772602,-0.5032492724412131,-0.17669895346656275,-0.4891703277348658,-0.6344145948128226,-0.2520629356703927,0.4133545820028396,-0.42936460410985455,-0.27062755130384974,-0.006758485536010835,1.0160521353673526,-0.22169377320210618,-0.3786811364286496,0.31305651830127007,0.3050035921337674,0.5345376281031846,0.08338494016381497,-0.3148213006707239,-0.22022041064609255,0.7558941637286595,-0.673597682543335,-0.5002790454004308,hiphop
-4.907753335643552,1.2514967593567483,2.1320128106737792,-0.34482470177061375,0.4241292267917553,-0.00870414039182897,0.4376676470929974,-0.00223789016119928,0.6143734087808289,1.1696920355493863,-0.04292341282237987,1.0518572960807582,0.12943147063838248,-0.6467419674169659,-0.49202164070642884,0.4925148308999741,-0.2169000266863913,1.131934867958113,-0.06223898414713793,0.042163582660009684,0.10156779918887729,0.09602178142741012,-0.3435846511664954,0.049855373332422695,-1.0492354303538616,0.01335961390979985,0.028325067331745977,-0.11034906970700431,1.1797526726576582,0.8404411455443161,0.17772973757890015,-0.38764410610237693,-0.15646145579849322,-0.09980389517912965,0.23064401678607552,hiphop
-2.9867123935638813,0.80238146557726,-1.5710890448421633,1.790692638758731,2.1399239821995355,-1.6752713691866234,0.863814423219626,-0.3044657869581674,-0.2526287898777063,0.20613477892777646,-0.700607203392977,-1.0560638914362461,-0.04174651021981425,1.1570363508459685,-1.3703301704828916,-0.0790820363793734,-0.24948014522601605,-0.17619826531320426,0.22025653765564407,0.5549371932828513,-1.5091890564232127,0.05607265954853316,1.0958488720341364,-0.9050955612437805,-0.3511317412994929,-0.34308633684416867,0.04104070004573165,0.07951025016153439,0.11973977191959528,-0.8430272599350835,-0.21737646310370848,-0.35386557966555454,-0.14098784039072088,0.05121179090538239,-0.8969462747431738,metal
1.7760149764086655,-1.7139801684492386,-0.859509789991908,-1.5988102491495946,-0.5967909888690196,-2.379495873492871,-1.7368399916281365,0.9285214273147734,-0.09723982741232176,2.2986019057499467,0.7411624521147302,1.4563548696132502,-0.7175320268965466,-0.09561113099607847,-1.014791750556754,-0.33125134414721585,0.43639185478279086,0.9426678059573853,0.03193000343741691,-1.1000537277801123,0.2971849898049833,-0.502552242213434,-0.6485291029912225,0.0621946570559886,2.0911015026476734,-1.0969339203382877,0.8312223883047816,-0.848672607457613,-0.12621875806299407,0.16944704217423895,0.6872495990206482,0.260265028082451,-0.4628831688241076,-0.6650068974834693,0.3940382392491896,jazz
-1.4780046968920728,-2.847981640572555,-3.5078770450873797,1.6598161258190347,1.0855073067689012,1.2131969835769147,0.20298365030771756,1.012007609419767,-1.516361753820224,0.22694574359431485,-0.7715655453911845,0.018997107966643546,-0.9219994177810559,-1.5221753194124936,1.1249345700114568,1.824882835959076,1.8459736864839047,0.38478720844939196,0.3426507174795681,-0.8070788880427555,-0.14689022700321933,0.9070388978594388,0.2975409480128051,0.5230146072750178,0.5193722706645922,-0.3176575119260585,0.8042442302938887,-0.22936021292001618,-0.5787305325333899,0.35505789693736434,-0.12669825807590035,-0.3312977216548449,-0.31428658560248474,0.09641488867856642,-0.38050699463844767,pop
-1.066237872679259,-6.225488616119337,0.04367324951654291,0.4068454959756976,-0.5456753845506187,0.04505196196656164,-1.2823646639987845,0.21884568202922747,-1.1267003302604233,-1.0065560298727314,0.8626788936381421,-0.4289133193982561,-0.9065801626943473,0.11110848518974818,-0.8796753164690566,-0.7508613983674886,-0.05155538632587211,0.029144595289587995,-0.04535733872084165,-0.8351933200108806,-0.10440199297591417,0.9176475477465171,-1.184060004185491,-0.033644099477399915,-0.842643849881379,0.08690417954122771,0.9905472854868876,-0.15377921991673482,-0.24806356897150064,0.5993138930734779,1.0381649949367928,0.3289742536328243,-0.3656295221955895,-0.08835763027525725,0.704485056588791,pop
3.8977332401962617,-3.970816826934832,-0.9554238256429667,5.502054108394158,-4.635423193676246,1.8151145258757195,5.507701936659614,-0.523002671749871,-2.5194593825235407,-1.2575552974949469,0.002385474509725013,0.49421549263576475,1.4556494059904042,-1.2089318148800383,-0.6510678939305378,1.078438049369504,-3.35838259996828,0.2365341903349559,-0.037706010288268865,-0.09156533084252179,0.7735635682123734,1.7833841321885238,-0.46094510847431464,-1.914199405043725,-0.14706914676427504,-0.9274889132078179,-0.9733717449810058,0.5378267785190969,0.2096929193792481,-0.5220320858438494,1.310789464294577,1.0878181349733538,0.07812690302830261,-0.27295446072549656,0.0996968476480176,pop
-2.587972989479584,0.5239332730133092,-5.429320676708658,1.357195653181501,0.34580849577666917,-0.02340662423398656,-1.5690868397049857,-0.07809837541382092,0.7534052105357888,0.3574742260638769,0.12221540727807391,0.5859488017807374,0.4115341476504345,-0.9287019599056565,0.662162359698109,0.12513491431772492,-0.49691349099493015,0.3062587942473106,-0.563810303940558,-0.12961698497100735,-0.26469055353317106,0.07465951429491846,-0.1787951732670393,-0.17436596968024226,0.3977629957566625,-0.42295005160740257,-0.1390586328047769,-0.3814158974039312,-0.2973123409338373,0.40649736761236577,-0.3497026403288973,0.8277705750240726,-0.18292987297880164,0.43402182575773973,0.7305917833389992,jazz
2.1330299897632607,0.15134641886616015,3.1740108909508593,0.05907945546105525,-0.9198046309988476,-1.2019697715110587,-2.2515948468286324,2.03325708028975,0.12912788440101652,0.10374107674326913,1.1989058370238637,-0.5379450591755345,-1.015380603988969,1.0604771593585096,0.3284814926452883,2.216256194401879,-0.42499450677047057,0.7510572668382671,1.9631288145923351,-0.3309516422620602,1.486249118265044,-1.3599070992786766,-0.5835922307079044,1.871390556770653,0.9844370165010036,0.06663961469188064,0.03590292914236698,0.15241791365131166,0.4656809337777156,-0.09826482687978841,0.9843251164733323,0.019633007355159826,0.17895669812740467,0.787020825414333,0.0017034564641948981,country
-8.163320286686423,6.262315624027259,-0.41101918406242466,-0.10786285498559461,-0.009491979922642129,-1.1253906326000473,-0.6593597610005559,-1.4674065680043782,-0.16635138729475346,-0.04470286820846928,-0.6570889443499285,-0.41930642327323453,1.6611588466174745,1.0015880511140098,-1.2105724163425482,0.2397763201367857,0.4631494688947409,0.2826360162155276,0.7392221220692966,1.0529843181831482,0.21598225050156258,-0.34474292672782375,0.6022345091826777,-0.5095736009507863,0.3018868552253264,-0.7298287764178611,-0.6246864905634855,-0.5949483092121007,0.3861665857870102,0.23063487069016206,0.14896636977909755,-0.4862087515200726,-0.04823477330285841,0.23905009256526247,0.005064717594360454,metal
-3.0271422715825125,-2.280639122489063,-1.8829014685943803,-0.2744005309216072,1.0331042074300156,1.289217510960386,-1.049799581553295,0.380279252693606,1.323720457108277,-0.2824392741147712,-0.5777487408607744,0.5958318225281914,-0.15682353913236907,0.05992145182174602,0.628154638217632,0.003032993921069494,-0.017736280779738253,0.6896618148708535,-0.5886314369833718,-0.09081231822536971,1.0334983187606492,0.1643563198145736,0.5199339238686213,0.026478009584464432,-0.429499315311516,-0.13801568336743233,0.20550137619994754,-0.23902197318857724,-0.7204455657525758,0.043562991485134234,1.239916606440015,-0.33303861360659615,0.5867975755169028,-0.07170363030577391,0.41454571847343097,hiphop
0.23485677240873973,-4.718309075341968,-0.6449560549790117,-1.095914435091435,1.5408845358543788,0.6564718651283402,-0.27522207389789954,-1.2221460426854018,-1.6612344507462589,-1.103331141743677,0.655168356685821,-0.16847632377181546,0.7760630448430351,0.6150081552300656,-0.7283875198542087,-2.1495240199254746,-0.9210929894191724,0.17084834941916838,0.06455149726961099,-1.3517813900083095,0.6321698819152433,1.0977541025665625,-0.9264030643209641,-0.735940699041969,0.2662731232727076,0.997783686659826,0.7657048649611924,-0.15457152156514384,0.1201289563364619,-0.2995509226517317,-0.24771577356730964,0.14861416615778228,-0.07168654973429602,0.07871157715041704,-0.4345566594273756,reggae
-0.8916144390177083,-5.100208525189077,0.08458481901219717,-0.656817020274443,-1.38722165921852,0.7175713170020956,-0.44943865763693397,0.09282304573946944,0.5013181261418233,0.16207196531847815,-0.06253537931616146,-0.4384111405871171,-0.8522439631964007,-1.3383579296302224,0.18178969036504336,0.41493245200280554,0.3955798462331642,0.17133682689751342,0.17432157413982213,-0.2432441844137004,-1.0080722394738482,-0.10975419278900442,0.24310810825923185,1.1060429577848494,-0.0031055367531238553,0.5258491523145506,0.9244453259758723,0.3503508183117084,1.065531122836039,-0.3054691707565731,0.21854593355716542,0.5268261613339684,0.9031538455577461,0.29005151010869445,-0.4312024175129628,hiphop
5.163211923200778,-1.9469915563870204,2.390935912402301,-1.1682155222853885,-1.1827764960021172,-0.8020777072312156,1.8640435593277431,0.5294858534372614,-0.006832653737795784,0.19279271794830205,-0.39427734775510564,-0.43052129412285817,0.08299605633904734,-0.6841649990159807,-0.04499529856353157,-1.2653362406595987,0.009463239768713409,1.769790246593552,-0.10927875751730905,0.470766941270746,1.1645199772496675,-0.09540867231816363,-1.24060410259686,-0.7306950927803892,-2.27724751272655,-0.11032022059799321,0.1909373100403842,-0.524868536847257,1.3333602738533665,0.7373055750661198,-0.6267141901627884,-0.07137349640289688,0.5090190243839189,-0.7113456727856738,-0.1442170609506402,country
1.2006727063188773,-2.2441922946743307,5.448078180639101,0.1966709032668483,-3.9509006207737305,-0.475535007520511,1.396764520174272,-1.769048590947238,-2.1145612032183925,-0.9474237758175225,-2.286008465302367,-0.2187329836760667,-0.7818439128165641,0.42609817079641593,0.41051458602848034,-0.4506031879023217,1.775867016177112,0.06800434632878043,-1.4045893925664528,-1.430935073274573,0.024084316471496642,-0.9329636303613597,-0.19343263866476867,0.3579391250537912,-0.10341113250870362,-1.091623375362876,0.027238266710674437,-1.5904559022785503,-1.0267378004781158,0.04191728305328222,0.8750313782919443,-0.2034297706883168,1.4003819566083682,1.0550660691421576,0.41773373269548025,reggae
5.9306555142115025,-0.6821016137711143,0.5559763902596692,0.9459711321174404,1.613083698127139,-1.8506352078969008,0.12258259631738953,-0.46289937118835306,1.5545006318192578,0.5172143229868501,-0.323369288942551,0.9554007169270751,-1.3576509205957714,-0.4550966787327607,0.9735152678364679,-0.9966751427588936,-1.7668991724935625,-0.5579614821675086,-0.4114629730476278,0.8995246333702431,-0.7890059392517064,-0.5943126887829314,0.935993682017428,1.9840943053423397,1.0789584417401807,-0.28595837005011804,-0.6198962352386191,0.03169966859412629,0.11959942693021756,-0.5785660285063203,0.8308120070721257,-0.11417227010188255,-0.5046739430056109,-0.602097511494047,0.018940854340878447,jazz
-1.1809768791735131,-2.1144626948372993,2.467161988654084,-3.430436388397289,-0.9374711857389231,-0.6442063381288687,1.0425313085127923,0.7594419644470219,-1.051596880536719,0.6536193725756917,-0.06545254469856163,1.2726479444806114,1.6126777406590882,0.6559683637971764,-0.12287629754912854,0.4124338234876241,0.9483511040908778,-1.2760797734169598,-0.27991804628073597,0.9225351760644043,-0.30573028422751775,0.20286425625291712,-0.7703822002494692,-0.8227486788633964,-0.3709297179560787,-0.2844064271089733,-0.5088372679741632,0.5659567082258102,-0.44150614866113663,-0.14939327957328238,0.07880577545284705,-0.24962817963726663,-0.1933056981628652,0.15599932731241484,0.18361769213445508,reggae
1.6759924798955503,-3.129880159187726,-1.526406812070642,2.8782426402406585,-1.3489592075863384,0.8153915102440309,3.0253748631305593,-1.6388402834232931,0.8460928948411558,-3.3850176528166096,-0.8682482104480114,2.024888332798366,-1.012022134211759,1.2253640824730803,-0.7934609106239414,-0.8035408293403902,1.0319480126295026,0.3916818873197721,0.5804013905561017,0.8034965033550757,1.0275382640994055,-0.9064849126593824,-1.1179795853849614,-0.8398877097943129,0.38687315956324037,0.4888362554528781,0.28274133960106784,0.5405653505388505,-0.5798034972187632,-0.5070704432469795,-0.2158550637828281,-0.35676968718482455,0.20477683734728072,-0.012244693246627015,-0.048493987406195135,pop
4.766034045051448,0.4629505298462031,-2.6506326235583195,-0.22664039282748735,0.12648201699286177,0.49498411587439173,-0.17298350561432427,-1.1345871472977882,-0.7981692670488898,1.1217288895693476,-0.13504864503833347,-0.33557751399763236,0.19422734893625782,0.7187967639958304,-0.1117999167857806,0.5932599152733264,0.35586404719677256,-0.8049429381364751,-0.20580250868630817,0.1518846910538517,-0.5467945093745143,0.44785860057625787,0.29012962733759995,0.22944659243555912,1.7126936495175542,-1.022544818819246,0.16989326247984332,0.14475131079391815,-0.04370887280188124,0.08233511399016816,-0.3571712456221949,-0.5439571263760006,-0.8432829084510567,0.5141528809405872,-0.5963102441281767,jazz
-3.7587579090022656,-2.4905712369676096,-3.529033142354419,0.9103905072518914,1.3880309457594588,-0.9123093868979959,1.114545071034386,-0.01231888528425591,0.2000023496819215,0.5981143553809004,0.05687847692916327,-0.0546022146580456,-0.7734224416561107,-0.335967013674692,0.12221153312775052,-0.5781522496117103,0.8305878457372224,-0.5310649131030714,-0.008109858544171305,0.5035678274519116,0.647583753129509,0.22761712305698711,0.13646388359990952,0.8043643567125057,0.3915963254116396,1.1019651839482913,0.8332037934640906,-0.17352540762337956,-0.19985262644506943,-0.37505950416464917,-0.6707299143405372,-0.17388317802257372,0.2994461786595763,-0.26111942752173434,-0.03365209439979473,pop
1.5169831957071205,3.8998223882601466,0.16590826756307422,0.1431988434912571,-0.28289397906519004,1.531941438265804,0.26200657934095434,0.6173295144646238,-1.1618116188950394,-2.1170425540999576,1.4121569041731457,0.22998968745882611,-0.6198173057375583,1.2957642694190465,0.18399885937576502,-0.7890780198252112,0.2804701938931938,-0.8528104490305953,0.4117979160184544,-0.7228756429868768,0.8204931103479334,1.4642031586587172,0.5100798066814362,-1.2472367466516412,0.43931495619744476,-0.22156832756842143,0.6831814531649353,-0.12408853475517148,-0.18145368524022634,0.2887753317006351,-0.2817506620020644,0.3603745819871299,-0.027120774219719004,-0.6126604828846127,0.1585089742111993,jazz
-3.5010111664561534,-5.107959964408641,-1.4295824829988746,2.489650699212959,-0.5971741845663614,-0.3235701555612426,0.25939120197387344,-0.43378776710435146,0.11032197850336393,0.18470703838876154,0.17777895429676766,0.0195649800677149,-0.9202739481557621,0.7450029575627358,-0.51625770419036,0.5261770432110757,-0.44947661015048807,-0.4125528396242915,-0.255650225333128,-0.9341111273209792,-0.4166301458380689,0.3856396856870382,-0.8905806937745374,-0.07433003608151724,-1.6748411018194607,0.19952474352729838,0.25626340124362346,-0.7071560226813366,0.6715820379670662,0.5145493849489778,0.10192777604945717,-0.07673981546813,-0.19816958217092026,-0.7164260494553154,-0.23253704318258592,pop
-6.054455895121661,5.1616869309370585,0.23417960175395516,0.9643686152400929,1.1998365470205639,-0.9696575583266589,-0.40524015253396006,0.2816499716570459,-0.10643382736072671,-1.7242452757337396,-1.0062843661265786,-1.7120746893877112,-1.4130318559896566,0.10630681884672838,-0.5251303043357921,-0.2744391739088128,-0.5051093517614784,-0.3967428465511843,0.2688417723514999,0.5574527483092682,-0.6595167463018519,-0.10896726099272734,0.21267290488096963,-0.6645323045842919,-0.6264003053019436,-0.14850081515881566,0.10824089483461118,-0.2142374627546041,-0.9248477622287521,0.03489147373831804,0.02916540444396087,-0.4654264759415991,-0.30236802230908,0.5608567272285437,-0.3233336365465118,metal
4.05104560736867,0.35278792717752755,2.4421720746222877,-0.49017368526118843,0.04756267102851586,2.435865020311137,0.2829409530126194,0.7970863458444145,1.4360741645613244,-0.16989279298334165,2.1437096201946084,-0.7251623380570271,0.8077426696019808,0.9784011907715539,-0.7729426656681772,-0.3812112050282482,1.3725977640116935,1.1486446683602725,0.18301313617176918,0.6158257592905099,0.05794545999891487,0.45464724890496155,-0.07874036792835672,-1.5010143071207418,1.1564639872293667,-0.31046852838043143,-0.6440022568822461,-0.014499310547393647,-0.20983429581413493,-0.48863148416240887,-0.2895253565520786,0.6597781082544854,0.9793921205905526,0.5689470599073421,0.24136743647219877,country
0.39927948469975016,-3.3233202129001085,-0.7955920801216793,-0.1686337901650572,-1.235288486284346,-0.7939309705471747,-0.34263805290614463,-1.1268303750301274,0.03133790344327968,-0.4165964172065429,0.10298005646624059,-0.4367117058519707,0.6454503502888889,0.5310089356450272,0.8283999164934902,-0.49717440988852984,1.259557821305679,-0.1517659177305866,0.37429626669079424,-0.15937315726682563,-0.0029918299529038093,0.7783884864841502,-1.1140198676391124,0.8706294287349243,-0.1598626362572208,0.2652509616463399,-0.3981743785375501,0.42235543363643546,0.2914864772716356,0.041254247700982925,-0.0707809341629883,-0.0720055978246995,-0.23387633539834365,0.1416838173220781,0.17374431072211352,disco
-5.757062739263104,3.3767277535152145,1.6356524374089814,-0.5088237011008797,0.11348724620314156,-0.11024820014902649,0.6256996403001538,-1.5715251170073499,-0.03494431914309814,-1.4305601456096373,-1.5919752651577448,0.37547793587956985,-0.13154963259794555,0.5639998211261928,-0.12850180127554514,0.390759569373693,-0.12893568734556146,0.8345790276607495,0.8300248578861885,0.5692270263905714,-0.20417224877703688,1.085504144923417,0.6999768955066321,-0.09003526098780773,0.16367910613509312,1.0790441998050935,0.6075418855713757,-0.05186438271922736,0.1901775492285311,-0.27921174055431736,-0.11615736286662297,-0.2703671223101184,-0.01461127312131009,-0.44089781188818467,0.19195894217227671,metal
1.5212066528605432,-1.772499765463421,3.8639073984544607,-0.31523692450494245,-1.4514576759039866,-0.9480878110882005,-1.7719126443634183,-0.3054619249023529,1.665270191969954,0.6120782183164951,-1.0179319260278015,-0.9922114320569476,1.9659221955614408,-0.8475773832491964,0.10189139859009305,-0.9179458943821526,-0.5731925330520746,-0.26433138647179016,-0.8723602458250189,0.9727935950389983,0.127861898706503,0.5515425394339263,0.16151735391744831,0.1604529452788201,0.1114918036658416,-0.20340214335963272,0.24039490022348162,0.2501485950509299,-0.7436405549388263,0.40808734082804865,1.3549983085830744,0.7098740741379589,0.7412104426395997,0.03700773281236492,-0.15378123332166485,reggae
-0.8161689202940718,2.471832678111035,1.9111454607773923,1.0100929139728236,0.33721748951954444,1.7725154401030572,0.01763842390124977,0.6700832288484552,-0.5787980029599344,-0.6561561888293053,-0.9047538575758423,-0.19896963529760045,-0.7502610699351742,0.4370192437676896,0.2645342765193366,0.24156648218973326,0.5867186027826682,-0.3995452548566474,0.04503290625352993,-0.6478821368629214,0.7436330238584341,-0.3984360614735588,0.7442425741882598,0.22229076967872025,-0.12243969793993058,-0.6073017636274068,-0.32890706621657395,0.6412654332823736,-0.20647036290128779,-0.08150356733769501,0.04265414924772932,0.09325506751709076,0.30101489252330177,0.5791274623643937,0.17411004719386913,rock
-2.1684485352776277,4.266958839336649,1.3252570667649037,0.38298873567808184,-0.6087865355239049,2.168272149423813,0.0563209393183265,-0.025249148484788656,-1.3385283395898548,0.80711047033078,0.8709055345381724,-0.7198463241244057,0.8418806222425163,0.18246419483373907,0.4338358066291813,-1.0005218286025013,0.9665772376649657,0.31655066665773984,0.010593157382272312,-0.3452597743143278,0.2767662129407443,-0.554583191626744,0.3965630221860683,0.16193504131525607,-0.5807382838933337,0.5298183715706364,-0.41943789392838143,0.06859089136518964,-0.8010137161899571,-0.4853121556574004,0.3517006955817866,0.12152751587789684,-0.14689962894519928,-0.6777799359011882,-0.5110256469044419,rock
-2.5402492129375727,-4.763308025271332,0.16239129348299672,-1.7700209911137663,3.8884055060030747,1.2903499459690524,0.35018845614018285,0.3791619732564104,0.8858787073418802,-0.4755344881012301,-0.08017844136992207,-1.1540551925752773,-0.025955265845510257,1.134057876366651,1.06109839498628,1.4018364677578452,-0.369047156612646,0.11356112921124864,1.8323183637644274,0.22896535445996333,0.29058886428964836,0.3779101960301187,-0.39972891551384987,1.4027461454510264,-0.018322655073679982,0.9915865480305087,-0.449595458787087,1.0918682739200918,-0.004469187847374362,0.08769995560250862,-0.026627919538779306,-0.2874004581851462,0.27656878819110214,-0.17333340535881053,1.613707260199669,reggae
-4.452152157152458,-0.3956651761068248,-3.1118007167970343,1.4582926070468716,1.122342683747539,-1.1925601010234481,0.5003822324696201,-0.3740498822861764,0.20227533820928933,-0.09668898751526137,0.16699646585975828,0.14541703107282866,-1.1985693377510884,-0.3818545200797704,0.240837711683807,0.17394743789397604,0.05316067284622611,-0.8968948124522547,0.7881880122567829,-0.04554635329992312,0.33636268678476644,-0.07563134581461091,0.17722267350956328,0.18051940793583163,0.03245960792422863,0.5736608108105783,0.1996682466764598,0.022768301915850574,-0.5010267923531994,0.28992646898280566,-0.0716493147915385,0.24243487361947608,0.4491325982647815,0.47691204990260866,-0.1897502460786209,hiphop
-3.9344650396926437,3.4488544910829044,0.9718207852582798,-2.0278118082683303,-0.1192122023820321,-0.9547547367624014,-0.5135572391927832,-1.9062526169942264,-1.7765971591739205,-0.9550071856414827,0.587594932905385,-1.682643100603885,-1.891092329792923,-0.4535865914227499,0.20112658551767912,-1.4009846855140733,-1.5008629887649116,0.0836389471631803,-0.36828072255518624,-0.3118109083391372,0.05274616310120526,0.4135331368519762,0.3466164693164432,0.3701695777895975,-0.19427913474323297,-0.3914820794168146,0.18713648760437143,-0.710690436329698,-0.9564810978023615,-0.5825309966794762,-0.21672624576755906,0.7565290627761223,0.05579809530927508,0.43950841352124437,-0.5264807463385042,metal
-1.4860904556588361,3.558243486442194,0.4370488196532911,-0.17903280265103394,-0.5375847021451079,-1.9366910690297554,-1.5614353023898848,-0.14770390406249564,-1.2623316358881458,-2.0398566267088665,0.1755852868731697,0.8924856653380627,-0.3202188585787559,-1.6089899201690658,0.11066614863827176,0.12276017978154494,0.5431595684807728,-0.21584151895104922,0.37749202536911897,0.21613400702531332,0.03614664645638836,0.8368129130450284,-0.4404282104486624,-0.5717544040342972,0.11726076118654633,-0.28833621750643323,-0.19943818154648693,-0.5064674759165606,-0.46628045308789845,0.30863272819583315,0.14920437943164552,-0.5236796289320861,-0.8482872613501029,-0.5722346467026233,0.19253659727292877,disco
-0.8582782337257486,-2.009710762938979,-2.744413181847018,2.1322516977686767,0.23634662124660652,1.541211678679747,-0.9949514392405923,-1.2472388558825676,-1.253649640242549,1.1710396915720362,0.3222429744353448,-0.43046535844487127,1.0753290957851134,-0.23050970231236906,-0.5906666313001467,-0.21767288044271493,0.3380910870282344,-1.4634166517965002,0.21931246780666194,-0.5818585431318337,0.4545128421061462,0.17766860161683137,-0.8914546473906922,0.3234849805305134,-0.1589335587940443,0.20098212563773019,0.5454424210825857,-0.20442922698728436,0.3091624175126601,0.4185390836238285,-0.19939911357134152,0.6183813324425784,0.24631678066439106,-0.15157310423228182,-0.731489118256166,country
-2.2102969457127206,-0.1376615022619952,1.8960070361554866,-2.71690796577551,0.29940220562854064,0.038367454208141444,-1.5296906544897322,0.18223413164829036,2.137757484541485,-0.8920464776003623,-0.7090329688558016,2.4715484848204907,-0.28254596554500566,1.0927055980021796,-0.1345081406247538,0.32313448957745666,-0.12952492644444197,0.2699292850845723,-0.564689938839124,-0.7565667611468533,-1.156313995894216,-0.11149955864759711,0.6004514703856128,-0.42997692774043506,-0.23994816005532726,0.19223232368333368,-0.25588853313317744,-0.09782073848998367,0.08071863649734644,1.3260739176485719,-0.07449360371061248,1.0962513300117809,-0.1069525514302236,-0.4447671717732132,0.07488281651768375,disco
1.5187050155149564,3.387195447972084,-0.5972542623976296,-1.3713975395305205,-0.5383272155427014,1.9838672581022567,0.15036464453195847,-1.6058428944034013,0.6510030989736001,-1.5890581922406284,0.665001108340951,1.273572363740702,-0.008968627350938993,-0.270661726270146,-1.6854578637699158,0.6952022433371668,-0.4809161513904507,-0.016761919618136754,-0.38994873583941236,-0.7000737756568227,-0.7134109528285103,0.45684485761189386,0.08323928575566394,1.2043040145075252,1.3339696008988478,-0.34814670530551495,1.2173717544963711,0.883170091337318,0.2856326262919699,0.7559990624336881,-0.13642432999498982,0.6856373370228754,-0.3716249074748142,-0.17031050861455824,0.3472473537384911,jazz
-2.838745346333127,2.203012877324814,1.5222896833374713,0.004334783883218844,0.7766601894936385,-0.9427879261071205,0.8112015734954063,0.1706807064893411,0.4856289525902369,0.0882396951279867,0.3413063425326635,-0.2688357895712364,0.32775141846228245,-0.4287761962014583,-0.46993254799032846,0.6904430446312774,-0.42932228120755506,0.39026884254249716,-0.4169915573850029,-0.3007031902633692,-0.37017927238933473,-0.39289349859842987,-0.38465061949285795,0.6554131941054205,-0.23140952793289618,0.4135494136793534,0.7021562714505781,0.7109285967913116,-0.6949803175668796,-0.05879837397206452,0.11924841182142774,0.3694624154947044,-0.2830858358327406,-0.9111874932103076,0.2419530509327522,hiphop
-3.65965896598655,-1.2953316169654143,-2.776018347449941,2.6751192465805635,-0.09153594241320658,-1.2934977629367161,-1.3785475536754612,-0.01652411871330254,2.283665182567957,0.49189637312889956,0.06850807125567239,0.26577207605901,0.5002260157459671,0.6366625020076428,0.7491483165119822,1.3713409391977964,0.35075270987526397,-0.0014961013102325425,0.7731430415851088,0.994043971753013,-0.16256398712445738,-0.08052816396184755,0.45469967044145276,-0.834720270903323,-0.05523290033767198,-1.0509416540910343,-0.17060661090788315,-0.6183756702718954,-0.6865528199407174,-0.11572532942123821,-0.8961004573541563,0.3688965272331716,-0.2816003279756582,0.5564869407790611,-0.16162733150342257,country
1.2616156580330993,-0.17732607682434579,3.4328249698341153,0.4539921392749721,-1.2017096899473556,0.5795470528325247,-0.857899551950097,1.5639330883878237,3.226573722316068,-0.3385960460656401,-0.3124836467829631,-0.2135787394359843,0.8699223586700334,0.5958134508817452,0.2277764947409782,-1.7404571127699646,0.11721421450864355,1.7083993693087485,0.19913620929371356,0.8279953912003962,0.4372144197448005,-0.3279915230472373,-0.07919034650380602,0.35177612089788957,0.29172013187836454,-1.5706525751303362,0.9843400580167506,-0.17784528781217407,-0.00848936828851575,-0.6034506369144332,-0.22882737970995612,-0.47653389345753766,-0.1120116959590573,-0.8991705723024755,-0.19878050762815155,country
-4.752102818973447,0.6281735800870688,1.4081216482971424,-0.5794658876173973,-0.10823286994580293,0.6027195286036909,0.6524403259839909,-0.7997218263402938,2.0358098415912105,0.6539763863754163,0.5889563937067723,0.02323581605066948,-0.9866691216780524,0.5990243682404477,0.18941183492496233,0.3793090692158051,-0.8721806764522885,1.1643911297310106,-0.2574482471716127,-0.6155939508504662,0.302671240566621,0.1478728237072087,1.0160669810606096,-0.889107037968098,0.30005154812403817,-0.6500314949169994,0.8850541105556408,-0.2581239449291559,0.17053423840323484,0.2985505975964727,-0.024250977554947532,0.10061364281431874,-0.062265321234635025,-0.12935101738926238,0.05917885944880689,metal
-2.1775382061845665,1.4269723295062575,3.00352575139749,-0.28365987405897475,-0.9708670175449008,1.1667551292525558,1.5113811511658874,-0.6976574015342696,1.1600586298397824,0.3377945061154796,0.4362197240905577,1.8187811814494474,1.5594469021157513,0.04529252198689205,0.7963355665485506,0.025884894578274337,-1.7208021022469595,-0.14114465100316406,-0.34220043261865696,-0.129952424887789,-0.3108569146598349,-0.1489872305507728,-0.5702184771217873,-0.12475561010625778,0.001586376199961497,0.6472962123292811,-0.15020588897080628,-0.6872758790942747,1.2428372037049753,-0.34752269962578464,-0.09740582395136516,-0.406223777735559,-0.5227245943848584,0.003739676468972401,0.6398209313263201,hiphop
-0.5297923309589907,-2.697735971598887,-1.4419260459427576,-0.2973195187794525,1.8287978030939234,-0.5695385895739132,1.3927930057971185,-1.4118950881208068,0.6861428808143725,0.26344011701139614,0.12870930621302337,0.9488116054938909,0.6714837573892222,-0.6471702104395517,1.3745151921139953,-0.1832974090423098,1.0574566759950752,-0.6430784007167761,-0.21120131154004582,0.00556194971626486,-0.4526279289772228,0.47391147235033937,0.12301641257921783,-0.6692104438351586,-0.4394817238816518,-0.2339095589699243,-1.0133338088260138,0.8449434993729256,-0.700596678340974,0.8358887960363186,-0.08537239195472127,0.5616146507693137,0.04519771878509493,-1.2247847050531249,-0.43935446194111893,reggae
-3.047030715337691,-2.594952116433543,-3.8587250041320718,0.017913433758292137,1.5301871329442402,1.861976811939823,-0.27122215678870953,1.8338875140639312,-0.2767578385661288,0.5801243490098497,-1.1615617237675002,-0.7054508962587148,-0.8039455400613378,-0.8357468407380694,-0.12844036283758023,0.19564553231953494,-0.18109547432856116,0.36887703270025957,0.44970585012428893,-0.9942131329058952,-0.34272854070536457,0.07642716118734562,-0.8411662527594035,-0.24156911220426772,-0.13163350930786702,-0.6487325299456249,0.0368533430312052,0.12364136748612603,-0.3264324059655052,0.1741416006583456,0.16915622709567388,-0.3265754555924459,0.16660326259993702,-0.06735901411769811,0.29824322669590647,pop
-3.181372429270723,0.35281909973321335,-4.554012522990267,2.5896945892456507,1.1730106141734014,1.6172330566281106,-0.27934248163140907,-0.299632704578477,1.02276782773276,0.0568894824061892,1.320939947653037,1.474039268498143,1.1049135509419854,-0.3112639290812861,-0.09702994487982754,1.5627850400230758,0.053249373871786715,0.36790818500617106,0.29335629468046986,0.6351110991245367,0.503741415599209,-0.3207627061290311,0.10953312431819832,0.4720562568759694,-0.17831721729530167,-0.4022891557312596,0.04526963274366347,-0.7316198473862403,-0.26702926182767894,0.08704956899346578,-0.34183827350403323,0.5356649663442883,-0.23931645396749002,0.1664702759897603,0.1477485327228184,country
4.631749023055887,-3.842912727883331,3.7841716032405257,-1.0688009900414814,3.9097089665874987,-1.2520065193492467,2.0454124976591666,-1.7409807337963321,2.7577072401284806,0.1085743455224541,0.6623190416047847,0.8435333009824564,0.6635764756480774,-1.7249465954716232,-2.407279471276868,1.15172024383705,1.0547278678121637,-2.3474080974031257,-2.5374615845424313,0.36006212796346804,0.08281143112294502,-1.9181773228989774,-1.1413657389596554,-0.4249725921420266,0.4920842298651949,0.306819743416491,0.8633154765213805,-0.27121366509073214,0.2982915244524039,-0.6287584711179417,-0.6753848394302809,0.9956353297794827,0.28977216777162024,-0.4138752998078371,0.6885505190761497,jazz
0.9422862645613307,-3.375689858103678,-1.9998324756607377,-0.6273762914563895,-0.7357967676306305,0.5805359075998823,0.4941745528250542,0.45994511377216035,-1.3745750387331643,0.14576192680112718,-0.11859289252351755,-0.7490953714449183,-1.5182683119911222,-0.07105460181524537,-0.07083058120620206,-0.6169633718828512,-0.4336109225712014,0.5702671272689777,-0.5204559595234387,-0.20975156131372472,-0.9928854740612147,0.2857386426799978,0.23978161073635912,0.6577075119190182,1.1377406593760913,0.2827090516779514,0.2673419578910296,0.04091382685327265,-0.28576497259056116,-0.6887555553410143,-0.31596547180166645,0.14616673475338085,-0.009864756918020946,-0.5567495368102083,0.563089090611285,reggae
1.1834297987588998,-3.321868221179311,-1.611286196538725,1.1787789267985533,0.4547014943246783,1.0993252043336317,-1.7780725405853928,0.34822426521535,-1.610870239013499,-1.072546274992703,-0.03025589398685652,-0.5627218724018013,0.4906199785243903,2.3028869816693587,0.2774239676901533,0.837419587325418,1.193577636787861,-0.08551355444488878,-0.20052827642139756,-1.1772271721752354,0.7413090835103109,0.5718073301202629,0.667906113130897,-0.6374087068559475,-0.9470481577647987,0.1434363063176644,0.21692734150120155,0.6218853586947343,-1.2597333512648787,-0.5160078416421249,-0.2894494693233353,-0.4312997772350591,-1.141425024459424,0.1483708812216267,0.021774865401027743,country
-3.5324458886444394,-4.082442294281051,-1.9277363163497416,2.4953435411157203,-0.2283120965742186,-0.46800397931714616,-0.7276710917804596,-0.012245767836146464,-0.0006462051083496664,0.2970142657910287,-0.17881962677216057,0.40232936228323357,-0.8809140380371477,0.8231953019089071,-1.375064795693762,0.3989828947945768,0.007993987268601488,0.6616251986896017,-0.06378978952597325,0.7501863885552652,0.6020380874970499,0.0759888148793781,0.3888059052640317,-0.001563032353138427,-0.18207192485819707,-1.075212620404215,-0.22460354181826814,-0.26468762804221585,-0.6105612871902564,0.08017692614047996,-0.3455966686714447,0.40994837687271785,-0.3955588637847955,0.4212291239104025,0.20116717010514795,pop
-2.802729441679669,3.965708136104033,1.2053853762466624,0.26036888020759313,-0.5886625634437296,-0.21497330414891105,-0.9519776098443502,-2.1677090750139953,-0.386361407044107,0.8570838331035545,1.4832397332182317,-0.8397236815733297,-0.8340544838767032,-0.39071602989795257,-0.4204740654387686,-0.1516578584175903,-1.1357959493274064,-0.5873025958607418,0.24855519874551266,0.6100466949806953,-0.04957413789111712,0.812546946764289,-0.7304440261970344,0.13348732982737388,0.5139699348371278,0.42516594136238944,-0.06468733848199588,0.36344409241743364,-1.4114655075531215,-0.9110724151092686,0.1090833618079368,0.22892570769574866,0.09308520689792543,0.33458794309522083,0.06579415184056783,metal
-0.6738973009273072,4.189958059690125,-0.20448699856471989,0.9878118034755566,-1.8401336415139722,0.2879448218685889,-2.4732911140952236,-0.02432603854366057,1.2682659068961604,1.404667856626201,1.4540956382361652,-1.0920324189041772,0.07352357351793151,0.012162785038285611,0.34395573788326245,-0.6067503925340104,-0.44555325233654236,0.869693671725187,-1.5078178264814,-0.10059716381919828,-0.4941322636189446,-1.0300251172089603,-1.2044734448838472,0.6685084412748659,-0.09000511592830242,1.1504233484506767,-0.5684002634077343,-0.10318015017206207,-0.02627349817531231,0.23077614786965903,0.050838849516292785,-0.08128286492674118,0.14085983118813944,-0.32782076173538605,0.09146855935414834,country
0.18821421931073629,1.8421422698382819,0.4859306282165951,-1.8249614493196964,-1.864319815839347,-0.312940457290693,0.3491208401005237,1.3791946748135193,1.181107125702036,-0.5104373879264653,0.351197177963449,-0.7654809982788126,-0.8755729744714861,-0.873300868735486,0.9515800616973248,-0.3163364508083602,0.2711878932078241,2.2590484660475676,1.0378428735081735,-0.3274221183138497,0.033478862475546274,0.3532112245661304,-0.9052850223379694,-0.573047414042179,0.6845790122149099,0.06499811880007932,-0.5504438325594284,1.2573382466610938,0.4929225245174793,0.19647087161045532,-0.40507923280130986,-0.14099739557455995,-0.2641999111387612,0.5184739920405308,-1.2046877914496252,rock
5.130622952350015,0.786729790589533,1.2439840674032276,-0.13003637850887292,-2.0155741439575223,1.1795921069463087,0.4197188023996596,2.424748732522709,-2.935178615259251,2.2857336619640813,2.2971579590220985,-0.15112763525891576,2.063445986589882,0.5214341430287377,-1.5697065590609844,-0.42834104707053355,0.5089139930641717,0.6152037799500026,1.0633140838087451,1.2505940653240282,-0.21117242191715135,0.9373773362162336,0.25452687297553,0.6613815486810143,-0.590488388019855,0.5413836925307348,-0.0888035880148478,-0.09943095649639265,-0.3022773183200881,0.8200147839497236,0.6903887984510882,-0.16469567317437997,-0.3818331164093858,0.8092915111711224,0.2824058708669333,blues
-0.26376172874510184,4.724037915045917,-0.15877832681098458,-0.015417365882486824,0.18826447776628955,3.593044373405236,-0.5282756259819826,0.185233166729167,0.18064350344527128,1.541243137344773,0.17538428557615646,-1.1149647570166954,0.30694849486563996,-1.427478514273768,0.4908248670624152,-1.569527620321633,1.624466214342268,-0.6940391666391518,1.023948878208124,-0.5383165996391566,1.710018857098063,-0.3912983551836693,-0.05261760423182176,0.4010800455322928,-0.5673203522649772,0.09217986721050583,-0.08317866868373897,0.8665377478912182,0.08746576948161075,0.3419765453936083,-0.05885800384182874,0.3727538727353353,0.8051661850054227,-0.02036601923821455,0.2201328765906447,rock
6.741703033457817,3.0261537945793133,0.7944060424496401,3.7257623688775245,2.870609049365535,1.8208297587611606,0.6385677309501546,-1.2456936462250512,-0.21434570019379146,0.0539609158901121,-0.6046932111139314,-0.49718525558942916,1.1213137524427925,0.33730959845801717,-0.07337605669213268,2.946507611986318,-0.10414771496277363,-0.16412394537676991,-1.6675994660880762,0.5182935788034624,0.2831397024538346,0.5058381270467697,-1.4611628708063735,-0.700896076115411,1.4850733316115283,-1.2437350716641593,1.1881060859170296,-0.6493791280070016,1.78466895278035,-0.636712959367251,-0.1965876309843807,0.2633446735514387,0.8527068824440036,0.04184852297703657,-0.9113564735278408,classical
5.961610779049165,-2.599211667862111,3.0396185724528038,-0.2456910674132347,3.4132351815052298,-3.7896602240896478,0.4245399719120543,-0.19914367739113553,2.496904893577193,-0.14588727598910223,0.3816162561793719,0.5562669746804243,-1.012591535223917,-1.9470163328597285,-0.6064556860526956,-0.3510455228397343,0.8068923570488871,-2.3260766136260163,-0.5927422879737992,0.08910132069902019,0.8739709531343952,0.8086814692451454,1.2484069437588263,1.0718426599408866,-1.3364183303943244,-0.1970585639213463,-0.750017505098542,0.20298016268255184,0.28745610721561493,-0.645883095916977,0.45018455740877805,-0.34053505926622285,-0.0728905483153619,0.5687948504815603,-0.11292265888450606,jazz
4.9785362981894545,4.131695195833418,-3.4584095316586745,-2.220717366528274,-2.2680774381117472,-0.904313713156099,1.2842866692320212,0.507122942115203,-0.35710326488836963,1.2040608161073556,-1.8510126889421483,-0.2223043631053662,1.1125512397219053,-0.7383853412348916,-1.640187098561383,-0.05545321418616724,-0.5577198699638677,-2.314394972611085,0.8549911571231122,0.9944583385611032,1.4270724070639795,-0.674168314047823,0.4621452770047379,-0.2675875577721835,-0.4245558532767764,0.7710487028305668,-0.08956183514310427,0.09407328576970705,0.6089749774150677,1.6770850221259752,0.21538977615297802,-0.05058220726561579,-0.3717289167950907,0.08872364859827683,1.2774673521486892,classical
-3.630997411915169,-3.4176065711353694,-2.607595371457225,-0.9992276738843298,0.8820428201440269,1.91166522989208,-0.14525865859747103,1.258335036153947,1.100826168730064,0.4445022284453586,1.2882365321364293,-0.7843370672732671,0.4432474250185454,-1.0804327384794958,-0.5914774655702207,-0.15030694381372592,1.3433794689014789,-0.11992313364720487,-0.42116151996568496,-0.1866768604677981,-1.2098425612691144,-0.66924494429165,0.5104168645377848,-0.32314173942215885,0.24708821409566484,-0.2868333495340761,0.16310393418045743,-0.03885705975735427,0.6549901953591964,0.409895612314916,-0.21011550353034664,0.15973752238379008,-0.9349837849411973,-0.17457243320206264,0.25907537964092775,hiphop
-1.498256246201937,3.095953753837132,2.4913836881036757,1.8468519927559508,0.29449454443056183,-0.03293853330392437,1.3526144621470126,-1.0753734406806077,-1.117274909202542,0.239051455528581,-0.09036261894486143,-0.0016223157950048595,-1.0696037012332202,-0.10349508043120584,-0.16164739878504775,1.808294555541522,0.6093643785727182,0.7151968923667507,-0.039490800522904816,0.41152497125125637,-0.1172068101696183,0.4190024887325577,0.1725114505640736,0.3287646392263857,0.05069266007064032,0.3975310551177305,-0.8079245607233955,-0.22764600196532211,-0.4326711215508325,0.21241721820249237,-0.5809220150409007,-0.4204207447040726,-0.2354137173774688,-0.5216029272832532,-1.0859771834605692,disco
-0.7121623536937465,-1.9319746429238664,-3.277801433939024,3.3163723510993206,-0.013293202059679269,1.4673054633526286,-1.0115483767334048,-1.1489453536578265,0.5885819011509805,0.8333115442517764,-1.2878108047008752,0.771001974490682,0.41332870428987295,0.6318902289117568,0.06346070805888612,0.38988602873931827,0.9597445428003971,-0.08523385524756119,0.08633384959346734,-0.19087810838500593,-0.5842691537222986,-0.6485837458524025,-0.1790176766053177,0.20286822629324536,-0.7410169588868151,-0.09508492514798891,-0.29115574605873407,0.39117029617023913,0.14261535329333552,-1.1904951387945804,0.4797672181506838,0.0644851513025101,0.41694831933727283,1.1788566193346401,0.10040425995441904,pop
-2.9255471875431476,2.4392836462657344,1.90509542450953,-0.05466462340815449,-0.9681040401039641,-1.3925683461187641,-0.11518241145187337,1.2389141971976914,-0.7467082213838524,-0.5223600487920831,-1.5138773935961767,0.5503680558843684,1.1946031450315706,-0.6555916622153544,1.3249159356071991,0.4382248461775505,-0.4866253490472101,1.2110306846086052,-0.6062239485918695,-0.8164692758577378,-0.22297904910449695,-0.5954648660259408,0.8398087616159129,-0.3343769085853841,-0.25607520221575747,0.3502666504104433,-0.5121358034172797,0.807564694869395,-0.2620930382901801,0.19980321384894698,0.8020922262468453,0.6886638238570217,-0.5816008008370988,0.3691473651716333,0.4905128695938413,disco
-1.0038162624999372,2.918391054173523,1.2909349315959704,1.2803413286972227,-1.3124769507635918,0.20050045783271664,0.39247735297595693,1.0697452218974552,-1.8039604275535672,-0.4444284060072595,-0.9144427790523634,-0.7857861682776479,-0.6586709748556139,0.2823788426788334,-0.8893600512484384,-0.3334617292794225,1.1219533868902083,-0.7716728392177999,0.010039438297435498,-0.4578669223154844,-0.5540313032072975,0.5016722010436326,-0.2024570682510389,0.5913309347251992,1.766118629296014,0.5420384378097032,-0.24591316506312869,0.4285701606037106,1.1296575772166357,-0.4554054598987947,0.20626725825499406,0.4844900355617721,-1.2747468770394785,-0.4254072736356643,0.8620144408427448,blues
5.162548936920607,-0.35229474526840193,0.09489475928702792,-1.9085795409377388,1.0587747987446257,2.7370025741264836,-0.5515716107674687,-1.9219726096940202,2.1634600889453437,0.7098584987057522,-0.43271539271440146,0.4704895915030952,-0.9130605215813034,-1.240996783913665,-1.0005563869249645,-0.6885787335420795,-0.5649237624602821,-0.0988121267958224,0.53860401832872,-0.17891118997912142,-0.198036885293683,2.36292020981693,1.6578803292363207,-0.9944680453909954,-1.3390055192493142,-0.33817755986876613,-0.8356108417077582,1.7344394887909294,0.056442152619841195,0.23374317299831182,0.8065944776373755,1.326153496213912,-0.15513589373505318,-0.3334866534325747,-0.27732070218392324,blues
2.175795062808657,-2.192506091959455,3.4486144065341393,-3.0031038320872074,-0.16470382131962344,-0.9403459119075167,-0.6974866122321642,-0.3951781787233162,0.1036663222403319,-0.4802578391301507,1.2252274637034495,-1.0244397319984462,0.9092430307776591,-0.7542219340081988,-0.5375572555798247,0.8227406902122731,-1.2589604644710484,1.5272752605919249,-0.22168663901810734,0.16823797476980476,-0.38913172489138886,-0.3477237802634799,-0.015191962830034532,-0.6829387739332278,0.11532260672693351,-0.6265720209178112,0.20762243704765312,-0.7406837120025973,1.445730282663075,1.0038497590729654,-0.2608189010545828,0.9574488586588381,0.4555630539774098,0.6402473452979877,0.36028539409769167,blues
-4.365292693806609,-0.6092449595310986,-2.446721445497843,-0.29817083973137765,2.6164048193941527,0.8786055459693265,0.16387699215841312,-0.013757644338951927,0.27391988231460074,-1.696527369786025,0.4037586943991695,-0.2947127041422401,-0.6145209406404495,0.33121713623355153,-0.23623789182512278,0.2936609963802391,-0.8487234767539964,0.3141950817856407,0.24921769505702468,-0.6721207019674429,0.3364061601055226,0.7120790907482769,0.4443178583676898,-0.35848877989326877,-0.37328688388395237,-0.7478959732584798,-0.0062051724580710526,-0.38301344445099805,-0.5232112158217895,0.03194307336689889,-0.32838189744261637,-1.498022783679444,-0.3714299695079461,0.6174671032961089,-0.1998717949989369,disco
-1.4703497925283788,-0.5227941729967635,-3.124659430578381,1.8426396987031854,-0.663558864447642,-0.3074301038051272,-1.4708766120576362,1.153893134079258,3.349200125605719,0.2126634619086417,0.451489114988971,-0.26260688616867855,0.34606842083683215,1.0749597772720227,0.4053741604808521,1.7165848718142422,0.36273570823977097,-1.5191491379446014,0.5089292140960688,-0.49981344428367613,0.24993538682433744,-0.10266035415410574,0.5547741362396016,-0.9260577304196621,0.28522641529490844,-0.024309168402524686,0.9727440131918464,0.18054487027758934,-0.5111823677040743,0.7856278322644098,1.005615324544138,0.16664325126868512,0.10340691210978363,0.5916350032496742,0.17693933440733717,country
-1.703545009527821,-5.755308695912863,0.08779976264622938,2.934321087975488,-0.04734817706312525,-1.099670569846155,-0.7064761760757888,0.06279998791800849,-1.9528732114695355,0.592774950389358,0.042296897237419466,0.17749841591788018,-0.5331918560842084,0.6163538535333402,-0.9654219984714095,0.08072267035111846,0.700500926463357,-0.5468272208810799,-0.021681800297828166,-1.4828231284062803,-1.3597280275537371,0.02759778326834891,0.048505521267130466,-0.5435404308646845,-0.12208083114285417,0.04515346817536326,-0.27073588149855765,0.18861286555234502,0.46388778689206295,0.47647714162670146,0.6971734544831449,-0.11966251195807226,-0.4387568166748512,-0.11305289049061315,0.8186394453783049,pop
0.27058947674051614,3.1805473432470897,1.5695305830288424,1.52092039698378,-2.2517152136081653,1.1013243402096926,0.87152467949672,-0.3445801108860984,-0.24752634703391796,1.9829801242325336,0.4440497733993507,-0.39506388810810544,-0.6238211901826378,-1.2326034035020967,-0.5468164139278321,-0.4297952293239926,0.31746343720996173,0.06291841201402723,-0.7993560415235866,-0.22222923871568495,-0.17078143927329734,-0.308948989585518,-0.26619258635506937,0.5900090248284003,0.240625670222072,-0.8788805765142337,0.16593089680336637,0.16697508205870626,-0.8862527846858554,0.01923612861149397,-0.3079338764142412,0.7026026030511952,0.22221263349013817,0.25048051615564104,0.6920976855200947,metal
-0.1495493855470479,-1.5303088153172235,3.807333263451571,-0.004769038024620109,-0.901472862090773,-0.6364853866468594,1.2639065950002428,-2.138346479107106,0.5800516709239636,1.810419636960007,-0.5886353080102895,0.2027977223558705,-0.46862371881582177,-0.12118267414718788,0.3661212887391446,-0.5303161705737888,-0.37413965172964264,0.5039997944158852,0.05707083295006869,-0.20114050973931152,0.49499372623926163,-0.4200651951276993,-0.2271896832964474,-0.7545618791407336,-0.30406134745252555,0.037609393819832526,-0.38693626347020754,-1.381461702433944,-0.12348962141344717,0.40054679407279,-0.7928762473158352,-0.0569758373139382,-0.917621594655106,-0.7425326770368215,0.6133519989689276,hiphop
5.173991147029094,3.0332608800685503,-1.372089978839289,-1.3127637192503707,1.4180046189587074,-0.09403786375238414,-0.9133738947408147,-1.5412175346228145,-0.6919458600209043,-0.9739861130104601,-0.5817713210752578,-0.47305266272597507,-1.1089398144769032,-0.678633524052327,0.526953137090382,0.4958526947772527,0.18320939306940257,-1.3659877302156314,0.07205888100719139,0.8076117162108316,0.39479269417790164,1.7700506154705764,0.3064741919066573,-0.6995433273670496,0.3150228463733671,-1.042257656939817,0.46033179544794156,-0.41613234201609745,-0.3614794420703975,0.41928413310346024,-0.04512831104876984,0.358832631154082,-0.5006906834277062,-0.00022968645446504158,0.045596280966719624,classical
6.03771283562207,0.5254577069424342,1.7700513567841767,1.0879764924779272,3.2713853533599044,-2.020074962452196,-1.4238998359764627,-0.015774192681098267,-0.7618201536991083,1.2483921226289911,-0.8997877478219299,1.1351947615724618,0.22625867561519628,2.027730012458843,1.8910232262695237,-0.7147739402079862,-0.9209725815995783,-0.7837112991361859,0.16342547722116554,0.11841334146452578,0.3293549365606642,-0.9130236886230341,-0.3074154477690186,1.0706653282084062,-0.6341318244485625,0.2154469046800699,0.9434230255846761,-0.013352142602881678,-1.3085858006005515,0.9647214286788063,0.40925343801631187,1.1523906565822308,-1.273272120648864,-0.9907251248713742,-0.4016812798043191,classical
-3.617235464383106,-1.706971608243907,3.4175815242791074,-1.434828711339366,1.6357735005863525,-0.497757042818056,0.7447506589700318,1.1710084780944272,-2.128175245233594,1.3237159344611709,4.414412734198325,0.37992120519566347,0.6448787135930372,0.3869377208790063,-1.3032802892012398,-1.3118025290762831,0.4983307014239555,0.43094310854327583,-0.38291727190738256,0.17843646474006555,-0.3852513209172227,0.11640436467432297,1.3550192506400112,-0.5008386613465963,0.6174324937842045,-0.14664040746980658,-0.742593888244263,-0.6726053184517545,-0.14640411598219932,0.5527951121715248,0.037826473606146986,-0.056638780107061956,-0.9731045075863255,-0.35773745953530056,-0.29867536025303787,hiphop
1.660324388119504,-4.636259342415849,-0.09787107972194431,-0.08096338594299889,-1.1177956441579153,1.1509950132151079,-0.9766899551089253,-1.3425323523979287,-0.19980169312234605,0.08143612678606638,-0.5978342896150378,1.2853578710539426,-1.1810751026210216,1.0746014091394909,-1.099939700473777,-1.3906100619014037,-1.1731913105940412,-0.05552302377097118,-1.1851766041563525,-0.8859634239859278,0.16131314269167624,0.08593706821930155,-0.4590472299273735,-0.15031347781506724,-0.5418099586119355,0.9372199506451007,-0.8803214030062879,-0.16829460641496635,-0.6329795340722331,-0.2421886417128826,0.9068536569057473,-0.9611655638298835,-1.035549057246553,-0.33060964190831144,0.8007490048609481,rock
-2.9510307563844713,-3.6167306720480363,-2.4864159180145395,2.237010649708345,1.2079140571364009,-0.5338749424370126,1.372728908783133,0.8556352326477188,0.1750052627450071,-0.17866611877710759,0.24204034081594406,0.3433191731832319,-1.4495235088361154,-0.3313356064877562,0.24177208830134309,0.6533070663761866,0.4651015155148037,-0.1725260589773444,0.4667353832108451,0.43806711563356954,0.44130558749488324,0.7304927866494785,-1.7341496227951714,0.8610828621717496,0.22519668979702404,0.2962829371822795,-0.2478231982444512,0.29740698282132216,-0.1468518108766973,-0.22189638338445475,0.07485061855862668,0.14986838195676477,-0.22712414655566482,-0.04180987022012816,-0.23683876267642148,pop
-2.186822795340291,1.1641879518560705,2.3090431417447355,-1.3831729792614136,-0.1385744297384109,-1.6111355845984492,-0.14611876018104106,-1.5884355250188975,-2.3035451807970686,-0.9281812301405648,1.8925948300918118,-0.2341058270306566,-0.5899421620846704,0.27131402082393963,-0.33527545331302333,-0.6216242244968665,0.26253151691674975,-0.5524509483175705,-1.3549851673498063,-0.022939982285389692,0.6211917954967427,0.2070782541746062,0.8727024424300714,-0.07202880800083511,0.4045663006701018,-1.0196513008725978,-0.12602955812562355,-0.11481405371460249,-0.46987579849824346,0.20641759826781741,-0.4452659785534208,0.03990738355886399,0.3593749317500862,0.42745582395506015,-0.5491553695833301,disco
2.8794390820869578,-2.459976289267224,4.127104934538427,0.35923611977884634,0.9539658403591325,1.551241350904711,0.847446762876679,0.5152961677753543,-0.22049513307598112,-0.9261541547795592,-1.0261627806999443,2.464926620637405,-1.579780647253107,-0.3595007142682379,0.6553487749288526,0.25763448105305575,0.7662751753426185,-0.40887878244312836,1.5761312237560865,1.2054888186761357,-2.399076011518684,-1.7619370067268374,0.7424822164687426,-0.2579338264019433,-0.8942713799769655,0.506363851964924,1.2083271655952879,0.4949546922777891,-0.36749088858780365,-1.338202556339982,-0.012067019266883028,-0.2632683083056134,0.9352353357056776,0.01597703918912579,-0.5140502819854338,blues
0.9555022867803805,0.23184927049170886,0.4938691587670847,-2.98048840087546,-2.5514926120654744,-1.24771449080038,-0.7737992658387998,0.44619853230388107,1.9788875600809792,-0.3755787322170807,-0.05094621607616438,0.6761136317713903,1.9056602493033037,0.052692349445062646,0.15265770556121727,0.6829095676177572,0.7937860933114871,1.5418442231297709,-0.07171590766801479,0.5296038684018474,0.06801559029160045,0.37902956105012436,-0.8217741237459137,0.03386855485299151,0.9426356031866758,0.23753396577234917,0.1002695422883305,0.6067919978732336,-0.02137254394865425,0.7786108176717688,0.3669135093089278,-0.18300251905805898,-1.2450963004148896,0.034280207461019556,0.3903200083498454,rock
1.0590263610857553,-1.755039956236594,3.7618031737043376,-1.7969201967224293,0.7137120584035145,0.30783001451099656,0.04688685133948654,-0.055007205643117854,-0.5274451001475713,0.11512089206214773,0.9825975186099779,0.5844886244979236,-1.102621628069298,1.0589402789986937,-0.4974178979275023,-0.1310709909929876,-0.7527215858699089,1.0697619129525497,0.2080645108726195,1.3992115216205336,-0.4143358599512399,-0.12952624156705358,0.0840474972357252,0.5879402208270273,0.01244590499454883,0.5232060068920745,-0.19821041936983472,0.4025290834917983,0.7044103348226359,0.06390621091435669,0.3973080083665907,-0.4760546050514621,-0.1510529812952064,0.8128138867607444,0.5174960271600635,reggae
-3.771636422168147,0.1056581262976502,4.339554943797082,-0.5422478528132421,-1.3890914174804916,-1.550248665186341,0.1163395013907886,-0.03987064528222906,-1.2938118013014868,0.05656844074834184,1.5689372259187542,0.16671183114597468,0.015148808260426463,-0.9833575680398705,-0.21159825318350894,0.2860944273771232,-0.5896097961743698,0.18208440748547386,0.18459505089764228,0.12778717863084207,-0.10865749469120801,-0.7818689890642543,0.8696686388912912,0.4021261039050293,-0.19554135122357913,-0.04692399869058915,0.22180556189398937,-0.8811418904953984,0.05437541417989723,-0.16876047881462897,-0.11860710575466701,0.04599496677609867,-0.4007032664434439,0.35956956431312675,0.1469656121251163,hiphop
2.325001194004213,1.821100140210377,0.10061509394584342,-1.617372589059696,0.16325062090696646,-1.0560251675850172,-0.7760854197424674,0.641525152579106,-0.042433039910449326,-0.08773492593108649,-0.9635378241093218,1.0480404661586766,-0.5900603806656164,-1.1546590295156849,0.6216740975265063,-1.2448728463822027,-0.5560930828291357,-0.027255223742355335,1.4156635936853574,-0.49097067784055365,0.13270425234359318,0.7072217884358278,-0.19236367933532098,-0.29930346877640157,0.2887204833978083,0.7643858917944694,2.231060715282261,-0.3492570017209898,-0.28757440389069294,-0.0716745201814592,0.8979113754138818,-0.3245380726485375,0.40485555781564736,-1.083245642764286,-0.3169071651253332,jazz
1.2163344403939849,3.1916520969321556,0.4007033460705277,-0.22617405317570893,0.6419940078743305,-0.20126069994968132,-0.5568962186601567,0.6747402160464193,0.4151319302660495,-0.6159744390484897,-1.1538006166696415,1.040641494465004,0.2748215361568689,0.5011123272667752,-0.34377770866525154,-0.01533118928924914,-0.11053932534237104,0.14370934408767128,-0.15595264755523644,-0.14824915681350248,0.7248337136674707,1.1416793514686578,0.2285611514127274,0.027352103767334456,-0.05381895170143579,0.9935143149788381,-0.28949305709259804,-0.3284574223618692,0.7899730684029544,0.6318899680905906,-0.15425807853207676,0.5050609393741216,0.6269385465729236,0.5902974819923545,0.560317768029948,jazz
-0.6009408306694175,-0.624286662278379,4.131011213355091,-0.15665475798926887,-0.6734171491201407,0.3585082510322822,-0.5847324440797185,0.6088572726891007,-1.185769376533315,-0.27367918877402597,0.7573475045298418,0.9415651991790236,-1.028124238111135,0.29001852333768247,0.133269461929807,1.2448095170491784,-0.4567688258118519,-0.36849787779250603,0.6406117593765526,-0.24439134965777146,1.149667647392778,-0.046046520124991115,0.9777429007794206,0.09636634469313761,0.46117093379549223,0.03544815419534653,0.5196397415888376,-1.3341658360370856,-0.031121128505976238,-0.7807546511048492,-1.0340188707178328,-0.2580268060385838,0.6628175517871215,0.3831118549450589,0.2765316879011926,reggae
-1.910145589807004,2.4604844994540236,1.9828355715922499,-0.3392103285510773,0.00855397055231004,1.3280703208792843,-0.8453157007048162,0.6274578489184601,-0.25464191794089086,1.2834922490563414,0.24702480374701966,0.5894087771968664,-0.6364876640383227,0.14665603798906252,-1.7471208551090593,0.9161669178898753,-0.6200526967973723,0.36527740246612234,-0.9819554712551729,-0.17557535267952418,0.006768437481750932,0.933914527559353,-0.21047481451883027,1.585269408511094,-0.09035550376009269,0.9518466214372229,-0.43595430154708914,-0.8173235694985206,0.8499560876185374,-0.5302667328119323,-0.022529227342278746,0.5040812548867353,0.572267996046436,-0.1457871888804372,-0.8946758768325455,blues
2.681420130789065,1.5493063229913433,-0.6019834330642714,-2.709422734675901,0.9896050669946264,1.3695557835339438,0.5972399068582555,0.20141613459334745,0.9010087284498131,0.4475727757589871,1.1196938406946144,-1.809291311951622,0.574973816849128,0.6375685340130253,0.08014437358576315,1.5008892180581581,-0.2738259829661576,-0.6009016122764085,-0.5657787575237897,-0.7115684193189793,0.11299545929157105,0.8882968552524437,-0.4640005383906668,0.8687025234661041,-0.15790191398067027,-0.607360046971917,0.47104507019798514,-1.315374824032432,-1.5828531733612556,-0.19827574208840285,-0.5415291798819746,-0.21778899864424153,0.9094053232377143,1.0349191866058687,-0.34227805135992667,jazz
-0.5104834115875739,-4.259563208666807,0.21884043982443044,3.4553130244327224,-0.9768292587326878,-0.9790948801148391,0.2662966159245296,0.5718219833252025,-0.6636828276814295,0.45521143938400244,0.1728803963307898,-0.5593451010494799,0.521531938973266,-0.9378044872790199,-1.3820744791236776,-0.3959584248572991,0.6307540670351304,0.09877889824167854,1.4651186289377116,0.35744078162500453,0.5954189073621131,-0.18462556390807738,0.9966944606134156,0.8947808548613684,1.2806196430260188,0.3231143580696936,-1.2961141634435898,0.3493047546881766,-0.0504511031364889,0.8151337629751447,-0.2564029662902589,0.4582339644808547,0.13995269537454647,-0.08142895714868653,-0.36385110471521104,reggae
-1.8111411268844488,-0.14598936721637876,-5.704458557737461,-2.395903472081415,-0.4411548402137927,1.4386063957208806,-1.8140642589151479,-0.4731597386077664,-1.1745395593999552,-0.34549110278418216,0.27957177677565315,-0.16077972065305027,-0.23955898725775032,-1.1595115175068917,-0.32179132742169697,-0.32339686400298673,-0.10703717660681061,0.25857102701870277,-0.05146952535875775,-0.9827972095300428,0.11780761673652185,0.08778317072013292,-1.1755523017301115,-0.5986084575116825,-0.23765325060332862,-0.7435980707382766,-0.26099089017167015,-0.195538478174694,0.07466009015117848,-0.5020148506548611,0.024136497407741958,0.21994995479761217,0.6367490383249864,0.23723160231999013,-0.7620312995404218,country
-3.2200767386719256,-3.0769120193763655,0.16486622367983747,-1.6824931991864325,-0.2640788264780282,0.6664736437765466,1.775850864384096,-1.166278615400569,0.13568159843882643,0.11318808161718623,-0.0873993414468273,0.18647053379625925,1.5204405579404803,0.1817675363441363,-1.0547010600212496,0.6815888102473648,-0.003862540782987238,-1.3925130965998576,-0.08445041549007389,0.2124323932545379,-0.49274600210149944,-0.5111554732443748,-0.45163670938191147,0.48503305349683795,-0.9396965818867851,-0.13659426955187837,0.2821338885761853,0.019953848581233023,-0.10233014435927683,0.41218107029955026,-0.046153386166862015,-0.15986559537493478,-0.08739653898947526,0.014230792022974193,0.7332902478737061,hiphop
-0.11938846629582478,-0.41113498537238596,3.292587657938834,-0.5246829093830028,-1.933268427114903,-1.1833978962996228,-0.2836075320178161,1.2949580203185702,-0.5954026714148097,-0.5315529506904197,-0.745853400738233,-0.1189945627008452,0.3041144903300665,-0.13715869716072351,0.7928845385769198,-0.3620992692624594,-0.4857604976314811,-0.2908082747394501,-0.7689310961253516,0.00042816053560066226,0.22402336548980084,-0.7973965694631876,-0.06712759831349555,0.772192096929832,0.17357964199312284,-0.23570853995800992,0.6184889850600604,0.5901481976164445,-0.14794376177744137,-0.21460526612162595,-0.5646894001430156,0.7854094391998164,0.19873271058345535,0.021078583124546947,0.6330964888000542,reggae
-3.1603231342176548,2.894361915186614,-5.017897284080632,-0.7894837208286735,0.902902004807731,-2.072809326112545,2.3574711338284624,1.5525400354795047,0.35721012619599324,-0.4456914928266285,1.4673831621403741,-1.6125190195296504,0.36808941356913305,0.390808499807417,0.7388780387753786,0.2658066654072546,-0.6579087582542567,0.49661295029791513,-0.274167069378315,-0.842103779573078,-0.8580019335986387,-0.7462239124592334,0.5784949019737623,-0.42470885519931606,0.3870701479751448,-0.11664677677349138,0.47006246000351504,0.18457185654660735,0.277099351152133,0.13589669015857397,0.2411599311863326,0.23210011784858006,0.16099390335433467,-0.18927861051778533,-0.0013923694855474905,hiphop
-0.7525630315968392,0.8625647171176771,3.8331096902940183,2.280253256489093,0.6432457481911155,-0.09061233052839297,-1.1425861306313922,0.2926094518727037,0.15009160506652,-0.6209875708756125,-0.1562626282351202,1.2027956696858455,-0.2421170670489855,0.4696217453251365,1.5666648786045112,-1.1211691779777664,-0.11365290735218707,-0.8552501143060245,-0.23868850170425407,0.4277056080287795,0.7063821825253065,0.2790866764930809,0.4944925754685386,-0.41085297474690985,-0.39742079875188985,0.32955663725200124,0.17534568449722876,0.2727101485363804,0.43293898836769396,-0.35863404172494506,-1.8500539947650652,-1.0058974771907654,0.17046660007256464,-0.3168992459376219,-0.3053654816558033,disco
4.347685509644488,1.794450815106307,-3.9691469247775744,-2.089945492553398,0.5707445767028455,-2.741701892898689,-0.7970533890087718,-1.7133244394677833,-1.1605248600250426,0.43261645871113785,-0.11797723662705444,0.26840191823027365,0.881023990392566,0.2446842383254063,-0.05551951039033739,0.38710975179265344,0.23119598885650686,-0.49609771658658286,1.6042706421802124,-0.8649771565443336,-0.8218573303385502,0.3893769632080464,-0.6753997549503543,0.32549151866556125,0.054318343720431025,0.18038904523632646,-1.3056946828052445,-0.7691268491145202,0.40733507326406165,-1.0011808349163698,0.04132980018938944,-1.2896883150878002,0.6658836846564812,0.6658721620190248,-0.5702194873872942,classical
0.8896604643099136,5.692093952594772,-2.176853951819327,-1.6256798008718423,-0.1872829075440438,-1.4939718735050245,1.850779184936778,1.5511608694104861,-1.212971711871837,1.6248294339637714,-0.6650968169215438,1.2102099309960914,1.0627563340197315,1.4094045398382944,1.9602059701216312,2.232900128439094,-0.001484810713524321,0.11231784144757805,-1.384088209792293,-1.3357286574501472,1.5624260330777544,-0.09305116883765278,0.2219029916207709,-0.765386281997709,0.8602791184564719,0.849644459246741,-0.46158647260344154,0.1669099266176371,0.15933406413308437,1.1913259008653532,-0.6823734510539465,0.34989355196652,-0.6457066406977118,0.7841395332956995,0.05886876409200061,jazz
-3.60299576293743,-0.054407007793939074,3.395001816850247,-0.08679293149725728,0.5141714363527609,-0.15793519576768403,-2.449126015188379,0.06139966298656839,-0.6729865901824666,-1.4976795464376818,-0.1807028369301347,-0.2891584473358523,0.4015781471169683,0.010733761999670228,-1.1838525065118577,0.4159457365375528,1.3092950340420861,-0.9551952249904159,0.09750868908133016,0.7369423854324515,-0.15745432508883103,-0.05064806898759955,0.5294007914526146,-0.006101717267548847,-0.9035376789620014,-0.17056404386845267,0.21540248687250016,0.18506743701169734,0.5686433451553908,-0.011143724605495989,0.47021005670998295,-0.33333231161622334,-0.13368389476155812,0.2296284868400764,0.21855026304803876,hiphop
4.046157880632622,4.6077288533151535,-2.1721804409402607,-0.6246914685912826,1.6600534584560156,-0.6445800125558336,3.09628789244932,0.5985320670662637,-1.1844900145251094,1.096616680471833,-0.188454028434098,0.3792658436934061,0.09325723107718789,0.35164358197675294,0.3993734780702754,-0.4479463193153378,0.12974980293496854,0.011145705563768506,-0.5231626535998395,0.31144530692872235,0.40145002164315546,-0.48243928974650424,0.12863979032490913,0.1778508207934215,0.15822195306184436,0.5631269112823115,-0.7181982105706531,0.2667524022606607,-0.5628596169877305,-0.004644376308074218,0.32132982366637863,-0.19728636651647338,-0.20827368656245107,-0.30576116169337075,0.07606351209229267,classical
-2.3097098469268467,4.128930619571171,0.13730296800876457,0.10230346363607287,-0.4439072294868201,-0.025723529076284155,0.3746259489382741,-1.2326032846515746,0.9122398587227897,-0.5044786579930286,1.3062720481052277,-0.15820927598752793,0.6204195556792264,0.15530874065060873,0.2612891621476546,0.26221020419070323,-0.7915826473075089,-0.5628775057220178,-0.40336635021705447,-0.8979635458665541,0.021973553816466276,-0.3729664198589917,0.24493019140712086,-0.6880280022901806,-0.7261014404973354,-1.1483914646492994,-0.40172679958027263,0.2481754273481679,0.15599055754894411,-0.19241409430160142,-0.15538523457287876,0.14313864913941102,0.6959792812019782,-0.21049713064852985,0.04081223759980578,blues
1.721464350422196,0.2427149782361714,4.17922398298016,2.3486414701694827,-1.3806140820173554,0.027707380792156046,-0.22056341924619602,0.4610914695670836,0.8129934333603926,-1.2922929662286922,0.13831459680852315,-0.7652676662414498,0.06560647537435069,-0.5388623695090151,-0.36183447023629084,-0.2916153603818514,1.219670852946291,-1.977940987687525,-0.7489968231488224,-0.4862389069332991,-0.9317186002025993,-0.9505284326863626,-0.5838878138934509,0.5860678883549505,-0.8720467969698018,0.8037808430286371,0.9086590122916954,-0.6638091816801643,1.0545270297367435,-0.1409469110310867,-1.057979870274427,-1.013415934246735,0.22536866596415847,-0.5434263935889162,0.8010714715710577,blues
3.2101639397376274,2.1452049499125607,1.7563205326653142,1.947532994344456,1.0753811215765607,0.06473640478706635,-2.9186096773501924,1.7964881517540476,-1.0279306752755581,0.23794269810963287,0.983182172330682,0.4581568215707155,1.043030992044452,-0.018502874591438796,1.5491950645344086,-1.6523586492075235,-1.5101342736526293,-0.28297331152036825,0.5923579953955815,1.5340231772143593,-1.2030330161175904,0.6955345359671213,-0.24086412880437227,-0.40959435066938116,0.29284157960378154,-0.5346602988983976,-0.26260697643710645,-0.6484123496344649,-0.11919066400086138,0.5945327480527757,0.18087838508135526,-0.3226058713725868,1.6847712985408785,0.5253672729969355,0.39781505672738354,jazz
-5.14989765849887,6.066286280063082,-0.24558471566982698,1.655943647935338,0.7378674388528874,-0.37595424801243577,1.5899739582321755,1.8799134583293597,-0.03231581688633216,0.7429415299586399,-0.018542477346258857,-0.17769856740698,-0.3871099302543891,-0.1906012235223829,-1.2606607869209296,-0.9878082280990992,0.20426433463890353,-0.9060870363485712,0.6484490488754773,-1.2465349547853193,0.43856279428606565,-0.48189049172443504,0.3531476644774109,-0.5322253439677547,0.47045371902483446,0.22720173259520302,-0.06191156727623531,0.3197995721404234,0.592699636698538,0.45252978046940906,0.3010564046308731,-0.35495703332015893,-0.49787264327185077,-0.22540457066461075,-0.15124972709366455,metal
-3.0607429094646874,-6.547633438386842,0.32727890728105935,0.821009206976686,-0.02304038310848895,0.013071342725250741,-1.563015136956369,0.9069111961241674,1.2729181355544057,0.4008700697076609,-0.4802164952924873,0.39367543568897734,0.006360540615749782,-0.6980195442731292,0.2402757115125104,-0.10204415924337283,1.4948978798197574,0.6748902796819906,0.13710864088600777,0.7867661306475706,-0.5406772761850084,0.30876248837385034,1.030936855307665,-0.6144564037722954,0.1067300267372453,-0.28642683140502767,0.32434725010036736,-0.12700513365186986,0.24782806960767706,0.8052870202180543,0.6412720254687995,0.563856775583669,0.7295415012059383,0.19488011192867238,0.08876264102979547,hiphop
-1.162115404044486,-3.346526425709229,0.7715812857207858,-0.9407150982838088,1.8406761515017425,-0.036996990346218374,0.802925521584655,-1.4128260160483852,0.5230485491642085,-1.0930123046449973,0.09074730463361527,-0.9582122512988014,1.2878642644757712,0.7949986103011971,-1.836029893009703,0.3737483505212902,-0.35805328900492783,1.0920204610482176,0.007569612581430705,1.2461373636818138,-0.8199329563255636,0.9413092569618623,1.1178689729350157,-0.5768813059803334,-1.063956968942144,0.9652492101894451,0.7706977041074297,0.8289921841275945,0.7617972483142081,-0.5687033456905441,-0.01676745878648634,-0.8150138170971676,-0.057952430417229986,-0.20799740426416638,0.1497748712460082,reggae
-3.753013662791011,3.8943367541182403,0.8568432773128483,0.4464724199514678,-0.7110942260010422,0.08290105356366843,-0.4221787258403785,0.6014081417428453,1.5603197135763915,-0.5725240770331906,-1.3542592202650876,0.004451316245398344,-0.26793283961730424,1.1159549255791785,-0.13634204278424394,-0.13321669574784153,0.11199862169636794,0.2918478225174467,-0.6028509695885301,0.020667532466214382,-0.7174466454105322,0.2169145970488327,-1.0424986655371091,0.7277922606744516,-0.14752004402441218,-0.20489705879158782,0.6409475780565929,-0.5836060331221483,0.09420871558858579,-0.7637080936159681,-0.5293561424023686,0.11313997515787697,-0.8375797194951186,-1.15806463010706,-0.030005621549795688,blues
-1.673534781752651,-5.688815179242628,0.8609300015618162,-1.0315618944146603,0.813241259156799,-0.4319348400020834,0.2306902886892501,0.20009887288738964,-0.5861544903826978,-0.48414793184806515,-0.7377352736659571,-1.3791486557060226,0.12250385796987011,0.41675480838657514,0.5929333255106932,0.6068599676970386,-0.1908000455244081,1.2334935686522195,0.05616605485594404,-0.33644772325213157,0.6338791956405528,-0.39504269131110537,-0.4164318772349138,-0.10388674368879605,0.12687388194805949,-0.16041805764598568,-0.5372135577328522,0.920830801340442,-0.33654991499948556,0.6350601740254131,1.1588488081400112,-1.0907703934974355,0.228618037592536,-0.29284498568004586,-0.1935637183856362,reggae
-0.7615523044656511,-6.746141023980027,2.245976552768739,-0.8758024599768541,-1.440286579365869,0.8190666544907431,0.5215275199886716,-0.9353786390402566,0.9278156450235525,-0.8920200600921225,-0.6869814613272123,-0.601678823275637,-0.9074966705857611,-0.4383483595892259,1.591528125178417,-0.4247198214302566,1.533280845928994,0.7556049106972321,0.43779103693782895,0.00956108441563826,0.057906849144850184,-0.5931798813944059,2.064464246991995,-0.34960680641144753,-0.14852234882963483,0.7086264466479938,0.1691366792407869,-0.5990493952103707,0.3357574700998083,0.385973160179058,0.9878676753125626,-0.1815383878868283,0.059537466602209974,0.36866307967420514,-0.12835645038200474,hiphop
5.2791422717170855,2.7825743605921454,-4.60429504897846,-1.4786390292660958,-1.6672743992764834,1.8398153058810545,1.4144272711853412,-0.9024681321409462,2.8406693815257475,-1.0357059961380073,0.04344682880059898,0.48721779041142,-1.0179911528467211,0.7199638445384616,-1.4851966180990461,-1.0585196215431094,-0.8926381663006066,-0.2843503978365727,1.347505776693039,-1.107782205340083,0.2239987638439214,-0.2827860183231321,0.1631316733853761,0.43091538816681724,-0.2508050467373203,0.8833153617924381,-0.18756863480668767,-1.4371211593338127,-0.08499316155771054,-0.016132377587595673,0.360518151200286,-0.41970096552751085,-0.1274358148673865,-0.026155533689528006,0.5130768183586918,jazz
2.424735342009697,-2.994093092579746,-2.1772782811646407,1.7156661125316166,2.411658933039381,-0.21699905383515058,-3.4341190460849766,0.5097888067150755,-0.05988803262791194,0.5014657909665208,-1.1037498260779546,0.9760587863691373,1.2611319285000242,-1.693827390709324,-0.594593413569431,1.8713836814389269,-0.8014848783672958,0.5331644333685085,-0.30411580937515725,0.2063013577577312,-0.26431408806027773,1.5072470457575968,0.1548925995160629,1.2936386306478804,0.5342560426710302,0.9031530027114517,1.1348921862590706,0.2789890036307415,0.1037540036251008,-1.5303326183042778,0.45396722240866755,0.7657051986334521,0.3212767259331737,-0.03454692623138718,-0.6018145874733617,jazz
-3.4855402647660094,4.011708916228051,0.7765865731445326,0.5238736908272354,1.3163847076071629,-0.1031090581522843,-0.11326932494312666,0.2721414925285617,-1.0600319239182956,-0.42328871420413955,-0.5462354965405921,0.23321290478842102,-1.4180545805937166,0.45213000407845033,-0.03918856266509133,-0.029503324891521226,-0.41491618411465125,0.8281701346758663,-1.0566433594906501,1.6928279988360628,-0.08653644427250601,0.7999401277194261,-0.62963932096035,0.3152028298976345,0.5453369005076099,0.32068065037037,-0.5090611299574533,-0.3961375185952667,-0.0718825955810708,0.3775577125158525,0.7442968276379394,-1.0060279899106026,0.08693772187233667,-0.051041884799597655,0.08994283651008034,disco
-2.6257946445080806,-2.0533462136104705,-3.0916898291426826,-1.970043346376268,-0.5025448081066954,-0.4574522316318745,0.6617945586361534,-0.010388746535676096,-0.13106205682510194,0.1277488483269305,1.2305672800995449,0.9910956836778105,0.5166034362235954,0.550328504801663,-0.5208098000026861,0.15583354378073486,-0.585725050166003,-0.1537202872877588,-0.6239024681915901,0.8840493744714037,0.4203336077437238,-0.3247745533627247,-0.3793771561681859,0.17798201970346864,0.1926160342043048,-0.1477236638282465,-0.47793391729246204,-0.9904293136578946,0.11579407161057517,0.013120621531993814,0.2062840987586211,-0.5069425906345456,0.6226657824999529,0.09435702000718071,0.8455324267640902,reggae
0.8127883962595741,0.9832845605363263,-1.8618230496791652,-0.4573163230676878,-0.877529994979954,0.3468775028236828,1.3290964521554935,-0.36366137205718957,-1.4955880050567034,2.2908028364719706,-0.27846968051159654,-0.06262752628574013,-1.597299853572274,-0.7029451473417881,0.23679210842941767,-0.6244388091034782,-0.9802406657367171,-0.4270607150062683,-2.2313063237473605,1.3521577678730974,-0.46455356958536315,0.6831495848431651,0.4964513871802336,1.1265585833778757,1.420640128315754,0.5278320926532523,-0.5285984333569613,-1.0818701487692648,0.09234981607495402,0.053520016399506175,0.32703281016017394,-0.11500005761488033,0.31305856914385083,-0.5378343401999885,0.8628497959801528,country
5.550060224234261,3.174295303072826,-2.5829720242775096,0.05483139533182403,-0.5828505138240738,0.8137631318833924,1.4184919076220541,-0.6805418628909845,1.7285960712422082,1.7144081433464657,-1.210392249736927,1.090149328612848,0.058084377568842306,0.4909735170887494,0.4517411505615422,-0.5049532839627376,1.2101347648956153,0.341873620784595,-0.3485880684745871,-0.35885432095140307,0.6925062064740524,-0.4626251786873821,-0.6340040068101398,-0.09458771138987572,0.2128306870236097,-1.1289281268193165,-0.34268661057028205,0.05833259395080749,-0.3855099814248718,-0.9621933624588586,0.19855776506501338,0.2148238140883175,0.7402692055384509,-0.4011031180475704,-0.08195484528027859,classical
4.922521078120329,-1.2635038466649657,0.7118896351297918,-2.6997016461974304,-2.3540828854380944,1.2438412371626972,1.7703563723493083,-0.15212729487053234,-0.22322747178266217,1.3603846183775028,0.1567423152441848,0.9680459265023883,-0.7559989284187207,-1.4048058243928445,1.8345691718275208,0.10184713505098644,1.5374191927800382,0.1876987524479619,-0.9140147897107638,-0.8592128653344289,1.0563345108974806,-0.8919644750778967,-0.9140648071180102,-0.08418687999882084,-1.7818279552363916,0.2654645166585343,-0.4224250890020869,0.2645688049440004,0.6773780369618,-0.16763369590638497,1.3369586316485527,-0.582377170562285,-0.21390496273464915,0.7101550821617949,-1.00688804539081,country
-1.6758063647266688,3.4175141795324984,1.2879817965554718,0.5969184720814239,-0.5814926727882311,0.7569902855834796,-0.733830465815446,-0.34823565188844136,0.6433544789379669,0.7579098015345668,-0.4452901642674875,-0.36706932760860655,-1.2453812888576754,-0.613877907027946,-0.11252886516908595,-0.5683507136982681,0.18109076504819796,0.3508335215489274,0.22451081382248222,0.35193979826415217,0.17611822262720167,-0.5322013506928488,-0.27819046149205107,0.8900782464433875,-0.38647825743863484,-0.06426320347978622,-0.39870759148934,-0.05918318852809805,0.13587561104429835,-0.27043965861841834,0.08602834111369141,1.0595519076014024,-0.5765422484970001,0.32715401404952754,0.12665577066494746,country
-0.7755846281730561,1.6196998985236388,2.907415400394182,0.8549836496847275,0.1502412990423893,1.8342852762383144,-0.45550640614986426,-0.7278054819890017,-0.43234827538610837,0.56055707525768,-1.2356017111762463,-1.1564792035616878,-0.6687765173259803,1.0651884617924035,-0.6973413941283361,0.2718441448524158,1.131458728660405,-0.28270857543651073,1.2550458913906215,0.18944953328092276,0.10742575809873059,0.724046434642979,0.2748508066604615,0.7010845095058124,-0.7293275344513603,0.13283363884360236,-0.45589989147000115,-0.6921085275981088,-1.4300199317081757,0.7643726578766737,-0.41079144352039604,0.45509982921501974,0.22712935823031333,0.8823771760384042,0.9015097268784993,rock
3.955485293434905,-2.777010032267302,2.949673032878702,-1.077144430842843,-0.17894326675442476,-0.7280060116055329,1.3324738235338855,1.4814607677205247,0.8994466339743342,0.008442137978067265,0.49278687550570766,0.6511790141162214,-0.01001542649685972,0.6442162619188193,-0.322371974090911,0.4619310020618994,-0.7487233350786968,0.5250024741581515,0.2844505122726276,0.7789128973943136,0.3764797767030472,-0.4203421546814275,0.6827530604050931,-0.13663647668680787,-1.3763878685776947,-0.43303172798698736,-0.25721532529055896,-0.23044002765104826,-0.42408877052791843,0.21228852322658973,-1.3014452292612746,0.2482002348780621,-0.540897019329775,-0.2646975598585478,-0.21661181995208073,blues
-5.629712923478807,2.853574278561421,0.49059487106903704,0.07526070779837112,0.6854971979826451,0.8545043602161175,0.5385294348708008,-1.0369926465254453,0.979512778328579,-0.02050734762234664,0.1868688224146776,-0.8562461733390224,0.504289816690167,0.6990082572308103,-0.7861787639612328,-0.903353355370341,-0.33670216505079437,0.46446524285782353,-0.04936946933132633,-0.6453068736339417,0.16506810221363932,-0.4249992442800921,0.5773981818377425,-0.8312185413950914,-0.07286606683846211,-0.5927821479546899,0.15789921135607282,-0.29732086887077314,0.8260208482565321,-0.03407842203855801,0.26374203393810036,-0.14337284002940756,-0.21221091230696562,0.24887645631506253,0.007272542964978148,metal
-1.5702298261016994,2.7214697325349335,1.380378168544199,-0.7577150728864329,0.11300127943222485,-0.9435817277783177,-0.6624507207824196,0.09815662375639106,-0.2655387895263743,0.18587448391515873,1.0828223270623463,1.284325644228848,-1.67528191930654,0.36050297777033713,-0.6105007446549828,0.7624664855216223,-0.03406754523970306,-0.11443811209877296,0.4753088631131199,-0.7506761026578087,-0.4574802602527305,0.6539530515456924,-0.5201122052909506,-0.47272605637183657,0.15069133381245686,0.41038376418595157,-0.17431430933821296,0.7396404201961654,0.6860844552124682,0.05655905096385249,0.004361030536946791,0.9100478435972199,0.33139099192285937,-0.2494860851559145,0.0022948869871523047,rock
5.304422611843143,3.1933667762971796,-1.5088501010040958,-0.6521525074107573,2.0366443057177035,1.976640164814871,0.14294417502460327,-1.1883154927690314,-0.021139149754055724,0.37857265588869,-1.3900279484808542,-1.4335636848119346,-0.34651899454481977,-1.2807662368470891,0.8674603607794973,2.711229072826928,0.2072339274341593,0.2498217882094246,0.053916282867086024,-0.05236115719860092,-1.2681778571825304,0.09364636493085929,0.38061611223238884,-0.09784515346124883,1.907671445134407,-0.3895587463677124,0.7589290492055405,0.17315792363338273,-0.49108325537534603,-0.9280786727318298,0.15393127619241312,-1.0454104338226582,-0.5151885677239365,-0.30392470945047,-0.4922202805544512,classical
-3.262033488295203,4.7310102881537235,-0.3765912556085906,0.028767909686195182,-0.4124513418527819,-1.0077568580889054,1.1236193335976123,1.1557888183953826,-0.18338486943797924,1.3300334923924593,0.6549804210090397,0.7955323663720175,-0.8179195735016391,0.05615037337057841,-1.5051991142994345,-0.3839161213314929,0.14154192801736157,0.20029431457870908,0.18437892712701504,-0.8249532531322544,-0.5008941947360354,-0.27992097293884044,0.8338770327892628,-0.1916062304532703,-0.22395821047191633,0.045718027035519936,0.42730690559087875,0.39409022882532346,-0.6112523004636221,-0.64519214758688,0.5630453091925477,0.014066063152158616,0.32277840381930456,0.022628655406812404,-0.17360924044444692,metal
3.0255951702033714,1.3193436060049413,-4.00427929121455,-5.240544349499342,0.028230955117954697,0.33387560885494816,-1.311125598833826,0.18527578360547484,-0.45198042468377436,1.6022979385416467,-0.8174413502673185,-1.7193339354921071,-0.7578275643492818,0.2855170333409755,0.345980975404443,0.5110505395044832,-0.8623383896851752,0.2837214804311936,-0.22784992019841188,0.6882403131141946,0.3111588225790475,0.4162886359840802,-0.6116176307258482,-1.329755567716183,-1.334000173022213,0.12184478676057754,0.7139116240848197,-0.16755825355570922,0.025369797952574186,0.04636656939600903,-0.5470255472411059,-0.2555835090344726,-0.6330806513112955,0.30409791529760477,-0.38908346364522306,blues
-2.9124283253631864,1.8450944563779386,-5.87399645779614,1.1060708613726828,1.7785743683259685,-1.9404026098050837,1.9769850803128417,-0.022902765631209358,-0.5202237684694242,1.3314279439355101,1.0467036380709491,0.07027601695795226,-0.5712034770933878,1.1565912792768014,0.6552220395530228,-1.2675044523978292,1.4930603853281963,0.49987615629420645,0.01020429056411702,1.8061642384900127,-0.35649704090392875,0.8158249065521148,-0.10287695242907499,0.07014685438679351,0.4437219005606932,-0.12592322634657663,-0.46419320890661164,-0.5518073098872638,-0.18657715781997963,0.30306182838226,0.3558497606010867,0.7945572891022248,-0.31894481828960236,0.13142718406373272,0.3673845901514426,disco
4.54959761360009,0.720361905626138,0.172702748353076,-0.9611074979496145,-3.078934877216201,1.0371104139540026,0.466467802188441,5.182053692245647,0.2650564428925914,-2.4858476020914435,-1.7018376462855564,-2.3683176262740067,1.4858943367490078,1.0709743254994732,-1.8250208913651889,-1.4114626003402397,0.9027033348724715,0.9748152925085152,0.14986915485831143,1.3384253948546139,-0.3953579800376289,0.9696536386381425,-0.6637332132318076,0.7054255588844118,-0.25498228061837486,-0.396863628205113,0.8262346152244074,0.8414171912704357,-1.103712652150803,0.18481935045125192,-0.5237849887170526,0.247873814872653,0.5539548213764656,-0.2839285990804509,-0.30134037090291704,blues
-4.070365698640372,-2.1185564477508407,-3.2432895183434827,1.2141484497978996,0.26284501300881213,-0.2813351861447531,0.0985376702126562,-0.2462418581687997,1.9273011355268834,0.3141270513722213,-0.39689257754465423,-0.54819307652779,0.43791121976209807,-0.35329238625348763,-0.007607683204078084,-0.19429105737775684,-0.25370412336650705,0.8846528042348731,-0.36777685795030624,-0.045687555953405914,0.20427924389274282,0.2179883210892331,-0.912916817786354,0.3521103667335992,0.04271232357091676,0.4436869903742188,-0.0376875925196216,-0.4010197242612341,0.33188369696253156,-0.11716001645270588,-0.09210102338476087,-0.8349079849146631,0.012457048722863883,0.5747687527270816,0.021500273192709973,pop
2.698335890376894,0.800518056494589,2.0299497680223473,0.4389740676805102,-0.7002994918350377,0.2624502420902404,1.1468021084661875,-0.15794576579298092,1.4968941714954096,1.5855842504106563,0.36788602346632593,-0.31734091579997564,-1.1183075875642434,0.36090450039427513,-0.16692569319569928,-1.1685722326285959,-0.23055023779657205,-0.8037870776276255,-0.12033904614853122,0.6685963078586431,-0.1591746953252539,-0.5255804730079995,0.5546553816260494,-1.070805314122209,-0.060344793821855335,0.09173888194808799,1.0622187537058398,0.7630229744948117,-0.13428468019651044,1.176591594570517,0.27509776702872624,-1.8348560838664756,0.3269309626370195,-0.5864991366855312,0.026378187933142536,rock
0.01056479144931949,-1.4234129135444147,-2.538330523537891,0.12420917812407571,-0.15309680706922538,1.3934580825846667,1.4516503609203624,0.0997258350794604,-0.5108280484281229,0.620144577591445,-0.22938995089585276,-1.0399834177300589,0.11822300900161345,0.30427836550755993,0.7806332421684117,-0.2845194234776933,0.08200728795899351,0.6441168220762676,-1.2204583173250891,-0.13678795374638425,0.4423189055207135,0.48884421112649207,0.4163883719513628,0.4959339944288408,1.2556769286104574,1.0260355009755084,-0.032732113182466084,0.24130552300237876,-0.29625341220357493,-0.44622757925648493,-0.3511072003620037,-0.577500522113167,0.1886900046217806,0.8497173182451709,-0.5713918433893393,reggae
-1.8529429360244136,0.6000677769554948,2.627858379383201,-2.089039346634798,0.4234517073376328,-1.446994580056184,0.6831027491413345,-1.1674400883686153,-0.17410603919103929,-0.1536071411345101,0.3186069571299612,-0.2846822690131758,-0.5222693948726216,-1.3453399483814685,1.3018432015779182,-0.3047995981690142,-0.4827259663901459,-0.5357829864168647,0.33167058688230083,0.8212922781837108,0.13185133535977434,-0.32889008319704094,0.2770377093526495,-0.5279670415781883,-0.15862120864135232,0.6249393503934463,-0.1790569972752714,-0.137124116231454,-0.20643413977531885,-0.1207305963694434,-0.5464720807937505,0.4746582600355256,-0.08627212660631646,0.17276136569736827,-1.1423530891217863,hiphop
2.7685592027653327,3.4723861941573393,1.0707851333764165,1.4566456357038273,2.4786915569114694,-0.7406768585958272,-3.0588255194594964,1.3874224056891218,0.6171892227167352,1.078230702554383,-0.7853624234542544,1.1142115017843979,-0.037950775606664065,-1.9299963330099628,0.41723448525018625,-0.43406864676609075,-0.7044282491402105,0.2358915652835069,-0.11824209411410458,0.2461372523345059,0.6521847557384175,0.41597000200084916,0.09442797754663583,0.18850720315905364,0.15138027454742609,0.2582577044641721,-0.9039114459794747,0.20669276654996555,-0.023613742808943777,-0.8791609586551393,-0.5059364655342605,0.6707365875643121,-0.025109606362903686,0.29061153154146624,0.6168294332336035,jazz
3.290059135896592,-1.061613620961159,-2.0152984410648136,-0.8475038299007354,-0.1915204691023788,-2.3102858221293503,1.3039001247923965,-0.44938138816895157,1.2521206739104143,-1.1744819857239703,1.0532691513640198,-0.2012497361982738,0.7707876683977565,-0.6332966769174496,1.0126497472878389,-1.3776292540481159,-0.3294108185709682,-0.4026959930497637,-0.32439358261288365,1.2342884419213769,0.04526435820709474,-0.09204157421804447,0.11853095294074553,0.4812048461149893,-0.2968421487186254,-1.7742703304196792,-0.13234809133212985,0.14283968190315058,-0.20091521920457633,-0.32648185552522735,-0.4252768194859482,0.0990662233508402,0.29038962573979493,0.0907489525209845,-0.8174602339455981,reggae
0.17885069084363037,-4.583416663748101,0.21573588927303278,-1.6319362697479893,0.023303928924336748,-2.3095674738911796,0.7557969999491992,0.467581423224949,1.2153396425743082,-1.4378699116490528,1.5302158093043616,-0.7991478615852591,-2.0906723717190445,-0.4174457750379056,-0.49942760054328406,0.11646682419867756,0.5868482502427461,0.8833284423015069,1.055977640306517,-1.8222205046385276,0.27828278292853115,-0.029677709196336954,-1.1385733107633815,-0.6071582029014739,0.8223698040763642,0.6119438298398869,0.21760807530913862,0.9494206313034617,-0.44487931638192973,-0.10509712750455856,-0.2785450411151507,-0.8926480482746774,0.9015137880401201,-0.24325371662383985,0.6996743240661479,reggae
-6.512256688339443,5.9266626925636965,-0.9071771851165381,-0.5653941198279083,0.31325724773245406,0.7407150421073818,-0.009029483118098806,-1.306697275621069,1.2703384828498108,1.15080853725208,-1.603581029429617,-1.1307578756487735,-0.002328990977517193,-0.18997025117477695,0.8409128993859354,0.28874351317428376,-0.11167995723248117,0.05165539881655942,0.5701877603298271,0.11388391410033409,0.08049542809300546,-0.09898551593814889,0.21465440319939968,-0.13248008040736803,-0.6890516657515168,-0.3565194065350813,0.33403201279780703,-0.06552769554306803,0.3733688318167474,0.4443703516677108,-0.18651257114460568,0.20947180347605687,0.46802435750734317,0.16795285802561316,0.19861928313249116,metal
-4.635122453401146,2.0617964495620793,0.6836501649267522,-2.2066152103049537,-0.29240291175252897,-0.2607685747435784,0.7782485498171333,0.6017367173385211,0.06871288437519484,0.48199342950363316,-0.3850118389990093,0.07515815442141932,0.053095217094802964,-0.4278526264637184,0.6429030278274037,-0.7420043947325248,-0.4795037444528335,-0.17304870610268835,0.4165638595388301,-0.31374377467209474,-0.29442884690576926,0.876806668003174,-0.21426567367957516,-0.2909247617459661,-0.030183343217131234,0.5915931580904287,0.5999907919035444,-0.157646642212385,0.6064196226672032,0.24592302001753383,-0.41738803223222837,0.7912595857579218,0.10652992496605956,-0.5354799662815873,0.1425989797825023,hiphop
0.5635844427560162,-2.18305041452266,4.333286830311069,-2.457403573262762,1.0060527999777036,0.4720190899242029,1.4840806906341946,0.10071189013682658,-1.1303386155516655,1.5629945136579058,-1.4231932377972294,-0.7647069189422944,-0.123851603880769,-0.3517128877781722,0.9435447540842002,0.7127241606236598,-1.2394227507083595,0.48886639007013827,-0.4491909005887427,0.052500099998297745,-0.19939417015819433,-0.751449153311997,-0.1154315245007919,0.1888797548825456,0.247243460080394,0.4492262526291116,-0.29497178751875425,-0.9614300387019993,-0.21476088464500892,-0.514230270945192,-0.5779624262762711,0.45356838339645655,-0.8476420845425998,-0.3914384373255191,0.10532146155728715,hiphop
-3.7369295030661327,-5.185900012825943,-0.7400033967971634,0.6079878344137903,-0.6431344806735207,-0.688536812417216,-1.0553743375031657,2.309044739076793,-0.2034342900759709,1.2116485787931852,0.7295637804596736,-0.7564402666687471,0.49970149170567113,-0.3206522081382679,-0.9446522588852065,-0.28831043787003585,0.6413969015063826,1.1406713568753346,0.6377576983624685,-0.011288334549844098,0.23292670019321984,0.007647055806886881,0.7306554970089206,-0.09302943410256181,-0.19774795139509507,0.16146258518505172,-0.8245615999019016,-0.6333492560938634,-0.0582312541741898,-0.5167437496278119,-0.23222798349895496,-0.11515426558245709,0.7205995355844547,0.2316122262811495,0.1842235614853054,hiphop
2.009819553047001,3.380728336398357,0.6084930573948719,1.2639818735754444,1.5123639386805035,-0.5788929963456539,-1.2329838348795825,1.350527822263086,-0.11352910022956723,0.885977936157153,-0.9844002339535164,2.110747063737425,0.2934658086065808,-1.3056131605110368,-1.250003666005786,-0.02151426150693885,-1.2634176251448714,0.5632977006625587,0.07871400320292232,0.0036745555148078725,0.67339171300411,0.17398302144754413,0.13246571360761564,0.5704407191323984,0.2300693281910136,0.6594862568083922,-1.2143283720108053,0.039561601476726105,-0.14984134275503302,-0.9627823666574865,0.47348829503523676,0.1707550214945735,0.3279973038843901,-0.4199700504280857,0.14317442236670114,jazz
-1.9500146366486637,0.47589857751335113,1.7439344844033648,-2.283631069095047,1.8444901839933348,0.7560910844052496,1.9464040853292979,-0.03824043603678245,-0.5838685450705112,1.5554157553703576,-1.199854999485914,-0.48056522839405347,-1.0633812924480246,0.8240224035723334,-0.1260989981130297,-1.2575350510659449,0.838501548804592,0.22654680940042435,0.3129195121827219,-1.3249001707281842,-2.168167905582226,0.9055815660436273,-0.4810551537900887,-0.09841391063034921,-0.09960584356111674,0.5860299049143537,-0.9233025124495954,0.7569436390263893,-0.9510234046250391,0.6290518356222811,-0.17592464485733952,0.4761506907637221,-0.8620886573694198,0.639788701366383,-0.5738832573394903,rock
4.313837679374382,-3.9486151523752304,-1.4371014530393575,0.38128629530884595,3.24416762606267,0.4441752781045762,-0.7959646080665429,3.4077579585949205,-0.4831278622268621,-0.20867870010863065,-1.1567301414223552,0.18379417696493752,-1.4790814370459533,0.49949235790171675,1.0090455827148739,-0.618961709961734,-1.2978393183078505,-0.2312157724251919,0.6542618889373881,1.9921874959061348,0.41312970281018646,-2.440111342391512,0.536068865238594,0.07224973928205478,1.1576164315078743,-1.7954483310658813,-1.8678572412421386,1.1446828166972896,-0.10611342010631587,0.11238802752698161,-1.6966918890670615,-0.3002256399925691,-0.2139591509516289,0.07703052489573496,-0.11268037249833152,jazz
-3.406210856170989,3.509866092976504,0.7933014635288663,-0.23462004782092089,0.038895795266131246,-0.3491636500505809,-0.4006463589640577,-0.3768336799600436,0.5956098214717386,-0.4412748366749559,-0.23564572712541296,0.4037269769229845,-0.9065346671635712,0.4688498823133154,0.09827945595377903,0.4372524443233118,-0.641059105617045,-0.1497428307894599,-0.21719101725473322,0.11759303385124535,0.37701202199842354,-0.047841356209217534,-1.0494953678267647,-0.6460413724149322,-0.8320759255152609,0.5536014241076124,-0.1743689134172731,-0.046794905681902685,1.0275831872457528,0.19347890233028447,0.0791510012780767,1.0501126087111248,0.23076180521779,0.46784717676448856,0.2504163534683713,rock
2.421506593774174,6.1982985483687285,-0.994438416983046,2.265134956525848,0.6779191453566585,-0.32043971417034434,3.8593851050151646,3.00258364477951,0.0629610904661023,-2.249266517509667,3.2497021533293626,1.1132459024918084,-0.8637416945172809,-2.265605190979015,0.07394879942509132,-1.6432601129942972,0.8135000638752409,0.6079330249187098,-0.49095119759854894,-0.06406649695077897,0.3888208293854309,0.32178566686982846,-0.9166810380806417,-0.16925701141360125,-0.3846289143045658,0.1145800353739615,-0.24961324828821038,0.034420501470950264,-0.4725345291703419,0.8565053022488864,-0.639624515085849,0.638227395245993,0.570990571002532,-0.3359566926268094,0.6659400764278791,rock
-2.6247099092658197,5.9860080036308,-0.6019372030230702,0.14865101078393322,-1.975597899282189,0.2798241363343441,1.3109648255560917,-3.2842004752755942,-1.866037672640174,-0.6319095211371202,0.05214596472391137,-2.863534280927399,0.7981097041813359,-0.6167560240356973,-0.16450274620956556,-0.4061137432509325,-0.7957035375072181,-0.20240932195063963,-0.651823770000117,1.6287086240107058,-1.52186532436913,-1.0749642492077687,-0.081286726274595,0.08336955283762096,0.4360226005481609,-1.0641887997237856,0.469702951177774,1.3322746966535863,0.04205500591792503,-0.9548395502057755,0.5151385153302411,-0.09669066243247793,-0.5076577678108173,0.30538746394094124,1.0515505282911486,metal
-2.0183111789611003,-5.708692747494723,0.5217980295963892,0.12453242562846552,-0.46906305733080184,1.1654145555950461,0.4913468551094342,-0.6569184926292941,1.2910201574406763,0.6258909670258131,-0.5862058226252591,-0.9881388634876416,-0.26943903096040944,1.1733122687876483,-0.6194719821038298,-0.8049904326037658,-0.8085708074410497,0.5307082372653686,0.5450568454029884,-0.6139915375095444,1.2053554826786672,-0.12360290122267653,-0.7387581368791505,-0.09051894915692407,1.3606250922254415,-0.5966508494603274,-0.4996897682642635,0.7656142156827084,0.07665989775684032,-0.7747991047874765,0.3134366793111068,-0.7809498150541985,-1.2844522738072228,0.10202730026483689,0.22950956663707525,pop
3.6685659381261515,4.963723765398962,-2.360081370826338,-1.2561515602376638,0.058181202949207166,-0.2891570499844126,-0.2957394917550929,1.7665257567477772,-1.1888273331415211,-3.715842878903189,1.3165634296923352,0.7811951162844241,-0.2967841814085751,-0.7469407853808044,-0.6134552712765404,0.3918802680268278,0.21289439656074158,-0.4770784830671294,1.3649323197845449,-0.5731429975140437,0.4523080865191909,0.5918336963523253,-0.4034980176039587,-0.7567329867635594,0.08119192975462353,-0.170417347619786,0.25477740858792153,0.10055576048707045,0.517843851602141,-0.585859035370684,-0.7065684004021409,-0.35143754459608906,-0.6442598507975714,0.20172762570211866,-0.4135099543495612,jazz
-4.267678436991588,-2.7088104335630563,0.049987035019292095,-1.2270698643390234,-0.6244412470313166,0.7322653843774749,-0.26960736729767204,-0.45201920689675607,-0.16563348870389663,0.5104519721864412,0.37926080571270515,0.06443721945085709,0.12115619623426044,-1.0027116790587622,0.2156873992230229,-0.6932973292718205,0.4016533543479997,-0.4581051418037762,0.23752742340775518,0.6816978652058381,-0.5764128589484616,-0.3371347877438587,0.6097263751114713,1.0179710795095303,0.21817443038769094,0.4199955602958958,0.6062443758147977,-0.5056799029248419,0.030133585488927153,-0.6565316588100742,-0.18937053956818653,-0.02608762280828205,-0.701302180237324,-0.12373292409329782,0.5376316591255662,hiphop
1.4307586763103286,0.041321365942887725,3.9619437809041367,2.7576801582455728,2.4975976938857523,0.017303095821880162,-0.29029892013592434,0.6140722504384175,0.2917050153389852,1.7718435389020737,0.3435522599320316,1.6933021122657907,0.044809753079409625,-1.115974997820555,-0.2771952252626983,-1.4954245751182844,-0.5112913892995044,-0.9901923680609941,-0.6503968956114148,-2.0489356213394867,0.6519838597068152,0.579849367011303,-0.8175055226522835,-1.0566160302328569,0.27501858858642564,-0.13775159095079706,-0.07120336092717673,-0.7502643091030116,0.4072491475222777,-0.5471123621955691,0.8302522362965233,-0.36993984792551204,-0.37994736974152443,0.3764434497704148,-0.5795206684741687,disco
0.08787432822963925,0.588468363391265,1.631315521859067,-1.5132101139976843,0.48837013450701217,-0.6250385313425437,1.580423367588487,2.081558291020641,0.49493999136772615,0.6126486345429105,0.8303842726091969,-0.27417334657564096,0.053683029621880575,0.13998689033460648,0.06258240417851604,-0.2425062903430151,-0.5998903175678177,0.4831627414630903,-0.08115644549350591,-0.9759889323781632,0.8715612961550269,-0.06891960344107198,0.07871192973946822,0.190924011686878,-0.5942770262680634,-0.6598859354273832,-0.10449412035437965,-0.06062281193369824,-0.3143340539615841,-0.48623515458287236,-0.6834592736396394,0.1874427574855429,0.7515105248260245,0.26999292096858324,0.339980406613536,blues
-2.070060609451208,-4.2135107607713955,4.641049354782857,-1.38090546393547,0.6085695733389471,-0.03884563264068232,-0.8167141359244883,-0.11678278693435207,-1.111484284057812,-0.2776556895746622,0.6784785109121736,2.470002448562894,1.2197588954851892,0.3107210311813856,0.5788937189229784,-0.017280125059027845,0.1519945428071021,0.2623146931353003,0.48034895798976224,-0.5770434106706918,1.2563091987527681,0.9082873677432408,-1.0241513089740524,1.5144210192216696,0.4125212254377315,-1.2691912367050433,0.5513236145410819,0.33943111973429124,1.2611207720003401,0.2447522322044307,0.4520594888771361,-0.672297858507892,1.1065022335291563,-0.4074359770050993,-0.18470530749211472,hiphop
-0.8351743795295554,-1.8619021538455938,-3.0742367909279196,-0.882019484010977,1.1901476646345308,0.20038252165112921,-0.03265828844153264,0.28607998031356957,-1.1109039650170578,-0.22522053911913303,-0.5874345169652195,1.1335642977521645,-0.8600321588564082,-0.2744396061263816,0.6256173237663462,-0.08011082619932915,-0.15886612573042425,0.8725907568185096,-0.5209761488869109,0.4371142104565568,-0.06418678859126797,0.555278120317259,0.3134212961412208,0.14844404186555346,-0.7836718590034931,0.4953393428292344,0.3303566956087723,0.7931497377871181,-0.263696812094773,0.04410610094717432,0.17665469048795937,0.41695885046066833,-0.9395014151806215,0.04423632359675282,-0.10394682259358305,reggae
0.06975851501374701,-2.648990622433229,2.8513086386662727,-1.419486045108778,1.4340849673088296,-0.6952229836630467,1.5979803791956686,1.1000367035160705,-0.583059757537868,-0.3377927477810553,-0.17378897563246673,-0.7339329750835801,-0.45538626050480513,1.040699622135198,-0.4426295807956188,0.14757153723624383,-0.2127089575912669,0.22149447014317905,-0.6868392222469673,-0.4123641914103763,-0.29560891688601293,1.4263809258272138,-0.8113333343874766,0.9603865596087156,0.385815686714374,-0.16181086577807618,-0.023008492387706428,1.559900644966454,1.0908612210023108,0.5722710638328768,-0.2788804540047258,0.07812811945820942,-0.060309943313096144,0.12550537299621162,-0.25510382305701007,disco
-0.45739525172948714,-0.0707883461707265,3.4026006957454475,1.4355459448959704,1.086592179576145,1.1454910366133766,-1.368695336724544,-0.9964062492009756,-0.40500618839306907,-1.5743769657623483,-2.2721685002004275,1.3024234337719367,-0.41834049130066003,-0.10598895302239858,0.15528475996731467,-0.11979701712606507,0.6003406337028708,-0.6902835014041615,-1.2475837768119367,-1.072411915240568,1.598031156867606,1.1868834557225518,0.7361127412445656,-0.5455681436771683,0.4937148100229313,-0.9145656245091056,-0.4821797979251574,0.18099932592812082,0.703362091804243,-0.5929808881778694,1.186049051405802,-0.1243032959324158,0.9516844734748497,0.04018130321799665,-0.060004358782715136,metal
5.942651061419504,-2.761079636416238,2.4921565101290697,-0.05890814039442807,3.378179292434369,-3.887510558651407,0.2634823147018863,-0.17513909923774038,2.385254458719876,-0.10963268905442738,0.17423951661153828,0.4990401801460674,-0.8852743842811649,-1.980219661301592,-0.6864736868023107,-0.44929342239624787,0.659005326202776,-2.0303132381999864,-0.5770592886495051,-0.05034947001321031,1.0313154994051141,0.8697503932886361,1.2514882495211275,1.0246679074654783,-1.0952670258638524,-0.36677213045019674,-0.9949382194838488,0.3253327280284305,0.22626415274670578,-0.7230171089641355,0.49530527695736787,-0.5685180419059676,-0.2223719951364359,0.8697850982372738,0.003590869748139945,jazz
1.1353254127105563,-2.2632231353468923,-1.1014737484622728,0.9428241186626435,-2.409729755520098,0.31943074303852426,-0.9386743441530404,-1.1483068054907428,-0.37264036667513883,-0.9858484367325611,0.0850237551949736,-1.7955573850539748,0.3474566313942949,-1.1190119486462253,0.7762748850003083,-0.05831532467610733,-0.3506689947135498,0.6521726936257741,1.3939317960919515,-0.1469389031658497,0.1346951006115529,0.17651564846244633,1.371521959624153,-0.2919950336397285,0.534057133001113,-0.5796377493082948,-1.3965894377951495,-0.7896074458377127,-0.7909888909476525,-0.5579934937230048,-1.039003693210749,0.660651737507581,-0.7399894587763333,-0.4218779380138196,-1.2165093508490017,country
0.49686021340923436,-0.07194635021555695,-1.2678611462585532,0.4795745814582699,-2.0998201066718516,-1.8985900362867414,1.1767500196342626,-2.7943091089483114,0.920112209277526,1.5431562200503606,-0.1844606574971564,1.4817031526919773,-1.6898861728389911,3.117750646534553,0.6754449856219839,0.4873242313888474,1.328338127066309,0.4303875369282394,-0.19635256755141037,-0.1258567425590918,0.32389805349891604,-0.13306415245324119,1.079739690747244,-0.5210214543691869,0.18104729514410436,0.021234080580474626,-0.8585523107109829,0.13068161636997003,-0.6966041917031354,0.5686705452074261,-0.9699003511947388,0.3970949316473816,1.934135005394144,-1.0169931120163005,1.2750682845594667,classical
-1.12054184895529,-4.980476413163437,-1.4205700233171827,2.564201470602191,-0.975544901007298,0.4734275660224258,-0.8262354879750465,0.5166686998582557,0.7427554784349869,0.5608129170821335,-0.44252161703332865,0.13791425061414755,0.2980996595886749,-0.5549727219702396,-0.26782245255363896,-0.22000653361919506,-0.8939450251242784,-0.7218057743729227,-0.19538474502222608,0.8092262792794681,0.1873399980388991,-0.20552428387380367,-0.3485636964620904,-0.14595697362797497,-0.15466728119892792,1.0063399805368887,0.7371734688621325,0.5234883592981905,-0.03452298127138319,0.5190521224796818,0.04905786455468379,0.04381439600077469,-0.1601283468432948,0.43237288601822754,-0.1376492134488618,pop
-0.7327013334619573,3.2719777718089254,0.4341532870958275,1.0704917475244682,1.3868915569003983,0.9688824191969636,1.2763170881263834,1.2680423985836944,0.1988655262469378,0.43025245093012776,1.8664929935663672,0.5613007561373762,-1.2967820634557015,-0.4481897214651849,-0.34492839585552515,0.575131367838205,-0.5210746279803028,0.08368336596820554,-0.6323870208943276,-0.4119718687293358,-0.9071209363378364,-0.5872497809853325,0.9576026140503862,-0.04073719589175839,0.896495039885852,0.461421572614367,-0.5496289943783573,-0.4077744649559001,0.13137365661852043,0.07994533430254984,0.2103476050829127,-0.8350083113764449,0.1440000705498986,-0.21375834699764806,-0.07817414790259225,blues
-1.9000653298570647,-2.61306742832814,-2.060897127656543,-2.758218801412042,2.5904663824541023,2.0739659694228174,1.36174452908089,1.1511228574456212,0.44721939450857184,-1.0183761750754243,0.6109434294044443,0.3624898572410192,0.1360210400722312,-1.4669924469709466,0.918363011852942,1.1005022248925882,0.2876306245802222,1.0471273616624452,-0.14487720097007428,0.04193829755729252,0.24733214833460038,0.06869840458530255,0.27517292381647496,-0.2711895638524825,-0.1541875295125918,0.9504136336675864,0.4159767618705706,0.6784587213095834,0.37291561851446126,-0.2740296821894811,0.08050679458232636,0.07052173360661391,-0.47462678755113585,-0.2303943853740493,0.36322947199280897,reggae
-4.033862979489125,0.5074963548249481,-3.408655118179415,0.3334920172999753,-0.0010252367816538542,-0.34156063401372144,-0.9732043399464553,-1.8315664109868186,0.8385241297289037,-0.6910967524493555,0.9480647637977607,0.23604547318860586,0.28061818760574475,-1.1794661088084868,1.033352666218004,-0.2137239569637361,0.28795544231353026,0.8992044132026835,0.577909461551335,-0.654354016049361,0.6896026533900642,0.4771847582162093,-0.21946089725146983,-0.8378880503275036,-0.32001109718492526,-0.44367622192957157,0.09297006505260165,-0.29971756298823043,0.004892922085281074,0.7390926792102411,-0.794524212669527,-0.49223965738117176,-0.49024189314514804,-0.00393564459034863,-0.14025839216957003,rock
-2.454852237188811,3.4437181199646787,0.9559239245216314,1.0278809008969096,0.6842833315520133,-0.3408971667316987,0.782597806814707,0.7575934259217271,0.6992319400085395,-0.3324598625125073,0.9516439152744345,1.2929490176357894,0.7284914220210792,-2.091215438876462,0.7946662145819204,-0.048858321543455714,-0.6344150098791361,0.5338397889465256,-0.3046977985814917,-0.3397428026180519,-0.20424733914064339,0.10729573938432474,-0.47229956055299316,0.6870757503203172,0.5447848091317815,-0.6951493529321351,-0.11349765171063327,0.17102461268294297,0.7685600519046134,0.5281045856019562,-0.9202683196949824,-0.5720041332167424,-0.9563500893644726,-0.08447065885850986,0.036767372299539997,blues
-2.435170871811515,-2.658715378557263,-3.0649677285564976,-1.2697681732508281,1.4280619582566725,0.8212535943121227,-0.5482221386715944,0.40042424551036543,-0.5025138258990788,-0.6571696366421084,-1.287480958079349,0.4736154670835579,-0.036155613205849736,0.5535651943311329,0.4513776588658396,-0.8256372916324175,-0.7045270424315216,1.3379936975921272,-0.2156926537275879,1.0347359558932787,-0.017872997296737313,-0.5258505508391904,0.47935003881138233,0.19732686646670952,-0.7021958465374804,-0.552877021455809,-0.6905787830240078,-0.1317794975190213,0.8633733930564884,0.19446972706394838,0.3720673254172359,-0.02988510778857468,0.039588103091370924,0.20156626580874024,0.12519872141079452,reggae
6.363677332202204,2.215094655431401,-4.276165898952902,0.7656970088894159,-1.8680758937699322,-1.1352923131596049,-1.37654231548914,-0.7178938833601507,-1.9219570768228773,-0.280579637446078,0.784953545938673,-0.150568755290841,-0.559127888737763,0.8959994433587352,-0.5498115156344658,-0.06637276639534478,-0.15803914621244033,0.32389749349123037,0.15927960400651098,0.4140237710973311,0.44822901971205265,-0.7233012621530123,0.203421875992793,0.10647209241155411,-0.48051759321824666,-0.4584511728971284,-0.13973228471401936,-0.16742061957077736,-0.2624938213697895,0.22099649984393813,0.9562773140376746,0.5367947130908064,-0.27071790498607057,0.7462887758578705,-0.850591422431185,classical
1.186016929543968,-4.229137501115911,5.379705204011517,-0.0037010248581600294,0.08615208499499413,-0.1620418969900449,1.1064602415557443,-1.5128251374443256,0.5812561541902407,2.1592600633913706,-0.20630208782751758,0.019861336056856804,-0.9117633268891542,1.1837944117292425,-0.2260192130335533,0.1866918256832214,0.3900001950244263,0.5117874107274407,0.4957151140602324,0.41617806931248214,1.5868871916350507,-0.5072792274032896,-0.1065490545068832,-0.03762111051690259,1.6622339837431805,-0.2074474525447573,-0.06056053100189694,1.0795961227312802,0.6631581583443299,0.3932788141112921,-1.2170084184688919,0.05267157939404061,0.07034815352995707,-1.1421954958826916,-0.039856309917336234,hiphop
6.737198097156638,-3.8749744366871335,2.6231568763491917,-2.0124728018857434,-2.5311673225702287,-0.03840110209367271,-1.5914174981962093,1.0726889910421655,-1.2504738423169968,-1.453937138138952,0.3351465408671861,-0.7857090893411498,1.7089438368226701,-1.580822902273454,0.42701008871257595,0.3624486756058018,0.4024692369043334,-1.6846143188508156,-1.3595278212532538,0.009314152628449483,0.0470254142984689,1.0692729998349546,-0.26897368069592326,-0.9777180146811869,0.37344700948284154,-2.01719928680402,-0.45908050734212325,-0.4581574477388134,-0.10344483006201323,1.385644255180015,0.32727919667871797,-0.11442984275064384,-0.4572080389573292,-0.5258434514180145,-1.4091751977307911,blues
1.9483566745290442,-0.4426805295310245,-3.1102588302230862,2.707801131970356,-0.8912535859342795,0.3069861163540962,-0.6986792635186748,-0.26110812950035284,0.8160591174525758,-1.3562487753517751,0.20642233279446864,0.30341382924464816,-0.3871555451097695,2.313353833436641,0.09944579776594252,0.24387554921744245,0.5044948861013396,0.9436779795540405,-1.4283493572441905,-0.14985125125118798,-1.1201338973236268,-0.37385426211030326,0.11625240633772618,1.3104354120919517,-0.1864567626366079,0.26206235630647706,-0.783175933447378,0.3863798296295563,0.6836750376956953,0.4976223849224244,-0.8036594081044679,0.28919807824694865,0.276940271022232,-0.1400217128965595,-0.13234282752766893,jazz
-2.2459723519094,-1.658221423851978,2.1035413857375005,-3.499958483605161,-0.3127644292173784,-0.7547726703845782,1.136188592303737,0.2644847292568002,-1.297694694641808,0.5487858679829869,-0.37148658727902134,0.8397684491922369,1.5772729664363254,-0.051322338763236885,-0.3375300128573592,0.5326141788227355,0.6244017448355851,-1.0281993737427713,-0.14899112266303768,0.5475073976377948,-0.3512487406714214,-0.10896047699788301,-1.1172065205559272,-0.290953409548895,-0.39079784719981747,-0.22530698780221195,-0.5561344833686714,0.722367482211169,-0.2510596746198628,-0.19909186714385926,-0.12841523892035428,-0.49389629252732453,-0.13825920240450532,0.22135345392262307,0.2594929288261529,reggae
1.6278488189611613,-1.2336401243130883,-2.7562989301258747,-1.3592302477134295,-1.6697926479394074,-1.394415307009815,0.9997068300680916,0.5735698369708533,-2.18959552831325,-0.3967189084421242,-0.6745724055195993,-0.7311900588254532,0.5496900690301397,0.26032605907265616,-0.03993767422238515,-0.9347542257132885,-0.9394291360140709,-1.983977003277497,-1.2018609617984213,-1.3548980248544504,0.9666827127178269,-0.652048212358429,0.25526507428986794,0.02327493928048685,-0.6207024613784256,-0.6259472437066274,-1.0191089654512882,0.15080861583046495,-0.9221244182201321,-0.6871327395973152,0.28949123449094083,-0.33190073160033934,0.38914648650569833,0.5161943643259631,0.313315254167566,pop
1.0981207288275399,2.866589303678399,-4.939777310757589,2.1359693041681815,0.16416654549230805,-1.1154151901409288,2.370588679012948,1.2618373028842524,1.9010431990675478,-1.0162633326162416,-0.6183854011512997,-0.421421042873957,-0.7707212016878713,-0.5433460954303679,0.3230570266682638,-0.9921257353449545,0.03523488018218266,-0.09752499860421854,-0.18334798714152403,0.012051127556557658,-0.9179520907827485,0.7059940275961528,-1.2350493726775236,0.28615564533797117,-0.06965300708005319,-0.12412057349763503,-0.9379450676289215,-0.3403330257954682,0.2564104595893141,-0.22689124298188426,0.22693664272854322,0.1173575760177136,-0.02362461173314681,0.02789158890414841,0.5729585307252177,classical
-3.586366574137706,3.0192339952729745,1.7067767072527764,-0.031424393843585974,0.20207012297405894,0.8254977082465349,-1.2187273866703154,0.46262968727625736,0.5254512737960264,1.0049890127498506,0.2763103610436782,-2.439457664766173,-0.3998989243331034,0.27029875678458604,-1.4657560580232463,0.8545930206010282,0.2951527268264667,1.0324199053215093,0.23406202430626175,0.2581701953723198,-0.11443798943177191,0.6441864859524872,0.14762999758856785,0.9666211447385683,-0.05628574972519316,0.28693605859650334,-0.027987640543400378,0.4011056830891441,0.7954830419673459,-0.6720156875085699,0.4539494269450282,-1.0469550776587304,-0.034044620541675084,-0.4173618857439362,-1.2967221325182985,metal
2.936710265555231,2.0617454035555016,-3.513008687919743,-2.0978628857661987,-0.8256731419017691,-3.6479077842294587,-0.4305668633313071,0.2884013554245101,1.4646928863162192,0.49109802490425575,-0.5748387361911724,-0.7166879261967177,0.36187406239542114,0.44568765474111394,-0.24970113915161787,0.6682908302739542,-1.4995418539497118,-1.339949904679676,0.9433761525106138,-0.7647921376813082,0.1333711331984087,-1.9595176219163353,0.1600956492731666,-0.45055571631259045,-0.6388449670045914,0.6748400337988516,0.7291112544874122,-0.12934049246374857,0.7624622073871082,0.658291495940583,1.0297970668604237,0.11340636791422916,0.31986394042088434,0.4275265203363913,-0.9457627362826964,rock
5.459551642001782,3.611822933976149,-0.5505883303980871,0.7193378379273824,3.43141701518808,-2.2590096989846575,-0.06519095434074854,1.9951777161953528,0.4479344544521465,-1.7648046820581569,-0.6143680339176224,-0.544569400478986,-1.4772267697331611,0.8721648691780522,0.4669159800080149,-1.688752781533506,0.9140976715423107,-0.01658677709137035,0.6650173080139719,1.099640964566317,-0.7223185346982496,0.6855845490108531,0.12170939401675646,-0.04284263773440956,0.5776151777823315,-0.25603787036294073,-0.5575773981470493,-1.062602223925278,0.29534676304741586,0.21526595514129016,-0.05314041808303361,-0.027414494447667092,0.6570811729473905,0.44034885364695386,0.6518484336475869,classical
-3.2109710732992482,3.096708639446139,2.4188208229457127,0.9669558867139633,-0.6578130692260133,0.2599721481987236,-0.39574692800087036,0.5111782657950089,-1.2088067869906511,-0.5323480689580556,-0.6056744513934957,0.2689969702567952,-0.33203418431681603,-0.9000090959300279,-0.24723273801144996,0.7976684740371051,0.9336393695245909,-0.24520289893387126,0.2305737971294882,0.30571446316722334,0.44336740600825475,-0.5108389322379984,-0.21210589131124521,0.115762255673323,-0.005014485297236239,-0.7012117631536694,-0.9765249758623862,-0.4421369177226692,-0.2599147051292495,-0.45532763999440834,0.02668243728104137,-0.09438876921403201,-1.103414774667068,-0.3536564118546333,-0.08188106343230178,metal
-1.9300689253223764,0.28521368084770476,-3.614488420886106,-0.34179981069569576,0.21707568132082253,-1.1760771821447737,0.385765061660464,1.4181782122670268,-0.5633851683877632,1.9015729499924483,1.0200471965941031,1.8616178936568046,0.6003044692604442,1.1832273415202605,-1.0606752884994506,-0.33727207078397897,-0.4189269769202679,0.11399058419847936,0.03464773201316307,-0.7075290460502323,-0.6708951638032433,0.24073431268338644,0.5259809982524033,-0.1800514769843785,-0.24452360283553815,0.38870680061257534,-0.06187167274280474,0.1063593315103056,-0.01324635316357739,-0.740576921196342,-0.8644836509221916,0.1525272450982542,-0.08718844056855293,-0.21787852212903863,-0.22556495457254416,jazz
-4.7962409039424765,-3.0444070969810455,-1.0456390140264178,-1.2913532501663152,2.1568189136027374,2.275435438826799,0.39311046047369275,-0.3942731864308296,1.4246898450129666,-0.6906770659274072,-1.440996281349133,-0.5667072436859739,0.34217678280310543,0.052198816743058825,0.40550746869267185,0.18838556917459004,-0.24516540485685223,0.0870159507686579,0.3571118608132417,-0.36230006188844277,0.09577771659862826,0.24862443710329132,-0.27264372446758256,0.029435739150614638,0.1439476823961798,0.32753299445341744,-0.05263014058750757,-0.3517332374518424,-0.5977552222407672,0.2413579864978626,-1.036925716310287,0.441579616088842,-0.19278169551391974,-0.30731907516974544,-0.4312674445049271,hiphop
1.010683677469435,-0.7637977959895779,2.942558958445724,-0.9476004539800071,0.36455504016947343,0.40005120725124316,1.4291163741287616,1.6788731746127183,1.3221617765171836,0.07425351390986284,-0.6770667704620844,-0.6475040289062881,0.39140738814579284,-0.8759696980778372,-0.4987995505570397,-0.22181007550369197,-0.5586965128163944,0.9666722649445149,-0.3232860333851938,-1.4370031669403696,0.5596526687456226,-0.7197427074877435,-0.2789119873875366,0.35277607704058056,-0.19801241010873355,-0.7478504959591498,-0.15452840486673172,-0.10133143871734551,-0.9947850428193485,-0.6835470909962053,-1.151090759581399,0.22814586531314257,0.7438488774076772,0.1839180823618694,-0.12428794734319035,blues
-4.30280303917781,5.206491942515486,0.8707558843452076,1.7635503220571844,-0.8312888631020046,-0.33637599002390006,-0.2613562550748141,-0.9113959113124889,-0.14660178867390947,-0.28792476939108874,0.05301974625851825,0.4757300438653463,-0.14858031316359252,-1.4877016935661445,-0.022291909420161328,0.7727245189878144,0.038276575360285385,-0.09411085633382399,0.47520239933325986,-0.12368114999975727,0.7928659972702159,0.1749454497189686,-0.17469178366142715,-0.4052427229293011,0.4592340348177169,0.22408420024014628,-0.008591622977635632,0.4285768677974939,-0.3451207785877479,0.38103324173693953,0.5289403970657452,-0.9362445896673445,0.15026748277372368,-0.38598647642942674,0.2726352813015689,metal
9.088156972964576,0.16801454071708052,-1.9257220885914728,-0.39393821577723687,-0.365966344465355,-1.1390533626138297,-0.6198570918825044,-0.8304666647559984,1.7868856913825635,2.3962358809672035,-3.9401293458900666,-1.3484482550958297,-0.8415023005363022,-0.6612319685084709,-3.138013883034802,-0.14482102330857224,-0.05722047426409176,0.0933796772151219,-1.7714591313530768,1.4250266593082104,0.4437330049183663,0.4634180283182686,-0.04350755938946337,-1.549767616293676,1.2757769150615754,1.086330655538214,0.7395150628159384,-0.3004524354185361,0.744647666243091,0.9203174719164693,-1.1056323197580087,-0.37834047592360215,-0.3786318094087727,0.8389980948433494,1.0743102077012479,classical
-2.6433478345123134,-5.593374949124232,0.2449729323892787,3.096407852896936,-0.5111186261699954,-1.0796206561522865,-0.6837043851223162,-0.7328973809802852,-1.2382990749477447,0.1237788008076862,-0.5520705392349938,0.22570159096927803,-0.4620379572816283,1.0686495069007111,-1.1807381942267359,0.6271363343560774,0.20507691470480763,0.4602198043623292,0.1928193522843819,0.01707143627534975,0.9299594074380156,-0.2120956882772824,0.6181523243187508,0.5976620450525529,-0.48482525920189196,-0.9903968595103813,-0.2248261377312304,-0.2936157907001992,-0.9830603573644221,0.3276798617610556,-0.12904616008567113,0.622290006359378,-0.38380634761729954,-0.5678926875215229,0.08274208444853387,pop
5.370518596530367,0.3938515415900439,-2.602410243794748,-2.6043737413573447,-0.1240303175330541,-1.151435323877529,2.296487623694112,-0.887619919576959,-0.16864711116641412,1.280921151285804,-0.4342624806174372,-0.7329510824931591,-0.39440292280399786,1.3443766504830734,2.0742230404875075,1.626417020276095,1.3966529801169614,-0.22576282934629838,-0.9152938043056843,0.3729981899328813,1.2570108332204746,-0.02385822443144782,0.7696161078492386,-1.6168309941542731,-0.04184728699268962,1.4113313265379048,0.779892664014169,-0.04620735733598253,0.32671486099877706,0.2262420094404565,0.34053078597177133,0.7486369033938218,-0.2671105968568319,0.622772713584247,-1.8425506187103073,jazz
-3.281393774134677,-0.9775214708968889,-1.8272352900336797,0.7866693601837966,0.9666382524894044,-1.7801657640935573,0.14253075308131036,-0.5120355031265978,0.413954492602795,0.16422116239785756,1.341203254826857,-0.13830290928352382,-0.6410417697896841,-0.27692145625730213,-0.058005187056288245,0.620862856129377,-0.6872132307450118,-0.278289527491103,0.9436669878576921,-0.7928199156327863,0.1366957370264081,0.13621177796763395,-0.14616265649112525,-0.12118173311527507,0.08125023420374752,-0.2101056912508633,0.07451592425893697,-0.3339922426646187,-0.1592326438784704,0.7649524903136018,0.3665278376943291,-0.3423087248209959,0.5373491087558357,-0.25751956708980406,0.046204065330998634,disco
-3.6228118244344607,0.5528692545522413,3.3023990462760295,-0.7903214180147423,-0.4078642555193022,-0.009371143420862557,-0.2457501511310147,-0.5657529462955874,-1.0022735562916316,-1.8320643121314384,-1.577335479838964,0.09914287077587693,-0.24622466600740472,1.05196643526751,-0.33162223746572783,-1.323737657950463,0.2100786691315971,-1.9189282414272384,0.13375341180316117,-1.3856916031662707,-0.9813311764629857,0.23472926416507184,-1.0507223380544213,0.9274531849343471,1.0787307020563188,0.4031714485081644,-1.2153452370456996,0.18111036185461143,0.462402465360381,0.61850375860404,-0.44491735168054236,0.45569054236742146,0.12330088243053625,0.19951833463813579,-0.3438674324476155,metal
1.7168240645400006,-2.218053455339887,-2.357954610454619,3.19373541030197,-1.0319544491473864,1.0629059006297312,-2.1244084116633957,0.1634433601182359,0.050353469077165605,-0.7931166094363369,-0.7859020194515424,0.4945330116133504,-0.6475639803766644,1.5278252878351686,-0.0918021369010414,0.5430546660506953,-0.5074422352765425,0.34093035575872394,-1.8582376957881672,1.1284658085886385,0.5109500772836723,-0.0033571715230363178,-0.2763937931880391,-0.10290260343905218,0.7878857404008195,-0.08510671873872612,0.5592041223670096,-0.23828584644706216,0.20979943910918694,0.49046434175889947,-1.1255074690949074,-0.3804315283251832,-0.3258548606682859,-0.9368921187589235,0.23576996114629323,rock
3.613604139839382,-0.041932390051757994,-1.2602265724520132,-0.7635366394814876,-0.86661057225873,-0.37304438070439633,1.1379761977365601,-1.8116058082178197,1.1747460977065523,0.8239806321408154,1.3875261477181626,0.624398021830983,0.15703211769131176,-1.2132241248939872,0.4447428234272147,0.6405175483199895,-0.11810588452414202,0.37364234388052925,0.018138248507549973,0.4140532189886789,1.3998229364131596,0.30568079274321047,1.3750382783760557,-0.2178348212535391,0.9469490962270402,0.08509903706767842,-0.44279398047735335,-0.5763560428947965,-0.40507979160333607,-0.027909965667924027,0.4466829585728219,-0.5879888563333876,0.3268579222510851,0.11556059818808612,-0.8070186764377533,country
-4.789679700780556,1.7593132678310057,0.3983085491075433,-1.205739717201652,2.080092429831393,1.2099378107528,2.4057749874374705,0.9738971175467763,1.1285542824741357,-1.7868210673887182,-0.5709062740522036,-1.337322395075942,0.1774569685713781,1.1264394454653957,-0.25973640198890496,-0.03283305303309557,-0.6205426993834067,1.1262949620966094,-0.43035164162700307,-0.9265570263114534,-0.20412445371489055,-0.3717100689332924,0.525714915667199,-0.2083239310731991,0.514975847599997,-0.2293681723417601,0.08877542837532706,0.7419210194219742,0.5506827522529297,-0.13122871791203486,0.1796110813314154,-0.12149829816689531,-0.03908114561862353,0.02998565201190491,0.23892668097006645,metal
-1.2196370052042422,1.4633967065931925,2.6473008746242983,-0.1561417078257323,-0.5452480225803757,0.15166246802858688,-0.9230927505112386,0.8654236533866152,1.055605079085593,-0.9267263685707492,-0.5918541059113702,1.246094606828042,-0.893297017210305,0.46764754201124065,-0.973811199281682,0.7279576846625865,0.29241482992224294,-0.019011771244395303,-0.3908820444368914,0.14084783131588832,0.05949718618714916,0.7283119095534715,-0.3783863485670024,0.3904611631392475,-0.7084112921062514,-0.9502319962405928,0.19732439864089021,0.3443145593972847,1.0447956341241311,0.27641736161261504,0.691306534593014,0.48883269528512857,0.31947718974050926,0.3577988833806867,-0.643779245483971,rock
-5.536708323298554,6.772031985189586,-0.7794369878154501,0.2659181552609021,-0.20482573066972848,0.32201975557229723,-0.24017077279862514,-1.7282316811557452,0.12208509159162197,1.1710994958043697,0.1482179490923329,-0.97250848501109,-0.49305247029625227,-0.964645105152498,0.41995905799510364,-0.6464804038909601,-0.3737026434992594,-0.11694613079983636,0.23472096899975917,-0.013279936737888532,0.11805598172015828,-0.2632899154113063,-0.16541150394223694,-0.41219814240771274,-0.23149987315466541,-0.9121840638734748,0.6324173260336213,0.04589810941927972,0.4013727107678442,0.3377790061199406,0.016110024101689092,0.57124591606088,0.40258854367209396,0.15879082938927933,-0.10789768200007042,metal
-0.8971187667512568,-3.4207133943595074,0.1887001870720672,-0.9404847146606791,-0.4738095353875723,1.2028337412254178,-0.5272035634577623,1.1140853855481858,1.380331771340531,1.646095201344284,-0.10123432265779017,-0.6470648309239,-0.5355959672512748,-1.356637126841729,-0.6330749449683407,-0.5940162342628741,0.7763912528873135,-0.21672722803825784,-0.22644270042161765,-0.0014033227811894237,-1.1439836709780575,-0.2304282003233803,0.267893374515495,0.06245312281457516,0.5565429116040257,-1.267835675284778,0.41859902548158934,0.1688470261843929,-0.2168257596542509,-0.17159839442153094,0.48156840028547093,0.7309208341098206,0.04557120100151231,-0.06792670286021346,-0.2676362516635964,hiphop
4.616991677595815,1.3722156116213151,-1.5334662333889966,1.3079721781817732,0.4527991078575037,-1.3111559451811183,0.8151401345729785,-2.7277637452702774,-0.020538240102446727,1.4237346571175113,-0.3931728043541993,-0.051402748129910115,-0.41319401366556713,-0.08395458768549356,0.6789082352048951,0.31740255822832286,1.0015044536602284,1.5300320771161118,0.5791459319161616,-1.2456166695839026,-1.6300955983443217,0.10750914425380383,-0.7767377176994148,0.05128433704309556,-0.7816777698845342,-0.043222298597355914,-0.5340144069579199,0.7633237746449,-0.44463823872090064,0.9703527419676024,-0.8979998801432247,-0.5850397759509224,0.3672509767940367,0.1827155678797259,-0.3508565372152007,classical
1.8415198069682746,-3.8844972348200932,-0.6376296948250133,1.2891321610401465,-1.0109056391827864,-0.3385348347252608,-0.507284205857085,-1.1052191866463115,0.668193358026885,-0.6866363673767761,0.13290767667092068,-1.1309028312159284,0.6995366073243544,1.469892861119111,1.8169612606237164,-0.17773573762782965,-0.17856386607799205,-0.5590595218393614,-0.5235504476895279,-0.06995114962907796,0.7298646626441804,1.203376101226949,0.31464182301396915,-1.3985436288262039,-0.5272584699745246,-0.14735908136338596,-0.17617369202555655,-0.6980263559278398,0.2924392692613665,-1.4590789046463977,-0.15377396724093353,-0.4571893992961813,-0.06886731944917113,-0.22203153454481636,-0.4083540029076951,pop
7.2671265843289135,2.5877499156689803,-1.5519632831526393,-0.6592219139301062,1.5355050995884194,-0.8360437741666469,1.2745899647876318,1.6733850732116058,-2.6566514921670357,2.5796681092990448,-1.1158556000206121,0.2755999868685738,-0.7163414547199612,2.25030583058862,-2.312156012703812,0.6193593802792343,1.0884521546766086,-0.41241312498868476,0.8044590213939905,1.0957588255670123,-0.2709540845696089,1.2764872443936415,-0.3121228111987304,-1.5345413993603556,-0.4830255015869711,-1.2102653782848387,1.3194267546318301,0.26424692480696016,-0.21283791824856615,-0.33168776208777234,0.7382866576929332,0.6809048295342559,-0.2364608057437467,0.3514669311985104,-0.0822856451413977,classical
0.9819280030623437,-2.221799098247084,-2.5479360686317643,0.7832862756388177,-1.0964596173825767,-0.02790140061299794,-1.5323112189860748,1.1818500760458115,-2.790795768339148,-1.2822901239180373,-1.5892020728455005,0.5190527130257956,-0.8202076813060312,-0.18270163981370768,-0.15313068032025348,0.45161729712649606,-0.9255746154737703,1.2239927792493037,-1.0949025562567527,-0.6532069378666427,0.027263662229202203,-1.0986229381133898,0.8405406935511024,-0.5562872389234712,-0.5894419444157561,0.4766101401150989,-0.17584759574428271,1.0578832918935532,0.17069204472627716,0.4672254296375873,-0.5494603974039083,0.2343636465455297,-0.2506562074951583,-0.4519364081297317,-0.2140037543769665,rock
-2.7135282974012727,2.014362501014397,2.8160717126523163,0.814043031078862,-0.013922697090086896,-0.3062755046253656,0.37942442910070395,-0.1168430752730003,0.23992241231025313,-0.6083054673562496,0.8458333935970382,0.11954047731106625,0.2212625115164215,0.09219038298429719,0.06547892501949523,0.1943814792768957,0.04514715103676173,0.3544256339919881,0.16332982566421111,-0.19647226415056046,-0.8144585724356543,0.1950991797789356,-1.5027908047496732,-0.4941584270442261,0.00426381874075011,1.3118616561618897,-0.16008167115834693,0.35436896743132973,0.6057045519023185,0.08496844521836502,-0.28767099392792816,0.7161485848789255,0.3421935211944617,0.22444773450845246,-0.18523526202111149,disco
0.31466799086869923,-4.927560257038571,0.26687465725435355,-0.1954643632477275,-0.3001055376181027,-1.212886815368251,-0.16636293585402603,-1.1098091625552,-0.6379333070470801,-0.6960680076799426,-0.0175281403871566,1.6934833327981864,-0.24680278695585095,0.3121371352831732,-0.36763682049550844,0.021104516327330694,-0.48774160246259823,0.4598393869149566,-0.020888142386098877,1.0986067969381967,0.3189738081292716,0.008748850927636043,-0.5138952474973763,0.25274312532839943,0.18156906170740217,0.4579515216368916,-0.5659254631223422,0.5575138279271135,-0.3640432098818782,-0.9646643019741117,0.4985388150050264,-0.597121434852789,0.3046745163009611,0.8813990616534307,-0.5585722305004017,reggae
-3.014678294651303,3.6537433494694493,1.175066082576932,0.8148598118801218,-0.08848828147046163,-1.0892371945975077,0.39238890132380716,0.4282898722774241,-0.945874390930303,-0.43878627008089394,-0.47791738199537853,1.1104361803219174,-0.7418028854377381,0.09402066846623175,0.0738583198401138,0.7122030501082883,1.383910628101168,-0.3628874138593038,0.19796065136055233,0.0070585581832293,-0.4835316309954978,-0.10918375063959726,-0.8265489496992698,-0.04370421284408726,-0.4442753793120332,0.7241183689703847,-0.3526198696276445,-0.7492777755042938,-0.6387827237631876,-0.14103971152662187,-0.1869068921760115,0.6145857919340779,-0.5360842431735451,0.07947436056030034,-0.5477113358929341,disco
-4.125445686122191,-0.23734101757651063,-4.309081085898763,1.7408180161140612,-0.5029240836590849,-0.8513065115368059,-1.406570959111777,-2.124284082159692,0.30117901943858455,-0.23389100268748464,0.013192245930955563,0.544811787388767,-0.11106441987660937,-1.1910237449175656,-0.6155483666055207,0.096531505507932,-0.34129701239977156,0.8006758756256269,0.5170079528608172,0.2566007101257939,-0.21327355819649269,-0.36867678117703667,0.2065797060229612,0.49678449172175404,-0.15887034023723867,-0.6556588549404635,0.06589441578296175,0.4824996627389421,-0.4592970506676761,1.2373161121705736,-0.49296526961968234,0.5316464642190359,0.705436334342981,-0.09803011805853688,-0.3614278667625978,rock
-0.8904147974608158,1.7005412693564128,0.8809862361924863,-1.755102475168316,-0.17501381462597435,-0.27664064768506536,-0.44765608240047466,-0.7048294218488009,0.6578152270397739,-0.641892579282208,-1.773385168052375,0.48927349110847396,0.4579584527228479,0.42494413079839505,0.8833477262355764,1.0123935720999209,-1.2981301097641724,0.28230619818840474,0.005169749488443417,-0.23479522537968953,0.42469557017317017,0.01330617835671476,-0.9482175561834959,0.09378385754356691,-0.5490333012521315,-0.3112975161470005,-0.24983523012185507,0.8953300451125207,0.2153713983004085,0.21222285790745948,-0.1438788909266144,0.3686054802522962,0.73790853697534,-0.0868675348025782,-0.36723322665270886,disco
-1.668381397665433,-2.969226316943724,-1.8175854929458433,1.0852928130785187,0.44746181830538323,1.5917838656902445,-1.5269723953029044,-2.074848283261788,0.6453665015549462,-0.34926624673065176,1.284462381996111,-1.8348396721109101,0.7716766500871595,-1.1336239316243693,-0.687418554478947,-0.703470899257273,-0.026362651210234594,0.619793198985191,-1.0342325238462062,-0.33943207873753317,-0.57298229196647,0.6255372149159647,0.26921264709172443,0.3206398368307847,-1.0298653143350558,0.9691098459114393,0.22129630852719862,0.08039752548627128,-0.9364232006012032,0.3956235116284746,-0.09060350354451067,0.8615002094207516,-0.8041266985475749,-0.8583709708511108,-0.20825999867184752,disco
5.77575549590271,3.8524971572897995,-0.6082406186673173,2.0874606453397564,4.675422020488996,-0.8624942895106391,0.9310620570688124,-1.2367763119375013,-0.11452003990233062,-3.702844389281023,0.3960710827962677,-0.9317451063589323,0.5435513793018939,0.4001151773926659,-0.6799006394367082,-0.36557968117664846,2.146899515292595,1.8876479580081043,-0.7670675971718033,0.5753493053716491,-0.020996051347254366,-0.7454688113961155,-0.913895558545863,-0.3405222148852658,1.4988339505073547,0.4840576826491472,-0.1243648798456392,-1.575066602514084,-0.5534708719725019,0.6549322088293872,1.2611569063303452,0.8979745479537029,-0.2423649659062745,0.6445313583046649,0.23598962405479218,classical
-3.150361729395157,3.908713792247898,0.5232413395186745,-0.48106643790508186,-0.45157306549903264,1.7122515524382378,0.16372936470346888,2.0059646520105074,0.37621784809539804,-1.3695992550256426,-1.625722097603518,1.0555944423504169,-0.04210924228408078,0.1493152881612267,-0.5198394051248085,0.805933779622006,-1.5794562774820962,-0.3573961778485617,-0.6530886718228966,-0.07316062355817256,0.24587773732444587,0.6039446446801019,-0.31922116603790274,1.3902643136395398,-1.0112535480725495,-0.5538825668284337,0.6399254801316286,-0.6453551990938245,0.1949324908440348,0.7528957140801974,-0.3884322227575096,1.5622894131645402,0.028938159531493698,0.6961212977200018,-0.4630739215194407,blues
-4.047183887734576,3.0305203531474914,0.9322794863038346,1.2895115698493629,1.4322722962367427,-0.40984433562437694,1.6248996201739188,1.1758030859696356,0.395738390181667,-0.13512502334422866,0.16230276638924865,-0.2916423942867824,-0.8677609145117586,-1.0062379835127846,0.5492134914248402,0.4736703152133408,0.10111118491843735,0.06161202565355308,-0.2289438563865881,-0.514982499802249,0.24992327002021505,-0.19626267243883294,0.6583173861104888,-0.3329858888156509,0.10183459847744586,-0.537954039126043,0.39550976558394496,0.41308367951540914,0.5934667365198036,-0.4633751770102413,0.7090672066131382,0.5688821952706666,0.3439538981559668,0.05825083608224404,0.058535488276415096,metal
-6.038987273261534,2.8928939987833746,1.644082058010592,-1.0158694077951034,0.584218382211987,-0.4684232819180768,-0.09669431341582423,-1.000670509531492,0.5536657822105556,-0.7830490808072503,-0.5721485459233625,-0.18963946286774166,0.02872932166205697,0.4708472764182765,-0.5097145881790622,0.35152808765391835,-0.056609577669522064,0.0424517092427252,0.9762422359401068,0.7650720417677284,0.39677152363403,0.4732485630836432,-0.28098796046842156,0.592151865369658,-0.8687001742619529,0.5809292076883394,0.2883818217692035,-0.16493481532478785,-0.5396882365203156,0.35234858979266304,0.21206164583057177,-0.1515209273053238,0.17691218575250076,-0.2942406928590975,-0.07511324125194865,hiphop
-0.499643589225801,-0.8373698206527309,-2.8500861766036407,2.037027259969711,0.4234927491217829,-0.2777422849099012,-0.15568042828775958,1.080466084162712,0.6346134368276061,0.7340236140703528,1.124564280973922,1.7607361924468432,0.6089576273024939,-0.479937476273211,-0.8076550545596226,0.09655967961868156,-1.0104990814738133,-0.012128324785504328,-0.2709762171633951,-0.2975634325720599,0.5399940796261082,0.05955748108662306,-0.43072262652843535,0.7501576040656056,0.5381172818391528,-0.345911831161153,0.060702438446248196,-0.16365262902075287,0.5277275171718087,0.7395595053507636,-0.008380186715671315,-0.14100880197145443,0.28443069543180965,-0.2595556340318534,0.4099973822622318,jazz
5.0126461366044905,-2.544759216221409,2.6233324614977103,-1.6939852899939287,2.072900803903364,1.9708758827738435,-0.2000792600301694,-1.6814741101940642,1.890300195367381,-0.6095366147461558,0.37326021807637866,-0.3763296591916754,-0.7828915580683147,-0.7995482531289659,-0.6821987612070266,-0.2442655410300981,0.38781664176216274,0.8264493593250472,1.9570227668998712,-0.7925650759841215,-0.9825522903531397,0.3952393129730539,1.406923167756475,0.2778877494610655,-0.5792726966205588,0.6565488132229957,-0.7002051184389834,0.1216676897362814,-1.1125219921131282,-0.30688977029369036,0.24533201580174108,0.8363085649525086,-0.22134150980023828,-0.7411052202218099,0.1561868196721402,blues
-4.566271826873933,2.0639215847771246,2.705435933652682,0.8158423075245339,1.3989879139827497,-0.8125034207653647,1.3611184724589092,0.02941331751650776,-1.5310656390727102,-0.4051506948218717,-0.6113471596137361,1.42895355428176,0.22958180240389436,0.2900042330250957,-1.961017165752182,-0.5968821732191365,-0.3304528361837296,0.1138585070910206,1.1617279860499108,-0.8903073741621824,1.173236970587549,-0.9083507773544554,-0.009559352893410415,0.9171461017039827,0.2623177828443423,0.2738204904060458,0.1036353216410495,0.508808419183386,-0.41448997173572544,-0.15309525204369692,0.23551567378885613,-0.6159140277532865,-0.5813591517695762,-0.7015251508494454,-0.4078295535774192,metal
1.202948547354533,0.6550213859969845,2.3011664964765353,-0.1414880382567281,-0.05542810040303722,-0.5034164958451098,-0.9102928271779842,0.1607243128322289,0.23761382945614398,-0.8069722040936408,0.4302456046305803,-0.08392590844628087,-1.844552915403119,-0.9867635653643264,-0.053490295103617504,-0.3662328392667945,0.07920187558527035,0.5058660263723436,-0.20312515166249598,-1.2950462125027553,0.004994748557743813,-1.4914738569333852,-0.5413421966449816,-1.2963272764015683,-0.05202063873437092,-0.6017652210716804,1.0864386633344756,-0.5705874493507397,-0.9483104581953178,0.005176080381725197,-0.2753444325801595,0.13024703426031442,-0.4900831361540155,-0.12602319999319836,-0.08852799821906346,rock
-2.8042496636563587,-3.3109064635362113,-1.8636121577246845,-0.18424567055070992,-1.4411946088272345,-0.3809461788250834,-0.7609737740842062,0.046761577947513226,-1.2432501788389823,0.6003727488669826,0.3826947053863465,0.4637306787538081,0.15809797287642544,0.26565766438715516,-0.0022338400460231505,-0.4908058573042565,1.5236093444128407,-0.2853736462506353,-0.5004250476232288,0.24577398232067474,-0.347324323455698,0.028319228599151102,0.3407822863512432,-0.3060658868310382,0.8052020295806019,0.7208269299355327,0.9048401154408762,-0.8993234813973392,-0.12927541840106313,-1.2925267336212487,-0.17233791738216775,0.1452285867107422,0.09873857993412095,0.3422285248185515,0.31759595010506037,disco
4.906458350325909,2.8125368579047216,-1.019751860983475,-0.8651319814126197,-1.0525270267738536,1.6247958296850296,-2.4842222331619177,-0.22900774961248188,-0.32821458238494605,0.8086143008369283,0.2735586210694491,0.8225934701659889,-0.4871112107657991,-0.9722640825667688,0.39219417934176104,-1.5374353088724613,-0.26063869387865873,-0.2868121471478114,-0.3339080569461164,0.11882223797362207,-0.23114524981551487,-0.3396000582047393,-1.3972183408208017,0.17149468505106163,-0.36242887338452834,-0.009824153275935868,0.7515315329995582,0.5480768258583588,0.3782405028608052,0.4120563299620691,0.35483483340547833,-0.06703719444294898,-0.5728138114197419,0.6803020316575394,-0.35646232076992074,jazz
-3.2264685206431283,-1.5144761135832316,-2.8258923117235195,-3.285329623790624,0.7107170964528614,0.6317328020132398,-2.018929515803516,-0.8290662753158765,0.938688500644225,-0.2713722138451745,1.7812757535656285,1.2326749178270848,0.659995495979879,-1.1633190912253673,0.7760180578513798,0.5327235382489977,0.18867734783539827,0.40549089571455454,0.19772598304205205,0.5751377690452026,0.13479282387173927,-0.12048215608417603,-0.14750592450236924,-0.6014939708940313,-0.059488556458229064,0.07238879445423418,-0.11608407376964747,-0.25203804246829914,0.34554067339871086,0.4204702835138041,0.8902650777466035,0.4097806753145622,-0.3238840565571429,-0.3183232456067226,0.17373991141225065,reggae
-1.8822471450499219,0.12095244441417898,3.5293408578779104,0.4466049374405986,-0.24498163644257348,0.5807912767524919,-1.5509529032402873,0.2704687498428668,-0.37655206646461464,-0.29662073735287414,-0.19170008078384596,0.5288049786631513,0.8009213450550661,1.2920942026920796,0.49502645147352364,-1.4019017118382782,-0.6912125885808653,-0.34179833923552333,-0.3650803634418713,0.6729059893311242,-0.148423953734497,0.7610156339251359,0.5860178520844216,0.6034959990849963,-0.22595773038520328,-0.4065204655368999,0.5685429560749619,-0.775382308121937,0.8235004685300521,-0.324763731375998,0.3435208355286394,-0.9502108623620793,-0.05121570139241748,-0.4384316119672618,-0.6252642552023456,disco
-1.926515604970768,-4.828535365827779,0.233169063883124,2.6973632604291367,1.320396617620328,-1.0310543118927171,-1.4542305210865176,-0.5828207260415191,-0.2712311158839448,-0.08675552265829646,0.931650615616005,-0.3799791743080621,0.0764145286657526,-0.44223398202247105,-0.5808806327778958,-0.7831173826878435,-0.6686135895817977,0.3790680025336246,-1.0271245318149933,0.06010202007610795,-1.0339653137163887,0.18642092319107342,-0.6827382080170672,-0.8410867827033166,0.19478090326509515,0.39616638721265335,0.0685488096124823,-0.1251663793424243,0.286825938049642,1.0368843175225375,0.2660696530980926,0.5805563918187838,0.8444858720063241,-0.32081254103565204,-0.10176740710576973,pop
-2.8205805878333234,0.4988175675028301,-6.209804084318401,-6.995938095068602,2.0111290281365237,-1.3242564076185703,-2.314407834541402,0.7294648258153347,-2.666220727008426,1.4125749628739286,0.6224330333622243,1.5403221283796071,0.20599166719355716,0.06360120308675973,-1.849687437298517,-0.8067103948956948,-0.6060808502326223,-0.22681720882912085,0.25980096890780735,0.17041620134655167,0.9686105265762855,0.1490604749276971,-0.15251387996354496,-1.2453865594651412,0.31871927787134197,0.19631815827194152,0.01263539062297031,-0.18075358278272355,-0.192985602370557,-1.7560459950754232,-0.2908552499545154,0.1311605866057755,0.6326452255815749,-0.6237232864408855,0.272204480429651,jazz
-2.494892546905158,-5.868134513974933,1.2760037810500593,-2.5833234835767054,3.196961089938764,0.776138929455482,0.36039817217463177,-0.11530215088549642,1.045459931738909,-0.14177056820590264,-0.593306601941164,-0.6675318088037473,0.03618781927815877,0.966063909209097,0.3594018182303433,1.0894115637623052,-0.13325384974848062,-0.23341893711921877,1.0014121624769297,-0.7071777220671923,0.37642883919564296,0.6621008136024945,-0.839646274587867,0.6295559723368387,-0.2678891481693894,0.5031868740475602,-0.4024991463075227,0.5212625751305127,-0.5153247661066946,-0.1822130200458821,0.1321569967253689,-0.08527952372993686,-0.38023023865168404,-0.3293148608390717,1.6896190369150792,reggae
-3.4112599613320445,5.164286357305921,-0.3307842329547318,0.6756475238575181,-1.8173637383299066,0.5605755992622095,0.26657450547328193,0.1436221286994827,1.6943725250984638,-1.4551596094778234,-1.2648254155039538,1.8240484531272647,0.6561714949444597,1.0401517453143483,-1.4731101083027014,1.3518019123066143,-0.1426086434934663,-0.6900422638630469,-0.21067117277088618,0.45811456747212553,-0.7075541463923856,-0.9673885220553744,0.05951572008702245,-0.3875283299102281,0.15804321676788316,-0.9316170851058696,-0.3671677373643941,0.5087734884626052,-0.4488941873688415,-0.7477641281261734,0.6104226029069093,0.28196802120845793,0.11868494249957938,-0.31443894065321876,-0.5583040289863234,metal
1.4802793590682137,3.4343225220396834,-0.3015238785413135,-1.2787661887433566,0.9269341168096786,-0.1904855146723542,-0.9707434489984326,0.6245896405633033,-1.2583803502893531,-0.8742731636422431,0.45983179052161904,0.84104495883561,-0.21962012189035274,0.8529265836329076,-1.0823610643059889,-0.11571779023812191,-0.7526494197689039,-0.6299073890244581,-0.1564459960468049,-0.7648788456133848,0.09043884528782685,0.41922349542022735,0.43470093808532073,-0.04308062031152883,1.141755673281799,0.1668410905929455,-1.2031343972148896,-0.1752495374086308,0.31082306451030783,-0.7367354404446771,0.2524299876862066,0.065194448183771,-0.09809208174520397,-0.728229229750651,-0.010950112509985104,jazz
-4.55716112557953,2.6125055206732837,2.6194785505577447,1.5337900369093302,0.32899534508429884,1.3880071460785828,1.9316311005130713,-0.8049996662008925,0.5417846488177612,1.9214318999134916,0.6897788041488813,-0.9084880901776284,0.07108738146429118,-0.8710370034554061,-0.13692521471409438,0.8104837891741457,0.22723882973249254,-0.21267833035147535,-0.21348140347289174,0.15186516360651806,0.2127570266924772,-0.206357768288654,-0.7907195048070439,-0.18147399209021284,-0.4342920161340894,-1.0619596042700592,-0.18107871820347315,0.07364509436214604,-0.720606164675496,0.8311500122712931,0.16804734721026152,-0.9590203927867268,0.493209313939745,-1.2057290753733383,-0.23393876600019836,metal
-2.238141115986049,-1.8248661613115995,-3.4671776285380567,1.635144654428264,0.699505891069852,-0.7933064261545578,-0.42171690455457184,0.4287140467690237,-2.0926555345600764,-0.9874709430164876,0.5283415588341758,-0.7304909236974008,0.0373028879182376,-0.5684329334736787,-0.4389230332890297,-1.3996766216535343,0.5139631016537348,-1.2937406314239865,0.4696332179263453,0.2014952200445294,-0.35326380111259864,-0.900638816754842,1.1175671360137482,-0.7905529006329669,-0.2744374087490635,0.5094089161137533,-0.07109812671030757,0.25378506819623453,0.21786834882491182,0.48603048175122626,0.44669753209064894,-0.11029725265507558,0.4146184238880433,-0.17118625824233585,0.05899862672841466,country
2.511202281266911,0.3105728781441957,3.002362876677705,0.8745625098147126,-1.2253296105942926,-0.5562993967402161,0.5093402205069624,1.317027599431175,0.49927668088603555,0.6957859232360409,2.4777642567774074,1.0557095850830578,0.2839080122948687,-0.4043477401700489,-0.4589523895816457,-0.03162229919557553,0.7118999651185308,0.907147775198411,0.5694829405478563,1.8612081435389802,-0.41721590457621255,0.7766851475824199,0.7414033164913849,-0.6362695865076043,-0.5454007624297961,0.15856989932389015,0.3133817243195945,1.1095389249524985,-0.07772335917017709,-0.9577549310167791,0.703114919494135,0.06463348282480459,0.6778824346157559,0.5926373252994469,-0.17092067572795344,country
3.2909923809261055,0.06825731392878556,3.202556815739117,1.934951635669289,-0.6515804411536837,1.1867627515737171,-0.8349594360981825,0.39524577814607526,-2.2081442542196816,-1.4034051153755194,0.023698763786432122,0.2697764958552953,-0.9443898494346338,-1.5250820750512284,-0.645455630053673,1.0245791410813463,0.8218995004087442,0.9406957537178058,0.8116639572701392,-0.02022651530755098,2.513093346475101,1.1125264429682677,-0.38161573994315867,-1.133585880500724,0.5545655999048148,0.6215173805077608,-0.015981037265398967,0.5689020710856203,-0.8606960346813955,-0.013934575185034317,-0.236700235123147,0.6868885399803899,1.2589383240346086,-0.34557847742720477,0.6169460471308494,disco
-4.399936934398284,-5.275526217107307,-0.7783940769428721,2.0608661536002026,1.022057317165859,0.2048622940071041,-1.075317471232537,-1.023978076187118,-1.06357605713314,-0.6517717027071334,-0.8622299809996171,0.04935524353987586,-0.1582512897162245,-0.24578459231867042,0.7128572212267783,-0.27946835651325763,-0.882768040142319,0.22103594078725516,0.4425047054454693,0.3594507721645789,-0.4335848738740768,-0.19703076542760545,0.37546523548337807,-0.5863007256993604,-0.13862386916051342,-0.045370624397801845,0.13617334219102922,0.06825470745111292,0.13908930084831256,0.6875895445056274,-0.7511146335592657,-0.9801781957344042,1.0372278614389017,0.27633289787783905,-0.107158533212695,pop
6.515183761415407,2.7130172681153923,-4.828570096817822,-0.2461565299635934,-2.3512113057160087,-2.530691728096227,0.4416327838763466,0.32479406514544085,-0.019331467287314174,-0.8452361071370067,0.7096550716129543,-1.2376426692078375,2.7948606796902054,1.0189784220390115,0.6872253526990892,1.5221737546211305,1.5201166796470618,0.0004199887362165514,2.3264590348445866,0.1956983996803881,1.122453603144639,0.7884810661407744,-0.3188892661976867,1.4599511466358464,-0.12002282629535954,0.5581533817419517,-1.393830503237256,-1.1413319649970888,1.8068805571093038,-0.2593370976386464,-0.6267644265223523,0.258050752104275,-1.7225512047324951,-0.9528431126571976,0.44205650492008236,classical
-3.3655270115331937,-0.7166134841867834,-3.6647049427799834,1.1094427150967023,-0.1289448085854131,0.22491576725690277,2.4099104072635296,-0.21861208283155928,0.37609730978051714,-0.49030530686813906,-0.9874855235500841,-0.23390315403427173,-0.29970764029560537,-0.7579322700932133,0.47649080816593326,-0.37481599443170055,-0.48989349281744166,-0.6555938260037408,0.1899807652779715,-0.05812141117012883,0.5412977299097801,0.3359998556129576,-0.2777973483520398,0.9587829652472702,-0.26125406813538776,0.35963400101530313,0.3885402913188722,-0.5853044166841309,-0.49462427053748315,0.6905178479307,-0.09107035699652952,0.10022235026723746,-0.9586873298964717,0.7592928982948502,0.7227719419585965,pop
3.3705266068181876,5.355481533517574,-0.08728693267830273,1.3529199616582872,2.313323193112049,-2.2701073710986917,-3.649895611676951,1.013426943119601,0.9116442949967574,-1.0012171576594826,-0.16580699228954382,-0.34526709987967347,-0.15462285121746105,1.4221135622733267,0.28827907828894667,-0.46985867582058954,-0.3106585329520068,-0.23056788393248598,0.5036280602582547,2.1305729738977384,0.3786525514446223,-0.3457557594595765,-0.8000487027985259,-0.9720455322524753,-0.7221297714968883,0.046622854003294585,-0.30022373509519423,0.5795496795993432,0.34608363585581653,-0.049201904852120316,0.0673070767222199,-0.32563313259915344,1.1967917229233063,-0.577427699917486,1.0468525680708032,classical
-3.104936429954405,6.23593936194344,-0.4716210404675279,1.2301107478952826,-0.21145651295819104,1.9876080735666612,1.4654437577502213,0.310530250422122,-0.172495817088075,0.7917779245705627,-0.5785117422795514,-0.853705942911333,0.417735570597128,-0.8553409690219725,-0.3149698051802808,-1.3044623592323883,-0.10825336580840832,0.16270956103104933,-0.7674681065644315,1.1653348566533812,0.8495237114598535,1.2100398989828056,0.8984598434469502,0.9370821649030807,0.759399743792818,1.000391754455172,-0.5775189758033604,-0.4942716973113591,-0.31463074664265483,-0.07350248077850306,1.046651348133248,-0.8580555645178793,0.3502952305583344,0.72325383180709,-0.3097729573095427,rock
-4.083869946329325,-0.6591643874257184,-1.9647561327557046,2.413684239156397,0.25016148324632514,-1.6858342346396458,-0.9074380840745904,-0.6278641658488063,0.08551781148040065,0.08946146175533538,-1.1477803445315717,0.16155395431042682,-0.07434923627315686,0.13978597911086432,-0.8675841667431741,0.9968638533219064,-0.6658238523495256,-0.6078913939433672,0.7102601816577494,0.15036617570471003,-0.4671987201958667,0.011348616534180483,0.5695385027817806,-0.2161300484248918,-0.32794718996569583,-0.024466965663461713,0.1432209819721894,-0.34063695981313574,0.05656794077401552,-0.6790252311455085,-0.6232766922235247,0.02003714043676018,0.3872401032818989,-0.29538758114836705,-0.9745549900003982,metal
-4.99876781307295,2.256965585881989,1.4619701202267052,-1.0737946610237312,1.7929673946908566,0.9707545819112489,0.04455699643910211,-1.1538289245528517,-0.2965138058463022,-0.521142616027816,-0.3285009566623204,1.5540669471669133,1.9985677883922304,-0.4799427650742611,-0.8815508037890251,-0.4349720249667701,0.29782433277006315,1.3437301786102243,-0.9627225813275732,0.7022569903850021,-0.09539588340613894,-1.309380594488584,0.4094406165824088,-0.18217006742783282,0.7231565595566473,0.4312929199356225,-0.3090940327981476,-0.8686875617386117,0.09951951510853638,0.1529923229707103,-0.14036619156467062,0.3750485500491403,0.19763357975821774,-0.04461653852184966,0.5212621888758826,hiphop
-3.3959298451421054,-1.4328349566209309,-3.668277428165056,-0.30419973179934223,-0.9956216332907261,-0.9284880072926357,0.7897279938532024,0.6270850793625713,-1.9170350135781122,1.0687525704488454,0.4575947559790487,-0.9329016905251767,0.5193599153268647,0.26516398352305925,0.1999729397251331,-1.4479633531087182,0.5305491938405815,-1.2604220155966444,-0.6066475454977112,0.49807544552576316,0.4818635600900959,-0.30191356314944523,0.8151913840813406,0.6606263913247948,0.7959890533324804,0.34232934011787414,0.2720804657414035,0.8767054524181451,0.5591937691124553,-1.0617133314970106,-1.174010947056104,-0.6182930349927297,0.6353125414516451,0.004507531803356417,0.7181450513957148,rock
-1.3466288062843743,2.085276093223607,2.253257879414308,0.13327095843317938,-1.316107014030041,0.2218074114834857,-0.3277952487008439,0.5217393936668355,1.2244971114147778,-0.436980476900241,1.2559066179296008,-0.07146562630489749,0.3309516899879044,0.593941225804123,1.2858369169172739,0.20652943538449822,-1.0563095287654016,0.5255043365092811,-0.1417873592115795,0.014995366309302623,0.3577343968632747,-0.8773730670050993,0.12610466353923178,-0.6980268113221944,1.1126556022422414,0.9848655780492648,-0.6864552029474846,0.2841005653768931,-0.6371458048351685,-0.4439763339423547,0.688661250645081,0.46201684403067045,-1.2435240425272627,0.6277294631097369,0.5092288941201301,country
2.8848886165035683,1.9804413168521098,0.4919675127206508,-0.6291187943260457,-1.1988725044267825,1.2355619787381382,-0.4609095414384008,0.1300031499407936,-1.0102423948493955,1.5921312927555502,1.4959800879114522,-0.8145148403409157,-0.3513767941912851,-0.11377054008048793,1.2504041921781814,0.27329611801327564,0.4065739615129471,-0.24932011076922206,-0.5374952969914591,-0.1704919996186632,-1.0517978079495525,-0.48630031938148854,-0.7437656796281502,0.4506666349982508,0.024448266139819385,0.15393075974938972,-0.1888353315440059,0.45881019523747324,0.09834428727479763,-0.15873785737212717,0.33909823166138403,-0.8297652116353841,0.30022296336360643,0.6347249098518188,-0.21420955732104846,rock
-2.674289054288042,2.9005918233575545,1.0048947821327368,-1.5040690886290606,-0.30626749238937057,0.14549798602231154,-0.09567408855298411,-1.0468164721250173,1.1619743691002402,1.2038917467788974,1.0223357102942023,-0.5657044658067691,-0.412676735964922,-0.19316948540042145,0.5852143336004214,-0.1420174909347805,-0.6435589495070675,-0.6408123222597356,0.3262070907712991,-0.6895087366772354,-0.9715086450864494,0.43913454802633867,-0.43593418188955346,0.3437680181512396,0.06524017773158597,-0.003611112386909387,0.692484669802991,-0.43577760835641194,-0.09911077176499462,-0.27944611794092294,0.0037122636250711736,-0.02185727722161844,1.1687565937037434,1.3405824464275604,0.6487905106012543,blues
1.3691203795583993,-0.05919321421554763,3.0085651166331853,0.2567209020908488,-0.42157609381378147,1.5688512683786664,-1.0038981964175413,0.49610568211272815,-1.3268922971810542,-0.6368843176824823,-2.0776376632289204,-1.22563363869735,0.19215272371490483,-1.3106424698649615,-0.34394271286490974,2.085387308514628,-0.14476779865639727,-0.2661295368579622,-1.0230646981647995,-0.9351447544158624,0.34648319367565034,0.41309472458888424,0.5355406451291135,-0.4237958513284022,0.3678593076529741,0.189973561917628,0.8250553844512819,0.44663709192635637,-0.1787179646900992,0.24697128234487728,-1.6709937909853303,-0.9373641368972755,-0.34868153765941595,-0.21298399194276849,0.18994509071449062,disco
2.22261127134614,1.3769981481059261,-4.985680124549656,0.9125969201788936,-0.08488897331071532,1.5973773547790289,2.539260740969099,-0.21460881330028647,-0.9170595352054078,-1.7597157547908213,0.37217091368458455,0.23608464005407367,1.9622644692407143,0.10339986518130054,1.8223138923257713,-0.35250980815409977,1.0206302414402162,0.8052537977508194,-1.585244298208354,-0.2328979678823345,0.3849655867584272,-1.387761744059236,-0.915683640275968,0.9116186899327001,-0.15990160054459487,0.05424830436104597,-0.24124414279238052,1.5111078429256208,-0.10678821852213859,-0.17084692874390345,0.4379710677720506,0.3319734316651832,-0.03395996046255098,1.0254782322927822,0.09789223313553001,classical
0.7428802046711104,2.878965073706625,0.540968246375659,0.956552422399734,1.2838609222146935,-0.19034591790825595,0.715243040788725,0.8825281182905111,1.1721012366391121,2.1291469868567976,1.8671355862264931,0.40955534429987966,0.13225409711071098,3.027851859701374,2.532154112253736,0.1045871913238615,0.1065343234905882,0.5680009818782659,0.33487970591114585,0.15086184220543183,0.3318906399761129,0.5046422890787541,0.09638009425718057,0.9263336193526027,-0.7998665145280239,-0.5262386709481532,0.7880380966478319,0.7284443190545108,0.31433876848041536,0.02099696464467312,-0.6929149112561803,0.1582401401708335,0.06286869103444838,0.26364377177141557,-0.14635513254996554,country
5.62737554203527,1.7686747567404433,2.18940408155566,1.1753226972248099,1.0822087102948572,0.6694441286149012,-2.2223559427149473,-2.252668401939633,-1.023359138611091,-1.071227550155962,1.118087954749928,0.23156422101236573,2.302946761357502,-0.627354327424841,0.3607347038026453,-1.3824764751866179,-0.281861846847384,1.427688914002911,-1.2880332918830446,-0.6621041901144317,-0.7386746908049774,-0.5997113091079567,0.6703205934029061,-0.4677580546586017,-0.8517179449791255,1.3867280720077162,-0.7329563057382155,-0.29165189342008496,-0.003908628958612953,-0.6742210396713731,-0.875337710224689,0.4694465864374147,-0.30736705663042624,-0.2723121485623729,0.2434203530361168,jazz
-6.7708368861150126,3.1298497807787378,2.291323127414911,-0.4030238946622511,-0.015474274188960666,-0.6659549428196576,1.5336302812751605,-0.1779343881269744,0.0008468395876159073,-0.776275756799419,-1.0081172157470648,-1.8514113036534152,0.8616680873361543,1.095758540755576,-0.27132475216249324,1.3968921034463313,0.19220058235736373,-0.3245795962934031,0.7233837396147627,1.0051688187573482,0.11845384250376571,-0.7325265164209633,-0.09404501946045074,-0.4838878121543827,-0.16275273963221049,0.6365313721716594,0.3295133353381419,-0.25310547412538836,-0.15789726584133568,-0.07788395512518394,-0.14299612931094102,-0.5608725752031566,0.8655430512113643,0.05167539576553039,-0.28630608248454575,metal
1.195091059548158,-1.805097470058828,4.129872674776858,-1.5878287681350278,-1.7558225714794893,-1.3427483148008748,0.06984836791635365,0.8974773117415764,-0.6809089390058366,-0.1801429706391866,1.1369766561409638,1.4008533798252254,1.0631285088389952,-0.6550547053811984,0.48577164248679966,-1.302522478348692,0.04602541422332669,-0.49397462759523864,-0.8186918265996589,1.2204766794577289,-1.0778105114295133,0.4290074165406079,-0.5250592354294736,-0.8994776414063789,0.09234850342675602,-0.002406114355067131,-0.6719999456668243,0.08013848500946263,-0.7344389545380976,-0.673485062169913,0.26304554584750217,0.011022634178415567,0.32496494987934244,-0.5714470621213805,-1.2489986872058876,reggae
3.3179081435058846,-1.6948032773472317,0.7275455719539807,-0.34127815926914545,-1.9436507939832193,-0.7449435221989726,2.8292158983392164,-0.10209110383034482,0.8401216533596644,-1.057901192424809,-1.7401308545818939,-0.8937900883675884,-0.12322373850112349,-2.091643846579712,-0.34422652757342814,-0.49291302306774765,0.7026206219142322,-0.35826523157606466,1.1217932570910596,0.018302212612081578,-1.3834899299833978,0.1646418337285233,2.04448114898898,0.9924230516354857,-0.21239152959426835,-0.6597552585078272,-0.9663811666184192,-0.030552080071179096,0.2073482440162211,0.08557482516925695,0.21157717552647323,0.26033077822944906,-0.3348635433447302,0.1291381024969888,0.2478611820088922,country
